KEY ÚNICA,Sistema,Char,Status,Worker,Status,Servidor,Mainchar:,Servidor do main:
82b9ed76-6f14-4b73-95ac-db23167127d294,aceitar,Paladino Criptonyano,Concluido,Worker-Aur,Processado,?,?,?
82b9ed76-6f14-4b73-95ac-db23167127d296,aceitar,Sagaz Tankanada,Concluido,Worker-Bellum,Processado,?,?,?
82b9ed76-6f14-4b73-95ac-db23167127d297,aceitar,Melajin,Concluido,Worker-Au,Processado,Auroria,Melandriel,Auroria
82b9ed76-6f14-4b73-95ac-db23167127d298,aceitar,Toka terror,Concluido,Worker-Au,Processado,Auroria,Toka terror,Auroria
82b9ed76-6f14-4b73-95ac-db23167127d299,aceitar,Toka terror bomba,Concluido,Worker-Au,Processado,Auroria,Toka terror,Auroria
82b9ed76-6f14-4b73-95ac-db23167127d300,aceitar,Perfil violento ,Concluido,Worker-Au,Processado,Auroria,Toka terror,Auroria
82b9ed76-6f14-4b73-95ac-db23167127d301,aceitar,War Dancer,Concluido,Worker-Au,Processado,Auroria,Boxxy,Auroria
82b9ed76-6f14-4b73-95ac-db23167127d302,aceitar,Geladoo Dxdisso,Concluido,Worker-Au,Processado,Auroria,Healler Is Back,Tenebrium
82b9ed76-6f14-4b73-95ac-db23167127d303,aceitar,Lord Puffy,Concluido,Worker-Au,Processado,Auroria,Zoe Fry,Auroria
82b9ed76-6f14-4b73-95ac-db23167127d304,aceitar,Tiao du Gas,Concluido,Worker-Au,Processado,Auroria,Donkas Murro,Vesperia
82b9ed76-6f14-4b73-95ac-db23167127d305,aceitar,Iistorwo,Concluido,Worker-Au,Processado,Auroria,istorwo,Vesperia
82b9ed76-6f14-4b73-95ac-db23167127d306,invite,Zika Prime,Concluido,Worker-Bellum,Processado,Auroria,Liink,Vesperia
82b9ed76-6f14-4b73-95ac-db23167127d307,invite,Nosapatinho,Concluido,Worker-Auroria,Processado,Auroria,Vidaalz Tacafrecha,Vesperia
82b9ed76-6f14-4b73-95ac-db23167127d308,aceitar,Sra safada,Concluido,Worker-Au,Processado,Auroria,Er Rafazs,Vesperia
82b9ed76-6f14-4b73-95ac-db23167127d309,aceitar,DRUID HARDCORE ,Concluido,Worker-Au,Processado,Auroria,Heweliusz ,Vesperia
82b9ed76-6f14-4b73-95ac-db23167127d310,aceitar,Qtzflorasteiro,Concluido,Worker-Aur,Processado,Auroria,MAKERS PARA SER ACEITOS NOS SEGUINTES MUNDOS. - Google Planilhas,Bellum
82b9ed76-6f14-4b73-95ac-db23167127d311,aceitar,billyzito Bombita,Concluido,Worker-Aur,Processado,Auroria,MAKERS PARA SER ACEITOS NOS SEGUINTES MUNDOS. - Google Planilhas,Bellum
82b9ed76-6f14-4b73-95ac-db23167127d312,aceitar,Nahoa,Concluido,Worker-Aur,Processado,Auroria,MAKERS PARA SER ACEITOS NOS SEGUINTES MUNDOS. - Google Planilhas,Bellum
82b9ed76-6f14-4b73-95ac-db23167127d313,aceitar,Galata Dynasty,Concluido,Worker-Aur,Processado,Auroria,MAKERS PARA SER ACEITOS NOS SEGUINTES MUNDOS. - Google Planilhas,Bellum
82b9ed76-6f14-4b73-95ac-db23167127d314,aceitar,Oliveira Vampy,Concluido,Worker-Aur,Processado,Auroria,MAKERS PARA SER ACEITOS NOS SEGUINTES MUNDOS. - Google Planilhas,Bellum
82b9ed76-6f14-4b73-95ac-db23167127d315,aceitar,Zoyo,Concluido,Worker-Aur,Processado,Auroria,MAKERS PARA SER ACEITOS NOS SEGUINTES MUNDOS. - Google Planilhas,Bellum
82b9ed76-6f14-4b73-95ac-db23167127d316,aceitar,Nobretrocatiro panqmeuqueixo,Concluido,Worker-Aur,Processado,Auroria,MAKERS PARA SER ACEITOS NOS SEGUINTES MUNDOS. - Google Planilhas,Bellum
82b9ed76-6f14-4b73-95ac-db23167127d317,aceitar,Kyozix,Concluido,Worker-Aur,Processado,Auroria,Kyozix,Auroria
82b9ed76-6f14-4b73-95ac-db23167127d318,invite,Aang Ryomen,Concluido,Worker-Auroria,Processado,Auroria,Jafe,Vesperia
82b9ed76-6f14-4b73-95ac-db23167127d319,aceitar,Xoloxgaming,Concluido,Worker-Aur,Processado,Auroria,Saint Seraphim,Vesperia
82b9ed76-6f14-4b73-95ac-db23167127d320,aceitar,Alix,Concluido,Worker-Aur,Processado,Auroria,Arel Goldenoak,Tenebrium
82b9ed76-6f14-4b73-95ac-db23167127d321,aceitar,Nobretrocatiro panqmeuqueixo,Concluido,Worker-Aur,Processado,Auroria,Braboerim on rubinot,Bellum
82b9ed76-6f14-4b73-95ac-db23167127d322,aceitar,Rato Barata Camondongo,Concluido,Worker-Aur,Processado,Auroria,Don Matteo,Bellum
82b9ed76-6f14-4b73-95ac-db23167127d323,aceitar,Chronos Ed,Concluido,Worker-Aur,Processado,Auroria,Drkzinhow,Auroria
82b9ed76-6f14-4b73-95ac-db23167127d324,aceitar,Chronos Ed,Concluido,Worker-Aur,Processado,Auroria,Drkzinhow,Bellum
82b9ed76-6f14-4b73-95ac-db23167127d325,invite,Zika Prime,Concluido,Worker-Auroria,Processado,Auroria,Liink,Vesperia
82b9ed76-6f14-4b73-95ac-db23167127d326,aceitar,Chronos Ed,Concluido,Worker-Auroria,Processado,Auroria,Drkzinhow,Bellum
82b9ed76-6f14-4b73-95ac-db23167127d327,aceitar,Zika Prime,Concluido,Worker-Auroria,Processado,Auroria,Liink,Vesperia
82b9ed76-6f14-4b73-95ac-db23167127d328,aceitar,Mateeoo,Concluido,Worker-Auroria,Processado,Auroria,Lord Cuscuz,Vesperia
82b9ed76-6f14-4b73-95ac-db23167127d329,aceitar,Killboyz,Concluido,Worker-Auroria,Processado,Auroria,Evandreex,Auroria
82b9ed76-6f14-4b73-95ac-db23167127d330,aceitar,Ai bossonaro,Concluido,Worker-Auroria,Processado,Auroria,Nubillal,Vesperia
82b9ed76-6f14-4b73-95ac-db23167127d331,aceitar,Sem ideia pra nome,Concluido,Worker-Auroria,Processado,Auroria,Manyac Sorcerer,Tenebrium
82b9ed76-6f14-4b73-95ac-db23167127d332,aceitar,Elite Prime Knight,Concluido,Worker-Auroria,Processado,Auroria,Akaroth,Auroria
82b9ed76-6f14-4b73-95ac-db23167127d333,aceitar,Iron Prickms,Concluido,Worker-Auroria,Processado,Auroria,Biitz,Vesperia
82b9ed76-6f14-4b73-95ac-db23167127d334,aceitar,Nordeste Jebcruzado,Concluido,Worker-Auroria,Processado,Auroria,Nordeste Jebcruzado,Auroria
82b9ed76-6f14-4b73-95ac-db23167127d335,aceitar,Nordeste Sem Tempo,Concluido,Worker-Auroria,Processado,Auroria,Nordeste Jebcruzado,Auroria
82b9ed76-6f14-4b73-95ac-db23167127d336,aceitar,Karnackjnr,Concluido,Worker-Auroria,Processado,Auroria,sub comander,Auroria
82b9ed76-6f14-4b73-95ac-db23167127d337,aceitar,Chocolatier Nando,Concluido,Worker-Auroria,Processado,Auroria,Nando Wrathbow,Auroria
82b9ed76-6f14-4b73-95ac-db23167127d338,aceitar,Otavex,Concluido,Worker-Auroria,Processado,Auroria,Yogumunt,Auroria
82b9ed76-6f14-4b73-95ac-db23167127d339,aceitar,Haliasz,Concluido,Worker-Auroria,Processado,Auroria,Yogumunt,Auroria
82b9ed76-6f14-4b73-95ac-db23167127d340,aceitar,Tshaka,Concluido,Worker-Auroria,Processado,Auroria,Sliprc,Auroria
82b9ed76-6f14-4b73-95ac-db23167127d341,invite,Holyziin Paralyzer,Concluido,Worker-Auroria,Processado,Auroria,Holyzera Destroyer,Tenebrium
82b9ed76-6f14-4b73-95ac-db23167127d342,aceitar,Druid elder,Concluido,Worker-Auroria,Processado,Auroria,Paulin Fucklove,Vesperia
82b9ed76-6f14-4b73-95ac-db23167127d343,aceitar,Conti Boomba,Concluido,Worker-Auroria,Processado,Auroria,Mastermau,Bellum
82b9ed76-6f14-4b73-95ac-db23167127d344,aceitar,Manipulador De Runa,Concluido,Worker-Auroria,Processado,Auroria,Monk Fury,Bellum
82b9ed76-6f14-4b73-95ac-db23167127d345,aceitar,Aurosxz,Concluido,Worker-Auroria,Processado,Auroria,Aurosx,Auroria
82b9ed76-6f14-4b73-95ac-db23167127d346,aceitar,Fisico Auroria,Concluido,Worker-Auroria,Processado,Auroria,Augustus quintus,Auroria
82b9ed76-6f14-4b73-95ac-db23167127d347,aceitar,Haoshuko,Concluido,Worker-Auroria,Processado,Auroria,King Luantrs,Auroria
82b9ed76-6f14-4b73-95ac-db23167127d348,aceitar,Otavex,Concluido,Worker-Aur,Processado,Auroria,Yogumunt,Auroria
82b9ed76-6f14-4b73-95ac-db23167127d349,aceitar,Haliasz,Concluido,Worker-Aur,Processado,Auroria,Yogumunt,Auroria
82b9ed76-6f14-4b73-95ac-db23167127d350,aceitar,Luantrs,Concluido,Worker-Aur,Processado,Auroria,King Luantrs,Auroria
82b9ed76-6f14-4b73-95ac-db23167127d351,aceitar,Radityz,Concluido,Worker-Aur,Processado,Auroria,Radityz,Auroria
82b9ed76-6f14-4b73-95ac-db23167127d352,aceitar,manipulador de runa,Concluido,Worker-Aur,Processado,Auroria,Monk Fury,Bellum
82b9ed76-6f14-4b73-95ac-db23167127d353,aceitar,Catarina arrombacu,Concluido,Worker-Aur,Processado,Auroria,Ekbomb Catarina,Vesperia
82b9ed76-6f14-4b73-95ac-db23167127d354,aceitar,Danzin Boltada,Concluido,Worker-Aur,Processado,Auroria,Taldocuica,Auroria
82b9ed76-6f14-4b73-95ac-db23167127d355,aceitar,Will Ricaria,Concluido,Worker-Aur,Processado,Auroria,SCAOMRP,Vesperia
82b9ed76-6f14-4b73-95ac-db23167127d356,aceitar,Mike Void,Concluido,Worker-Aur,Processado,Auroria,Sir Mike,Auroria
82b9ed76-6f14-4b73-95ac-db23167127d357,aceitar,Coldman,Concluido,Worker-Aur,Processado,Auroria,Kdz King,Vesperia
82b9ed76-6f14-4b73-95ac-db23167127d358,aceitar,Saysha,Concluido,Worker-Aur,Processado,Auroria,Karzel,Auroria
82b9ed76-6f14-4b73-95ac-db23167127d359,aceitar,Buttcher Maker,Concluido,Worker-Aur,Processado,Auroria,Vicky Digaristaa,Vesperia
82b9ed76-6f14-4b73-95ac-db23167127d360,invite,Dioclezio,Concluido,Worker-Auroria,Processado,Auroria,Dioclezio,Auroria
82b9ed76-6f14-4b73-95ac-db23167127d361,invite,Thorgar Texasteam,Concluido,Worker-Auroria,Processado,Auroria,Almirante Shogun,Auroria
82b9ed76-6f14-4b73-95ac-db23167127d362,aceitar,Veiga Maker Auroria,Concluido,Worker-Auroria,Processado,Auroria,Veiga Ttv,Bellum
82b9ed76-6f14-4b73-95ac-db23167127d363,aceitar,Pneu monia ,Concluido,Worker-Auroria,Processado,Auroria,Prmukz,Bellum
82b9ed76-6f14-4b73-95ac-db23167127d364,aceitar,Laele Auroria,Concluido,Worker-Auroria,Processado,Auroria,Garadevill,Vesperia
82b9ed76-6f14-4b73-95ac-db23167127d365,aceitar,Surit Skuriel,Concluido,Worker-Auroria,Processado,Auroria,Niechzfak,Vesperia
82b9ed76-6f14-4b73-95ac-db23167127d366,aceitar,Olofin,Concluido,Worker-Auroria,Processado,Auroria,Kolombiano ,Vesperia
82b9ed76-6f14-4b73-95ac-db23167127d367,aceitar,Jonny verme,Concluido,Worker-Auroria,Processado,Auroria,Stokers Tabaco,Auroria
82b9ed76-6f14-4b73-95ac-db23167127d368,aceitar,Neto Motoboy,Concluido,Worker-Auroria,Processado,Auroria,Motoboy Deluxe,Auroria
82b9ed76-6f14-4b73-95ac-db23167127d369,invite,Ai bossonaro,Concluido,Worker-Auroria,Processado,Auroria,Nubillal,Auroria
82b9ed76-6f14-4b73-95ac-db23167127d370,aceitar,Anakin Healer,Concluido,Worker-Auroria,Processado,Auroria,Chuko,Auroria
82b9ed76-6f14-4b73-95ac-db23167127d371,invite,Dorde Xibiu,Concluido,Worker-Auroria,Processado,Auroria,Vando abc,Vesperia
82b9ed76-6f14-4b73-95ac-db23167127d372,aceitar,Palladinus,Concluido,Worker-Auroria,Processado,Auroria,Terror was coming,Tenebrium
82b9ed76-6f14-4b73-95ac-db23167127d373,aceitar,Muajaja,Concluido,Worker-Auroria,Processado,Auroria,Muajajaa,Auroria
82b9ed76-6f14-4b73-95ac-db23167127d374,aceitar,Aang Ryomen,Concluido,Worker-Auroria,Processado,Auroria,Jafe,Vesperia
82b9ed76-6f14-4b73-95ac-db23167127d375,aceitar,Manoo Bob,Concluido,Worker-Auroria,Processado,Auroria,Mano Bob,Tenebrium
82b9ed76-6f14-4b73-95ac-db23167127d376,aceitar,Ablu sem siio,Concluido,Worker-Auroria,Processado,Auroria,Ciphra,Bellum
82b9ed76-6f14-4b73-95ac-db23167127d377,invite,Iruck / Zuprimito,Concluido,Worker-Auroria,Processado,Auroria,Sio Off Angeelito,Auroria
82b9ed76-6f14-4b73-95ac-db23167127d378,aceitar,Benas,Concluido,Worker-Auroria,Processado,Auroria,Elder Fuzzy,Auroria
82b9ed76-6f14-4b73-95ac-db23167127d379,aceitar,Xopi,Concluido,Worker-Auroria,Processado,Auroria,Matzeira,Auroria
82b9ed76-6f14-4b73-95ac-db23167127d380,aceitar,Lord Puffy,Concluido,Worker-Auroria,Processado,Auroria,Zoe Fry,Auroria
82b9ed76-6f14-4b73-95ac-db23167127d381,aceitar,Doideira The Bruxo,Concluido,Worker-Auroria,Processado,Auroria,Augusto Pusch,Auroria
82b9ed76-6f14-4b73-95ac-db23167127d382,aceitar,Habatai tara,Concluido,Worker-Auroria,Processado,Auroria,sol curuel,Auroria
82b9ed76-6f14-4b73-95ac-db23167127d383,aceitar,Habatai tara,Concluido,Worker-Auroria,Processado,Auroria,sol cruel,Auroria
82b9ed76-6f14-4b73-95ac-db23167127d384,invite,Thorgar Texasteam,Concluido,Worker-Auroria,Processado,Auroria,Almirante Shogun,Auroria
82b9ed76-6f14-4b73-95ac-db23167127d385,invite,Anniel Panqmeuqueixo,Concluido,Worker-Auroria,Processado,Auroria,anniel bomberman,Vesperia
82b9ed76-6f14-4b73-95ac-db23167127d386,aceitar,Yeti de Tamanco,Concluido,Worker-Auroria,Processado,Auroria,King Brigod,Auroria
82b9ed76-6f14-4b73-95ac-db23167127d387,aceitar,Tentando Denovomaisum,Concluido,Worker-Auroria,Processado,Auroria,Cachorro on Vesperia,Vesperia
82b9ed76-6f14-4b73-95ac-db23167127d388,aceitar,Morcx,Concluido,Worker-Auroria,Processado,Auroria,Morcx,Auroria
82b9ed76-6f14-4b73-95ac-db23167127d389,aceitar,Biazinha Ed,Concluido,Worker-Auroria,Processado,Auroria,Pijolito,Auroria
82b9ed76-6f14-4b73-95ac-db23167127d390,aceitar,Jeca Tatuzin,Concluido,Worker-Auroria,Processado,Auroria,Emythe Zeronov,Auroria
82b9ed76-6f14-4b73-95ac-db23167127d391,aceitar,Auroria Bomba,Concluido,Worker-Auroria,Processado,Auroria,Ze Bamba,Auroria
82b9ed76-6f14-4b73-95ac-db23167127d392,aceitar,Kap,Concluido,Worker-shell,Processado,Auroria,Delanay gzz,Auroria
82b9ed76-6f14-4b73-95ac-db23167127d393,aceitar,Julio Pornstar,Concluido,Worker-shell,Processado,Auroria,Sonhatore,Vesperia
82b9ed76-6f14-4b73-95ac-db23167127d394,aceitar,Iruck,Concluido,Worker-shell,Processado,Auroria,Sio Off Angeelito,Auroria
82b9ed76-6f14-4b73-95ac-db23167127d395,aceitar,Hyperekplexia,Concluido,Worker-shell,Processado,Auroria,Cezrath Monarch,Vesperia
82b9ed76-6f14-4b73-95ac-db23167127d396,aceitar,Lilith Belladonna,Concluido,Worker-shell,Processado,Auroria,Cezrath Monarch,Vesperia
82b9ed76-6f14-4b73-95ac-db23167127d397,aceitar,Yiin,Concluido,Worker-shell,Processado,Auroria,Yiin,Auroria
82b9ed76-6f14-4b73-95ac-db23167127d398,aceitar,Qin Shi Huang,Concluido,Worker-shell,Processado,Auroria,Qin Shi Huang,Auroria
82b9ed76-6f14-4b73-95ac-db23167127d399,aceitar,Gamabunta,Concluido,Worker-shell,Processado,Auroria,Worlok,Vesperia
82b9ed76-6f14-4b73-95ac-db23167127d400,aceitar,Qin Shi Huang,Concluido,Worker-shell,Processado,Auroria,Yiin,Auroria
82b9ed76-6f14-4b73-95ac-db23167127d401,aceitar,Qin Shi Huang,Concluido,Worker-shell,Processado,Auroria,Yiin,Auroria
82b9ed76-6f14-4b73-95ac-db23167127d402,aceitar,Yiin,Concluido,Worker-shell,Processado,Auroria,Yiin,Auroria
82b9ed76-6f14-4b73-95ac-db23167127d403,aceitar,Vim Pra Paralizar,Concluido,Worker-shell,Processado,Auroria,Quem Faltava,Vesperia
82b9ed76-6f14-4b73-95ac-db23167127d404,aceitar,Lionsage,Concluido,Worker-shell,Processado,Auroria,Leoncoelyonco,Auroria
82b9ed76-6f14-4b73-95ac-db23167127d405,aceitar,Danzzk Auroria,Concluido,Worker-shell,Processado,Auroria,Danzzk,Bellum
82b9ed76-6f14-4b73-95ac-db23167127d406,aceitar,Delano Sem Tempo,Concluido,Worker-Auroria,Processado,Auroria,Lambe Sedah,Auroria
82b9ed76-6f14-4b73-95ac-db23167127d407,aceitar,Matz Taka Cotonete,Concluido,Worker-shell,Processado,Auroria,Jorn Lande,Bellum
82b9ed76-6f14-4b73-95ac-db23167127d408,aceitar,Prikitu Chamuscado,Concluido,Worker-shell,Processado,Auroria,Prikles Catarina,Vesperia
82b9ed76-6f14-4b73-95ac-db23167127d409,aceitar,Sdnotres,Concluido,Worker-Auroria,Processado,Auroria,Gabe the Ruinwalker,Bellum
82b9ed76-6f14-4b73-95ac-db23167127d410,aceitar,Juzehrc,Concluido,Worker-Auroria,Processado,Auroria,Assassin Starc,Auroria
82b9ed76-6f14-4b73-95ac-db23167127d411,aceitar,Sdnotres,Concluido,Worker-Auroria,Processado,Auroria,Gabe the Ruinwalker,Bellum
82b9ed76-6f14-4b73-95ac-db23167127d412,aceitar,Gwendyz,Concluido,Worker-Auroria,Processado,Auroria,Howl Starborn,Bellum
82b9ed76-6f14-4b73-95ac-db23167127d413,aceitar,Chemist,Concluido,Worker-Auroria,Processado,Auroria,Nofa druid,Auroria
82b9ed76-6f14-4b73-95ac-db23167127d414,aceitar,Potoko,Concluido,Worker-Auroria,Processado,Auroria,Rhaenyraa Targaryenn,Vesperia
82b9ed76-6f14-4b73-95ac-db23167127d415,aceitar,Werse,Concluido,Worker-Auroria,Processado,Auroria,Juny Mosken,Bellum
82b9ed76-6f14-4b73-95ac-db23167127d416,aceitar,Askaroth,Concluido,Worker-Auroria,Processado,Auroria,Akaroth,Auroria
82b9ed76-6f14-4b73-95ac-db23167127d417,aceitar,Puff Pass,Concluido,Worker-Auroria,Processado,Auroria,Puff Pass,Auroria
82b9ed76-6f14-4b73-95ac-db23167127d418,aceitar,Piter bruxo ,Concluido,Worker-Auroria,Processado,Auroria,Volcanic blaze ,Auroria
82b9ed76-6f14-4b73-95ac-db23167127d419,invite,Toddynho Shellpatrocina,Concluido,Worker-Auroria,Processado,Auroria,Toddynho Shellpatrocina,Auroria
82b9ed76-6f14-4b73-95ac-db23167127d420,invite,Lionelsion,Concluido,Worker-Auroria,Processado,Auroria,Lionelsion,Auroria
82b9ed76-6f14-4b73-95ac-db23167127d421,aceitar,Maguz,Concluido,Worker-Auroria,Processado,Auroria,Maguz,Auroria
82b9ed76-6f14-4b73-95ac-db23167127d422,aceitar,Jaiminho On Runbinot,Concluido,Worker-Auroria,Processado,Auroria,Jaiminho On Runbinot,Bellum
82b9ed76-6f14-4b73-95ac-db23167127d423,aceitar,Rafa Sd Ignorante,Concluido,Worker-Auroria,Processado,Auroria,Hernia de disk,Bellum
82b9ed76-6f14-4b73-95ac-db23167127d424,aceitar,Dorde Xibiu,Concluido,Worker-Auroria,Processado,Auroria,Vando abc,Vesperia
82b9ed76-6f14-4b73-95ac-db23167127d425,aceitar,Knight de Menta,Concluido,Worker-Auroria,Processado,Auroria,Auroria,Vinizsz
82b9ed76-6f14-4b73-95ac-db23167127d426,aceitar,Sdnotres,Concluido,Worker-Auroria,Processado,Auroria,Gabe the Ruinwalker,Bellum
82b9ed76-6f14-4b73-95ac-db23167127d427,invite,Gwendyz,Concluido,Worker-Auroria,Processado,Auroria,Howl Starborn,Bellum
82b9ed76-6f14-4b73-95ac-db23167127d428,aceitar,Chemist,Concluido,Worker-Auroria,Processado,Auroria,Nofa druid,Auroria
82b9ed76-6f14-4b73-95ac-db23167127d429,aceitar,Potoko,Concluido,Worker-Auroria,Processado,Auroria,Rhaenyraa Targaryenn,Vesperia
82b9ed76-6f14-4b73-95ac-db23167127d430,aceitar,Werse,Concluido,Worker-Auroria,Processado,Auroria,Juny Mosken,Bellum
82b9ed76-6f14-4b73-95ac-db23167127d431,aceitar,Askaroth,Concluido,Worker-Auroria,Processado,Auroria,Akaroth,Auroria
82b9ed76-6f14-4b73-95ac-db23167127d432,aceitar,Puff Pass,Concluido,Worker-Auroria,Processado,Auroria,Puff Pass,Auroria
82b9ed76-6f14-4b73-95ac-db23167127d433,aceitar,Piter bruxo ,Concluido,Worker-Auroria,Processado,Auroria,Volcanic blaze ,Auroria
82b9ed76-6f14-4b73-95ac-db23167127d434,invite,Toddynho Shellpatrocina,Concluido,Worker-Auroria,Processado,Auroria,Toddynho Shellpatrocina,Auroria
82b9ed76-6f14-4b73-95ac-db23167127d435,aceitar,Lionelsion,Concluido,Worker-Auroria,Processado,Auroria,Lionelsion,Auroria
82b9ed76-6f14-4b73-95ac-db23167127d436,aceitar,Maguz,Concluido,Worker-Auroria,Processado,Auroria,Maguz,Auroria
82b9ed76-6f14-4b73-95ac-db23167127d437,aceitar,Jaiminho On Runbinot,Concluido,Worker-Auroria,Processado,Auroria,Jaiminho On Runbinot,Bellum
82b9ed76-6f14-4b73-95ac-db23167127d438,aceitar,Rafa Sd Ignorante,Concluido,Worker-Auroria,Processado,Auroria,Hernia de disk,Bellum
82b9ed76-6f14-4b73-95ac-db23167127d439,aceitar,Dorde Xibiu,Concluido,Worker-Auroria,Processado,Auroria,Vando abc,Vesperia
82b9ed76-6f14-4b73-95ac-db23167127d440,aceitar,Valterina,Concluido,Worker-Auroria,Processado,Auroria,Valterino,Auroria
82b9ed76-6f14-4b73-95ac-db23167127d441,aceitar,Biel Cagaduro,Concluido,Worker-Auroria,Processado,Auroria,Henricus Quintus,Auroria
82b9ed76-6f14-4b73-95ac-db23167127d442,aceitar,Odio do Estado,Concluido,Worker-Auroria,Processado,Auroria,Max Mytho ,Auroria
82b9ed76-6f14-4b73-95ac-db23167127d443,aceitar,Osama Bem Largo,Concluido,Worker-Auroria,Processado,Auroria,Max Mytho ,Auroria
82b9ed76-6f14-4b73-95ac-db23167127d444,aceitar,Imbuido Em Trevas,Concluido,Worker-Auroria,Processado,Auroria,Max Mytho ,Auroria
82b9ed76-6f14-4b73-95ac-db23167127d445,aceitar,Granafarmer,Concluido,Worker-Auroria,Processado,Auroria,Max Mytho ,Auroria
82b9ed76-6f14-4b73-95ac-db23167127d446,aceitar,Shaolin Mentor,Concluido,Worker-Auroria,Processado,Auroria,Max Mytho ,Auroria
82b9ed76-6f14-4b73-95ac-db23167127d447,aceitar,Magorothh,Concluido,Worker-Auroria,Processado,Auroria,Phaeellziin,Belaria
82b9ed76-6f14-4b73-95ac-db23167127d448,aceitar,Almighty Hawk,Concluido,Worker-Auroria,Processado,Auroria,Lord Grimstroke,Belaria
82b9ed76-6f14-4b73-95ac-db23167127d449,aceitar,Captain Frost,Concluido,Worker-Auroria,Processado,Auroria,Marshal Huckleberry,Auroria
82b9ed76-6f14-4b73-95ac-db23167127d450,aceitar,Topdostop Ciroctiktok Bomba,Concluido,Worker-Auroria,Processado,Auroria,Dividro on Rubinot,Auroria
82b9ed76-6f14-4b73-95ac-db23167127d451,aceitar,Serit skuriel,Concluido,Worker-Auroria,Processado,Auroria,Niechzfak,Vesperia
82b9ed76-6f14-4b73-95ac-db23167127d452,aceitar,Zlatan Ibrahimoviic,Concluido,Worker-Auroria,Processado,Auroria,Pizza Hut,Bellum
82b9ed76-6f14-4b73-95ac-db23167127d453,aceitar,Explode Tudo,Concluido,Worker-Auroria,Processado,Auroria,Roahzek,Vesperia
82b9ed76-6f14-4b73-95ac-db23167127d454,aceitar,Sasuga,Concluido,Worker-Auroria,Processado,Auroria,Pedriin On rubinot,Bellum
82b9ed76-6f14-4b73-95ac-db23167127d455,aceitar,Ki nii,Concluido,Worker-Auroria,Processado,Auroria,Indecente blinders,Auroria
82b9ed76-6f14-4b73-95ac-db23167127d456,aceitar,Windows Dois Mil,Concluido,Worker-Auroria,Processado,Auroria,Korzark,Tenebrium
82b9ed76-6f14-4b73-95ac-db23167127d457,aceitar,Mariotinho,Concluido,Worker-Auroria,Processado,Auroria,Baruk,Auroria
82b9ed76-6f14-4b73-95ac-db23167127d458,aceitar,Zinawoa One,Concluido,Worker-Auroria,Processado,Auroria,Rhaen Lannister ,Auroria
82b9ed76-6f14-4b73-95ac-db23167127d459,aceitar,Mariotinho,Concluido,Worker-Auroria,Processado,Auroria,Baruk,Auroria
82b9ed76-6f14-4b73-95ac-db23167127d460,aceitar,Join Druid,Concluido,Worker-Auroria,Processado,Auroria,Thank God,Vesperia
82b9ed76-6f14-4b73-95ac-db23167127d461,aceitar,Balla Loovee,Concluido,Worker-Aur,Processado,Auroria,Balla love,Bellum
82b9ed76-6f14-4b73-95ac-db23167127d462,aceitar,Mariotinho,Concluido,Worker-Aur,Processado,Auroria,Baruk,Auroria
82b9ed76-6f14-4b73-95ac-db23167127d463,aceitar,Byllydkidd,Concluido,Worker-Aur,Processado,Auroria,byllydkidde,Vesperia
82b9ed76-6f14-4b73-95ac-db23167127d464,invite,Arkanoth,Concluido,Worker-Auroria,Processado,Auroria,Arknjo,Vesperia
82b9ed76-6f14-4b73-95ac-db23167127d465,aceitar,Da Palio,Concluido,Worker-Aur,Processado,Auroria,Ek Pa Hora,Bellum
82b9ed76-6f14-4b73-95ac-db23167127d466,aceitar,Hades druid ceifador,Concluido,Worker-Aur,Processado,Auroria,King Nimitz ,Auroria
82b9ed76-6f14-4b73-95ac-db23167127d467,aceitar,Soulless smoke,Concluido,Worker-Aur,Processado,Auroria,Mika Megazord,Vesperia
82b9ed76-6f14-4b73-95ac-db23167127d468,aceitar,Criativo,Concluido,Worker-Aur,Processado,Auroria,Criativo,Auroria
82b9ed76-6f14-4b73-95ac-db23167127d469,aceitar,Prensado De Galo,Concluido,Worker-Aur,Processado,Auroria,King Dinoblack,Vesperia
82b9ed76-6f14-4b73-95ac-db23167127d470,aceitar,Nosapatinho,Concluido,Worker-Aur,Processado,Auroria,Vidaalz Tacafrecha,Vesperia
82b9ed76-6f14-4b73-95ac-db23167127d471,invite,Gamabunta,Concluido,Worker-Auroria,Processado,Auroria,Worlok,Vesperia
82b9ed76-6f14-4b73-95ac-db23167127d472,aceitar,Chiele Famosao,Concluido,Worker-Aur,Processado,Auroria,Alipio Triodiesel,Vesperia
82b9ed76-6f14-4b73-95ac-db23167127d473,aceitar,Kidovisk,Concluido,Worker-Aur,Processado,Auroria,Flamongista,Vesperia
82b9ed76-6f14-4b73-95ac-db23167127d474,aceitar,Thunderrune,Concluido,Worker-Aur,Processado,Auroria,Origon mk,Auroria
82b9ed76-6f14-4b73-95ac-db23167127d475,aceitar,Migalhah,Concluido,Worker-Aur,Processado,Auroria,Migalhah,Auroria
82b9ed76-6f14-4b73-95ac-db23167127d476,aceitar,Lionsage,Concluido,Worker-Aur,Processado,Auroria,Leoncoelyonco,Auroria
82b9ed76-6f14-4b73-95ac-db23167127d477,aceitar,Ektoptank,Concluido,Worker-Aur,Processado,Auroria,Green King,Belaria
82b9ed76-6f14-4b73-95ac-db23167127d478,aceitar,Vivianne,Concluido,Worker-Aur,Processado,Auroria,Jiuseppe Edmundo,Tenebrium
82b9ed76-6f14-4b73-95ac-db23167127d479,aceitar,Surfe na Paralise,Concluido,Worker-Aur,Processado,Auroria,Natan Catarina,Vesperia
82b9ed76-6f14-4b73-95ac-db23167127d480,aceitar,Crusho,Concluido,Worker-Aur,Processado,Auroria,Brn catarina,Vesperia
82b9ed76-6f14-4b73-95ac-db23167127d481,aceitar,Suvaqueiraa ardida,Concluido,Worker-Aur,Processado,Auroria,Trevaoo Supremo,Vesperia
82b9ed76-6f14-4b73-95ac-db23167127d482,aceitar,Bigode Panqmeuqueixo,Concluido,Worker-Aur,Processado,Auroria,Chapito de monk,Bellum
82b9ed76-6f14-4b73-95ac-db23167127d483,aceitar,Joaozeras On Auroria,Concluido,Worker-Aur,Processado,Auroria,Chapito de monk,Bellum
82b9ed76-6f14-4b73-95ac-db23167127d484,aceitar,Wilton Pereira Sampaio,Concluido,Worker-Aur,Processado,Auroria,Mage Wizard Sorcerer,Belaria
82b9ed76-6f14-4b73-95ac-db23167127d485,aceitar,Coosco,Concluido,Worker-Aur,Processado,Auroria,Atropella,Bellum
82b9ed76-6f14-4b73-95ac-db23167127d486,aceitar,Xis Murcilia,Concluido,Worker-Aur,Processado,Auroria,The Paperx,Auroria
82b9ed76-6f14-4b73-95ac-db23167127d487,aceitar,Zathar Arcanos,Concluido,Worker-Aur,Processado,Auroria,Bolapehz,Auroria
82b9ed76-6f14-4b73-95ac-db23167127d488,aceitar,Zathar Arcanos,Concluido,Worker-Aur,Processado,Auroria,Bolapehz,Auroria
82b9ed76-6f14-4b73-95ac-db23167127d489,aceitar,Arial Seu Melhoramigo,Concluido,Worker-Aur,Processado,Auroria,Arial Pipipi,Vesperia
82b9ed76-6f14-4b73-95ac-db23167127d490,aceitar,Ronald Kingbruxo,Concluido,Worker-Auroria,Processado,Auroria,Ronald Fenomenal ,Bellum
82b9ed76-6f14-4b73-95ac-db23167127d491,aceitar,Pally Ranger,Concluido,Worker-Auroria,Processado,Auroria,Artrix,Vesperia
82b9ed76-6f14-4b73-95ac-db23167127d492,aceitar,Baridomeri Bomba Patch,Concluido,Worker-Auroria,Processado,Auroria,Bigas Prime,Auroria
82b9ed76-6f14-4b73-95ac-db23167127d493,aceitar,Paladino crocodilo,Concluido,Worker-Auroria,Processado,Auroria,Lord Cabelim,Auroria
82b9ed76-6f14-4b73-95ac-db23167127d494,aceitar,Thorgar Texasteam,Concluido,Worker-Auroria,Processado,Auroria,Almirante Shogun,Auroria
82b9ed76-6f14-4b73-95ac-db23167127d495,invite,Thorgar Texasteam,Concluido,Worker-Auroria,Processado,Auroria,Auroria,Mv.
82b9ed76-6f14-4b73-95ac-db23167127d496,aceitar,Treino em Aurora,Concluido,Worker-Auroria,Processado,Auroria,Vesperia,Purjm
82b9ed76-6f14-4b73-95ac-db23167127d497,invite,Lotarel,Concluido,Worker-Auroria,Processado,Auroria,Auroria,Candelita
82b9ed76-6f14-4b73-95ac-db23167127d498,aceitar,Pedriin Ninguemtapuro,Concluido,Worker-Auroria,Processado,Auroria,Auroria,Opzito
82b9ed76-6f14-4b73-95ac-db23167127d499,aceitar,Onlyxs,Concluido,Worker-Auroria,Processado,Auroria,Auroria,Opzito
82b9ed76-6f14-4b73-95ac-db23167127d500,invite,Antei,Concluido,Worker-Auroria,Processado,Auroria,Seu Jhow,Vesperia
82b9ed76-6f14-4b73-95ac-db23167127d501,aceitar,Mago Supremo Auroria,Concluido,Worker-Auroria,Processado,Auroria,Vesperia,Gojer
82b9ed76-6f14-4b73-95ac-db23167127d502,aceitar,Kbomb Rpzin,Concluido,Worker-Auroria,Processado,Auroria,Vesperia,Kannabys
82b9ed76-6f14-4b73-95ac-db23167127d503,aceitar,Lauw Boeingsietetressiete,Concluido,Worker-Auroria,Processado,Auroria,Auroria,Thor Mentha
82b9ed76-6f14-4b73-95ac-db23167127d504,aceitar,Feijaozeira,Concluido,Worker-Auroria,Processado,Auroria,Auroria,Thor Mentha
82b9ed76-6f14-4b73-95ac-db23167127d505,aceitar,Byna,Concluido,Worker-Auroria,Processado,Auroria,Auroria,Thor Mentha
82b9ed76-6f14-4b73-95ac-db23167127d506,aceitar,Joel el druid ,Concluido,Worker-Auroria,Processado,Auroria,Vesperia,Keviinhovz
82b9ed76-6f14-4b73-95ac-db23167127d507,aceitar,Maiiteziinhasz,Concluido,Worker-Auroria,Processado,Auroria,Auroria,Kaiquerah
82b9ed76-6f14-4b73-95ac-db23167127d508,aceitar,Treino em Aurora,Concluido,Worker-Auroria,Processado,Auroria,Vesperia,Purjm
82b9ed76-6f14-4b73-95ac-db23167127d509,aceitar,Gamabunta,Concluido,Worker-Auroria,Processado,Auroria,Vesperia,Worlok
82b9ed76-6f14-4b73-95ac-db23167127d510,aceitar,Physic,Concluido,Worker-Auroria,Processado,Auroria,Auroria,Kit warwin 
82b9ed76-6f14-4b73-95ac-db23167127d511,aceitar,Exu Tranca Rua Gamer,Concluido,Worker-Auroria,Processado,Auroria,Marleitinho,Vesperia
82b9ed76-6f14-4b73-95ac-db23167127d512,aceitar,Lipe Boladao,Concluido,Worker-Auroria,Processado,Auroria,Fredones,Vesperia
82b9ed76-6f14-4b73-95ac-db23167127d513,aceitar,Zico Holland,Concluido,Worker-Auroria,Processado,Auroria,Vesperia,Warfang
82b9ed76-6f14-4b73-95ac-db23167127d514,aceitar,Zwydeeq,Concluido,Worker-Auroria,Processado,Auroria,Gabas Trabalhador Honesto,Vesperia
82b9ed76-6f14-4b73-95ac-db23167127d516,aceitar,Capivarias De Terra,Concluido,Worker-Auroria,Processado,Auroria,Lady Cateline,Vesperia
82b9ed76-6f14-4b73-95ac-db23167127d517,aceitar,Xis Murcilia,Concluido,Worker-Auroria,Processado,Auroria,Auroria,Khaster
82b9ed76-6f14-4b73-95ac-db23167127d518,aceitar,Braga Boss,Concluido,Worker-Auroria,Processado,Auroria,Auroria,Braga
82b9ed76-6f14-4b73-95ac-db23167127d519,aceitar,Ashoka Opressor,Concluido,Worker-Auroria,Processado,Auroria,Ashoka,Belaria
82b9ed76-6f14-4b73-95ac-db23167127d520,aceitar,Rage of Brazera,Concluido,Worker-Auroria,Processado,Auroria,Bellum,Ghostshot
82b9ed76-6f14-4b73-95ac-db23167127d521,aceitar,Saureta Auroriano,Concluido,Worker-Auroria,Processado,Auroria,Saureta,Auroria
82b9ed76-6f14-4b73-95ac-db23167127d522,aceitar,Draco kiuss ,Concluido,Worker-Auroria,Processado,Auroria,King airan,Vesperia
82b9ed76-6f14-4b73-95ac-db23167127d523,aceitar,Astraroth,Concluido,Worker-Auroria,Processado,Auroria,The Folshiz,Vesperia
82b9ed76-6f14-4b73-95ac-db23167127d524,aceitar,Exu Tranca Rua Gamer,Concluido,Worker-Auroria,Processado,Auroria,Mazao Auroria,Vesperia
82b9ed76-6f14-4b73-95ac-db23167127d525,aceitar,Lipe Boladao,Concluido,Worker-Auroria,Processado,Auroria,Marleitinho,Vesperia
82b9ed76-6f14-4b73-95ac-db23167127d526,aceitar,Zwydeeq,Concluido,Worker-Auroria,Processado,Auroria,Fredones,Vesperia
82b9ed76-6f14-4b73-95ac-db23167127d528,aceitar,Capivarias De Terra,Concluido,Worker-Auroria,Processado,Auroria,Igor Motivado ,Vesperia
82b9ed76-6f14-4b73-95ac-db23167127d529,aceitar,Ashoka Opressor,Concluido,Worker-Auroria,Processado,Auroria,The Folshiz,Vesperia
82b9ed76-6f14-4b73-95ac-db23167127d530,aceitar,Saureta Auroriano,Concluido,Worker-Auroria,Processado,Auroria,Saureta,Vesperia
82b9ed76-6f14-4b73-95ac-db23167127d531,aceitar,Surfe na Paralise ,Concluido,Worker-Auroria,Processado,Auroria,Vesperia,Natan Catarina
82b9ed76-6f14-4b73-95ac-db23167127d532,aceitar,Draco kiuss,Concluido,Worker-Auroria,Processado,Auroria,Saureta,Auroria
82b9ed76-6f14-4b73-95ac-db23167127d533,aceitar,Astraroth,Concluido,Worker-Auroria,Processado,Auroria,Boca Loca,Vesperia
82b9ed76-6f14-4b73-95ac-db23167127d534,aceitar,Astraroth,Concluido,Worker-Auroria,Processado,Auroria,Mazao Auroria,Vesperia
82b9ed76-6f14-4b73-95ac-db23167127d535,aceitar,Astraroth,Concluido,Worker-Auroria,Processado,Auroria,The Folshiz,Vesperia
82b9ed76-6f14-4b73-95ac-db23167127d536,aceitar,Festadofind,Concluido,Worker-Auroria,Processado,Auroria,Errejota fjv,Vesperia
82b9ed76-6f14-4b73-95ac-db23167127d537,aceitar,Druid Nightshade,Concluido,Worker-Auroria,Processado,Auroria,Paly Bossudo,Vesperia
82b9ed76-6f14-4b73-95ac-db23167127d538,aceitar,Ppzerah,Concluido,Worker-Auroria,Processado,Auroria,Slash Traidor,Tenebrium
82b9ed76-6f14-4b73-95ac-db23167127d539,aceitar,Pena Azull,Concluido,Worker-Auroria,Processado,Auroria,Ppborderlindo,Vesperia
82b9ed76-6f14-4b73-95ac-db23167127d540,aceitar,Mileninhasz,Concluido,Worker-Auroria,Processado,Auroria,Yapi Tadafilado,Vesperia
82b9ed76-6f14-4b73-95ac-db23167127d541,aceitar,Antei,Concluido,Worker-Auroria,Processado,Auroria,Elite Xandao,Auroria
82b9ed76-6f14-4b73-95ac-db23167127d542,aceitar,Azragoth,Concluido,Worker-Auroria,Processado,Auroria,Cachhero,Bellum
82b9ed76-6f14-4b73-95ac-db23167127d543,aceitar,Mszinho On Auroria,Concluido,Worker-Auroria,Processado,Auroria,Mszinho On Tenebriium,Tenebrium
82b9ed76-6f14-4b73-95ac-db23167127d544,aceitar,Marina Peireira,Concluido,Worker-Auroria,Processado,Auroria,Giovannex,Vesperia
82b9ed76-6f14-4b73-95ac-db23167127d545,aceitar,Duidz/sniper star,Concluido,Worker-Auroria,Processado,Auroria,Darth netus,Auroria
82b9ed76-6f14-4b73-95ac-db23167127d546,aceitar,Limbosoo,Concluido,Worker-Auroria,Processado,Auroria,Kavina warrior,Bellum
82b9ed76-6f14-4b73-95ac-db23167127d547,aceitar,Otto Taem Todas,Concluido,Worker-Auroria,Processado,Auroria,Otto Lara,Vesperia
82b9ed76-6f14-4b73-95ac-db23167127d548,aceitar,Jony Superstar,Concluido,Worker-Auroria,Processado,Auroria,Archer Bueno,Auroria
82b9ed76-6f14-4b73-95ac-db23167127d549,invite,Clarinho qsim,Concluido,Worker-Auroria,Processado,Auroria,Joaovisk motivado,Vesperia
82b9ed76-6f14-4b73-95ac-db23167127d550,aceitar,Zorkyz,Concluido,Worker-Auroria,Processado,Auroria,Zorkyz,Auroria
82b9ed76-6f14-4b73-95ac-db23167127d551,aceitar,Zorkyzin,Concluido,Worker-Auroria,Processado,Auroria,Zorkyz,Auroria
82b9ed76-6f14-4b73-95ac-db23167127d552,aceitar,Danzzk Auroria,Concluido,Worker-Auroria,Processado,Auroria,Danzzk,Bellum
82b9ed76-6f14-4b73-95ac-db23167127d553,aceitar,Barista On Auroria,Concluido,Worker-Auroria,Processado,Auroria,Galonegro,Vesperia
82b9ed76-6f14-4b73-95ac-db23167127d554,aceitar,Black Olive,Concluido,Worker-Auroria,Processado,Auroria,Kit corno,Auroria
82b9ed76-6f14-4b73-95ac-db23167127d555,invite,Serena do papai,Concluido,Worker-Auroria,Processado,Auroria,Enzo Shellpatrocina,Auroria
82b9ed76-6f14-4b73-95ac-db23167127d556,invite,Thorgar Texasteam,Concluido,Worker-Auroria,Processado,Auroria,Almirante Shogun,Auroria
82b9ed76-6f14-4b73-95ac-db23167127d557,invite,Thorgar Texasteam,Concluido,Worker-Auroria,Processado,Auroria,Almirante Shogun,Auroria
82b9ed76-6f14-4b73-95ac-db23167127d558,invite,Thorgar Texasteam,Concluido,Worker-Auroria,Processado,Auroria,Almirante Shogun,Auroria
82b9ed76-6f14-4b73-95ac-db23167127d559,invite,Bera On Auroriaum,Concluido,Worker-Auroria,Processado,Auroria,Bera Malvadao,Auroria
82b9ed76-6f14-4b73-95ac-db23167127d560,invite,Quer Sio,Concluido,Worker-Auroria,Processado,Auroria,Bjorn Obliterator,Vesperia
82b9ed76-6f14-4b73-95ac-db23167127d561,invite,Hans Docuzinho,Concluido,Worker-Auroria,Processado,Auroria,Bombadao on Spectrum,Bellum
82b9ed76-6f14-4b73-95ac-db23167127d562,invite,Hans Docuzinho,Concluido,Worker-Auroria,Processado,Auroria,Bombadao on Spectrum,Bellum
82b9ed76-6f14-4b73-95ac-db23167127d563,invite,Azragoth,Concluido,Worker-Vesperia,Processado,Auroria,Cachhero,Bellum
82b9ed76-6f14-4b73-95ac-db23167127d564,invite,Azragoth,Concluido,Worker-Auroria,Processado,Auroria,Cachhero,Bellum
82b9ed76-6f14-4b73-95ac-db23167127d565,invite,Azragoth,Concluido,Worker-Auroria,Processado,Auroria,Cachhero,Bellum
82b9ed76-6f14-4b73-95ac-db23167127d566,invite,Azragoth,Concluido,Worker-Auroria,Processado,Auroria,Cachhero,Bellum
82b9ed76-6f14-4b73-95ac-db23167127d567,invite,Doctor Craziiy,Concluido,Worker-Auroria,Processado,Auroria,Doctor Craziiy,Auroria
82b9ed76-6f14-4b73-95ac-db23167127d568,invite,Dones Cairo,Concluido,Worker-Auroria,Processado,Auroria,Drito Esponja,Auroria
82b9ed76-6f14-4b73-95ac-db23167127d569,invite,Dones Cairo,Concluido,Worker-Auroria,Processado,Auroria,Drito Esponja,Auroria
82b9ed76-6f14-4b73-95ac-db23167127d570,invite,Pingaah On Auroria,Concluido,Worker-Auroria,Processado,Auroria,El Pin Gah,Belaria
82b9ed76-6f14-4b73-95ac-db23167127d571,invite,Japa On Grimera,Concluido,Worker-Auroria,Processado,Auroria,Filipi =Japa On Grimera,Auroria
82b9ed76-6f14-4b73-95ac-db23167127d572,invite,Master Foyk,Concluido,Worker-Auroria,Processado,Auroria,Foyknight,Auroria
82b9ed76-6f14-4b73-95ac-db23167127d573,invite,Master Foyk,Concluido,Worker-Auroria,Processado,Auroria,Foyknight,Auroria
82b9ed76-6f14-4b73-95ac-db23167127d574,invite,Gambetta bombest,Concluido,Worker-Auroria,Processado,Auroria,Gambetta bombest,Auroria
82b9ed76-6f14-4b73-95ac-db23167127d575,invite,Gambetta Bombest,Concluido,Worker-Auroria,Processado,Auroria,Gambetta Bombest,Auroria
82b9ed76-6f14-4b73-95ac-db23167127d576,invite,Gambetta bombest,Concluido,Worker-Auroria,Processado,Auroria,Gambetta bombest,Auroria
82b9ed76-6f14-4b73-95ac-db23167127d577,invite,Gambetta Bombest,Concluido,Worker-Auroria,Processado,Auroria,Gambetta Bombest,Auroria
82b9ed76-6f14-4b73-95ac-db23167127d578,invite,Horok,Concluido,Worker-Auroria,Processado,Auroria,Horok,Auroria
82b9ed76-6f14-4b73-95ac-db23167127d579,aceitar,Bolt de diamante,Concluido,Worker-Belaria,Processado,Belaria,?,?
82b9ed76-6f14-4b73-95ac-db23167127d580,aceitar,Mage Cabuloso,Concluido,Worker-Belaria,Processado,Belaria,?,?
82b9ed76-6f14-4b73-95ac-db23167127d581,aceitar,Arthorius Pendragon,Concluido,Worker-Belaria,Processado,Belaria,?,?
82b9ed76-6f14-4b73-95ac-db23167127d582,aceitar,Belariou,Concluido,Worker-Belaria,Processado,Belaria,?,?
82b9ed76-6f14-4b73-95ac-db23167127d583,aceitar,Kefra Returns,Concluido,Worker-Belaria,Processado,Belaria,?,?
82b9ed76-6f14-4b73-95ac-db23167127d584,aceitar,Jacklink,Concluido,Worker-Belaria,Processado,Belaria,?,?
82b9ed76-6f14-4b73-95ac-db23167127d585,aceitar,Hermoso Terro Rista,Concluido,Worker-Belaria,Processado,Belaria,?,?
82b9ed76-6f14-4b73-95ac-db23167127d586,aceitar,Druida Lofty,Concluido,Worker-Belaria,Processado,Belaria,?,?
82b9ed76-6f14-4b73-95ac-db23167127d587,aceitar,Felipe Belaria Go,Concluido,Worker-Belaria,Processado,Belaria,?,?
82b9ed76-6f14-4b73-95ac-db23167127d588,aceitar,Alysson Myname Belaria,Concluido,Worker-Belaria,Processado,Belaria,?,?
82b9ed76-6f14-4b73-95ac-db23167127d589,aceitar,Gelocosmico,Concluido,Worker-Belaria,Processado,Belaria,?,?
82b9ed76-6f14-4b73-95ac-db23167127d590,aceitar,Neyzinho Junior,Concluido,Worker-Belaria,Processado,Belaria,?,?
82b9ed76-6f14-4b73-95ac-db23167127d591,aceitar,Ikora Healwing,Concluido,Worker-Belaria,Processado,Belaria,?,?
82b9ed76-6f14-4b73-95ac-db23167127d592,aceitar,Spectruum Patronuum,Concluido,Worker-Belaria,Processado,Belaria,?,?
82b9ed76-6f14-4b73-95ac-db23167127d593,aceitar,Belarianuss,Concluido,Worker-Belaria,Processado,Belaria,?,?
82b9ed76-6f14-4b73-95ac-db23167127d594,aceitar,Da Quebrada,Concluido,Worker-Belaria,Processado,Belaria,?,?
82b9ed76-6f14-4b73-95ac-db23167127d595,aceitar,Rei das magia,Concluido,Worker-Belaria,Processado,Belaria,?,?
82b9ed76-6f14-4b73-95ac-db23167127d596,aceitar,Dark Xoro,Concluido,Worker-Belaria,Processado,Belaria,?,?
82b9ed76-6f14-4b73-95ac-db23167127d597,aceitar,Reinhard astria,Concluido,Worker-Belaria,Processado,Belaria,?,?
82b9ed76-6f14-4b73-95ac-db23167127d598,aceitar,Scorpionking,Concluido,Worker-Belaria,Processado,Belaria,?,?
82b9ed76-6f14-4b73-95ac-db23167127d599,aceitar,Xuxula,Concluido,Worker-Belaria,Processado,Belaria,?,?
82b9ed76-6f14-4b73-95ac-db23167127d600,aceitar,Brunin trem bala,Concluido,Worker-Belaria,Processado,Belaria,?,?
82b9ed76-6f14-4b73-95ac-db23167127d1245,invite,Lodi,Concluido,Worker-Auroria,Processado,Auroria,Takakura Nonubi,Auroria
82b9ed76-6f14-4b73-95ac-db23167127d1419,invite,Vasqq,Concluido,Worker-Auroria,Processado,Auroria,Vasq,Bellum
82b9ed76-6f14-4b73-95ac-db23167127d603,aceitar,Raono No Belaria,Concluido,Worker-Belaria,Processado,Belaria,?,?
82b9ed76-6f14-4b73-95ac-db23167127d604,aceitar,Eo Os Druid Bebe,Concluido,Worker-Belaria,Processado,Belaria,?,?
82b9ed76-6f14-4b73-95ac-db23167127d605,aceitar,Jhonny bravo Catarina,Concluido,Worker-Belaria,Processado,Belaria,?,?
82b9ed76-6f14-4b73-95ac-db23167127d606,aceitar,Santtz paramax,Concluido,Worker-Belaria,Processado,Belaria,?,?
82b9ed76-6f14-4b73-95ac-db23167127d607,aceitar,Eo Os Druid Bebe,Concluido,Worker-Belaria,Processado,Belaria,?,?
82b9ed76-6f14-4b73-95ac-db23167127d608,aceitar,Maker Angola belaria,Concluido,Worker-Belaria,Processado,Belaria,?,?
82b9ed76-6f14-4b73-95ac-db23167127d609,aceitar,Bagas Gel Agachano,Concluido,Worker-Belaria,Processado,Belaria,?,?
82b9ed76-6f14-4b73-95ac-db23167127d610,aceitar,kronoson,Concluido,Worker-Belaria,Processado,Belaria,?,?
82b9ed76-6f14-4b73-95ac-db23167127d611,aceitar,Belaria Void,Concluido,Worker-Belaria,Processado,Belaria,?,?
82b9ed76-6f14-4b73-95ac-db23167127d612,aceitar,Eduu Dudu Tabigode,Concluido,Worker-Belaria,Processado,Belaria,?,?
82b9ed76-6f14-4b73-95ac-db23167127d613,aceitar,Mobsbomba Belaria,Concluido,Worker-Belaria,Processado,Belaria,?,?
82b9ed76-6f14-4b73-95ac-db23167127d614,aceitar,Eo Os Druid Bebe,Concluido,Worker-Belaria,Processado,Belaria,?,?
82b9ed76-6f14-4b73-95ac-db23167127d615,aceitar,Saiyajin Belariano,Concluido,Worker-Belaria,Processado,Belaria,?,?
82b9ed76-6f14-4b73-95ac-db23167127d616,aceitar,Loc Dog,Concluido,Worker-Belaria,Processado,Belaria,Attax,Auroria
82b9ed76-6f14-4b73-95ac-db23167127d617,aceitar,Max Shox ,Concluido,Worker-Belaria,Processado,Belaria,Dividro on Rubinot,Auroria
82b9ed76-6f14-4b73-95ac-db23167127d618,aceitar,Belaria Void,Concluido,Worker-Belaria,Processado,Belaria,Void on Rubinot,Tenebrium
82b9ed76-6f14-4b73-95ac-db23167127d619,aceitar,Programa do Ratinho,Concluido,Worker-Belaria,Processado,Belaria,Oppressed,Auroria
82b9ed76-6f14-4b73-95ac-db23167127d620,aceitar,Toka terror five,Concluido,Worker-Belaria,Processado,Belaria,Toka terror,Auroria
82b9ed76-6f14-4b73-95ac-db23167127d621,aceitar,Leowopwop,Concluido,Worker-Belaria,Processado,Belaria,Demonarkk,Auroria
82b9ed76-6f14-4b73-95ac-db23167127d622,aceitar,Goytz,Concluido,Worker-Belaria,Processado,Belaria,Lipe Urbanpatrocina,Auroria
82b9ed76-6f14-4b73-95ac-db23167127d623,aceitar,Xoli Dormama Udud,Concluido,Worker-Belaria,Processado,Belaria,Vorcaro Bancomaster,Vesperia
82b9ed76-6f14-4b73-95ac-db23167127d624,aceitar,Bagas Gel Agachano,Concluido,Worker-Belaria,Processado,Belaria,Er Rafazs,Vesperia
82b9ed76-6f14-4b73-95ac-db23167127d1423,invite,Sir soulrender,Concluido,Worker-Auroria,Processado,Auroria,Machuca,Auroria
82b9ed76-6f14-4b73-95ac-db23167127d626,aceitar,Furyox,Concluido,Worker-Belaria,Processado,Belaria,Kyozix,Auroria
82b9ed76-6f14-4b73-95ac-db23167127d627,aceitar,Mobsbomba Belaria,Concluido,Worker-Belaria,Processado,Belaria,Mobscene,Vesperia
82b9ed76-6f14-4b73-95ac-db23167127d628,aceitar,Make do Terror,Concluido,Worker-Belaria,Processado,Belaria,MAKERS PARA SER ACEITOS NOS SEGUINTES MUNDOS. - Google Planilhas,Bellum
82b9ed76-6f14-4b73-95ac-db23167127d1424,invite,Druida Mata Rindo,Concluido,Worker-Auroria,Processado,Auroria,Interrogante Cyrostore ,Bellum
82b9ed76-6f14-4b73-95ac-db23167127d630,aceitar,Lil Zang,Concluido,Worker-Belaria,Processado,Belaria,Matteo,Belaria
82b9ed76-6f14-4b73-95ac-db23167127d631,aceitar,Pedronis On Belaria,Concluido,Worker-Belaria,Processado,Belaria,Pedronis Opressor,Bellum
82b9ed76-6f14-4b73-95ac-db23167127d632,aceitar,Olenon Bozeiro,Concluido,Worker-Belaria,Processado,Belaria,Duvel Endless,Bellum
82b9ed76-6f14-4b73-95ac-db23167127d633,aceitar,Beetrayed,Concluido,Worker-Belaria,Processado,Belaria,Gustavosk,Vesperia
82b9ed76-6f14-4b73-95ac-db23167127d1425,invite,Paco Imports,Concluido,Worker-Auroria,Processado,Auroria,Recurso Especial,Auroria
82b9ed76-6f14-4b73-95ac-db23167127d635,aceitar,Maior Nunca Dorme,Concluido,Worker-Belaria,Processado,Belaria,Lady Blum,Vesperia
82b9ed76-6f14-4b73-95ac-db23167127d636,aceitar,Pirraia Malucolouco,Concluido,Worker-Belaria,Processado,Belaria,Lambe Seda,Auroria
82b9ed76-6f14-4b73-95ac-db23167127d637,aceitar,Nordeste Fez Amor,Concluido,Worker-Belaria,Processado,Belaria,Nordeste ,Auroria
82b9ed76-6f14-4b73-95ac-db23167127d638,aceitar,Takoai,Concluido,Worker-Belaria,Processado,Belaria,Takakura kin,Vesperia
82b9ed76-6f14-4b73-95ac-db23167127d1427,invite,Druida Trembolado,Concluido,Worker-Auroria,Processado,Auroria,Pescotapa Trembolado,Auroria
82b9ed76-6f14-4b73-95ac-db23167127d640,aceitar,Holyyzin Paralyzer,Concluido,Worker-Belaria,Processado,Belaria,Holyzera Destroyer,Tenebrium
82b9ed76-6f14-4b73-95ac-db23167127d641,aceitar,Procuro Dominante,Concluido,Worker-Belaria,Processado,Belaria,Heyhugo,Bellum
82b9ed76-6f14-4b73-95ac-db23167127d642,aceitar,Rios mage,Concluido,Worker-Belaria,Processado,Belaria,Choco/Token,Vesperia
82b9ed76-6f14-4b73-95ac-db23167127d643,aceitar,Royal Spear Torta ,Concluido,Worker-Belaria,Processado,Belaria,Lipe,Bellum
82b9ed76-6f14-4b73-95ac-db23167127d644,aceitar,Player Toxica,Concluido,Worker-Belaria,Processado,Belaria,Dudz,Bellum
82b9ed76-6f14-4b73-95ac-db23167127d645,aceitar,Warlord Laharll,Concluido,Worker-Belaria,Processado,Belaria,Pedriin Returnsz,Bellum
82b9ed76-6f14-4b73-95ac-db23167127d646,aceitar,Will Soldador,Concluido,Worker-Belaria,Processado,Belaria,Jota Deathshot,Belaria
82b9ed76-6f14-4b73-95ac-db23167127d647,aceitar,Cappuccino Assassin,Concluido,Worker-Belaria,Processado,Belaria,Dark Vil - Michel Maia,Bellum
82b9ed76-6f14-4b73-95ac-db23167127d648,aceitar,Isakyn,Concluido,Worker-Belaria,Processado,Belaria,Radityz,Auroria
82b9ed76-6f14-4b73-95ac-db23167127d649,aceitar,ARTEMIS WINDSTRIKER,Concluido,Worker-Belaria,Processado,Belaria,MAKERS PARA SER ACEITOS NOS SEGUINTES MUNDOS. - Google Planilhas,Bellum
82b9ed76-6f14-4b73-95ac-db23167127d650,aceitar,Master Kiiller,Concluido,Worker-Belaria,Processado,Belaria,MAKERS PARA SER ACEITOS NOS SEGUINTES MUNDOS. - Google Planilhas,Bellum
82b9ed76-6f14-4b73-95ac-db23167127d651,aceitar,Maker darkside,Concluido,Worker-Belaria,Processado,Belaria,Rickzinn Darkside,Auroria
82b9ed76-6f14-4b73-95ac-db23167127d652,aceitar,Kaetano,Concluido,Worker-Belaria,Processado,Belaria,Magrelinho Blackbelt,Belaria
82b9ed76-6f14-4b73-95ac-db23167127d653,aceitar,Yumi Neverdie,Concluido,Worker-Belaria,Processado,Belaria,Monk Valhalla,Bellum
82b9ed76-6f14-4b73-95ac-db23167127d654,aceitar,Stuart Costelinha,Concluido,Worker-Belaria,Processado,Belaria,Veiga Ttv,Bellum
82b9ed76-6f14-4b73-95ac-db23167127d1429,invite,Masacre Nina,Concluido,Worker-Auroria,Processado,Auroria,Magezyn,Auroria
82b9ed76-6f14-4b73-95ac-db23167127d656,aceitar,Dropadora,Concluido,Worker-Belaria,Processado,Belaria,Rpzao do Rajadao,Tenebrium
82b9ed76-6f14-4b73-95ac-db23167127d657,aceitar,Jow Al,Concluido,Worker-Belaria,Processado,Belaria,Ninik,Vesperia
82b9ed76-6f14-4b73-95ac-db23167127d1458,invite,Casa Caiu Auroria,Concluido,Worker-Auroria,Processado,Auroria,Old Mitira,Bellum
82b9ed76-6f14-4b73-95ac-db23167127d1558,invite,Kadoshy Monke,Concluido,Worker-Auroria,Processado,Auroria,Kadoshy Original,Auroria
82b9ed76-6f14-4b73-95ac-db23167127d660,aceitar,Chachi Navy Seal,Concluido,Worker-Belaria,Processado,Belaria,outlaw strike,Belaria
82b9ed76-6f14-4b73-95ac-db23167127d661,aceitar,Colmeia Do Ben,Concluido,Worker-Belaria,Processado,Belaria,Super Coffeesz,Auroria
82b9ed76-6f14-4b73-95ac-db23167127d662,aceitar,No meu anel,Concluido,Worker-Belaria,Processado,Belaria,Borges ogygia,Belaria
82b9ed76-6f14-4b73-95ac-db23167127d663,aceitar,Make do Terror,Concluido,Worker-Belaria,Processado,Belaria,Dread verdancy,Bellum
82b9ed76-6f14-4b73-95ac-db23167127d1622,invite,Cazzarola,Concluido,Worker-Auroria,Processado,Auroria,Tavin LastChance,Vesperia
82b9ed76-6f14-4b73-95ac-db23167127d665,aceitar,Sabonetin Intimo,Concluido,Worker-Belaria,Processado,Belaria,Vando abc,Vesperia
82b9ed76-6f14-4b73-95ac-db23167127d666,aceitar,Cartoon Cartoon,Concluido,Worker-Belaria,Processado,Belaria,Terror was coming,Tenebrium
82b9ed76-6f14-4b73-95ac-db23167127d667,aceitar,Zero Doiis,Concluido,Worker-Belaria,Processado,Belaria,Mano Bob,Tenebrium
82b9ed76-6f14-4b73-95ac-db23167127d668,aceitar,Ice Rajada,Concluido,Worker-Belaria,Processado,Belaria,Kaiquerah Quintus,Auroria
82b9ed76-6f14-4b73-95ac-db23167127d669,aceitar,Ablu Sorc,Concluido,Worker-Belaria,Processado,Belaria,Ciphra,Bellum
82b9ed76-6f14-4b73-95ac-db23167127d1625,invite,Dark Warlord,Concluido,Worker-Auroria,Processado,Auroria,Gabezord,Auroria
82b9ed76-6f14-4b73-95ac-db23167127d671,aceitar,Abu Mestre,Concluido,Worker-Belaria,Processado,Belaria,Feiijao Texasteam,Auroria
82b9ed76-6f14-4b73-95ac-db23167127d672,aceitar,brasfoot,Concluido,Worker-Belaria,Processado,Belaria,oyster perpetual,Auroria
82b9ed76-6f14-4b73-95ac-db23167127d673,aceitar,Dianzord Lovewar,Concluido,Worker-Belaria,Processado,Belaria,oyster perpetual,Auroria
82b9ed76-6f14-4b73-95ac-db23167127d674,aceitar,Druidbolin,Concluido,Worker-Belaria,Processado,Belaria,Wheymogenin,Bellum
82b9ed76-6f14-4b73-95ac-db23167127d675,aceitar,Pijoliio,Concluido,Worker-Belaria,Processado,Belaria,Pijolito,Auroria
82b9ed76-6f14-4b73-95ac-db23167127d676,aceitar,Makerzeroum,Concluido,Worker-Belaria,Processado,Belaria,Makerzeroum,Belaria
82b9ed76-6f14-4b73-95ac-db23167127d677,aceitar,Drkzinho Belaria,Concluido,Worker-Belaria,Processado,Belaria,Drkzinhow,Bellum
82b9ed76-6f14-4b73-95ac-db23167127d678,aceitar,Drkzinho Belaria,Concluido,Worker-Belaria,Processado,Belaria,Drkzinhow,Bellum
82b9ed76-6f14-4b73-95ac-db23167127d679,aceitar,Siratina,Concluido,Worker-Belaria,Processado,Belaria,Aggressive,Vesperia
82b9ed76-6f14-4b73-95ac-db23167127d680,aceitar,Qiin Shii Huang,Concluido,Worker-Belaria,Processado,Belaria,Yiin,Auroria
82b9ed76-6f14-4b73-95ac-db23167127d681,aceitar,Qiin Shii Huang,Concluido,Worker-Belaria,Processado,Belaria,Yiin,Belaria
82b9ed76-6f14-4b73-95ac-db23167127d682,aceitar,Machineheal,Concluido,Worker-Belaria,Processado,Belaria,Leoncoelyonco,Auroria
82b9ed76-6f14-4b73-95ac-db23167127d683,aceitar,Druid paralyz,Concluido,Worker-Belaria,Processado,Belaria,Doraemond,Auroria
82b9ed76-6f14-4b73-95ac-db23167127d684,aceitar,Sedorff,Concluido,Worker-Belaria,Processado,Belaria,Prmukz,Bellum
82b9ed76-6f14-4b73-95ac-db23167127d685,aceitar,Lone Archer ,Concluido,Worker-Belaria,Processado,Belaria,Worlok,Vesperia
82b9ed76-6f14-4b73-95ac-db23167127d686,aceitar,Assassin Ice,Concluido,Worker-Belaria,Processado,Belaria,Assassin Starc,Auroria
82b9ed76-6f14-4b73-95ac-db23167127d1626,invite,"toin pedrada, tiao pedrada",Concluido,Worker-Auroria,Processado,Auroria,toin pedrada,Auroria
82b9ed76-6f14-4b73-95ac-db23167127d688,aceitar,Luan Lidera,Concluido,Worker-Belaria,Processado,Belaria,Juny Mosken,Belaria
82b9ed76-6f14-4b73-95ac-db23167127d689,aceitar,Refeemsio,Concluido,Worker-Belaria,Processado,Belaria,Refeemsio,Belaria
82b9ed76-6f14-4b73-95ac-db23167127d1627,invite,Ladrao de iphone,Concluido,Worker-Auroria,Processado,Auroria,Morcx,Auroria
82b9ed76-6f14-4b73-95ac-db23167127d691,aceitar,Kiing Seeker,Concluido,Worker-Belaria,Processado,Belaria,Ramno,Vesperia
82b9ed76-6f14-4b73-95ac-db23167127d1635,invite,Teteu gambetta,Concluido,Worker-Auroria,Processado,Auroria,Gambetta bombest ,Auroria
82b9ed76-6f14-4b73-95ac-db23167127d693,aceitar,Luan Lidera,Concluido,Worker-Belaria,Processado,Belaria,Juny Mosken,Belaria
82b9ed76-6f14-4b73-95ac-db23167127d1636,invite,Far ilusiion,Concluido,Worker-Auroria,Processado,Auroria,Gambetta bombest ,Auroria
82b9ed76-6f14-4b73-95ac-db23167127d695,aceitar,Froggy Healer,Concluido,Worker-Belaria,Processado,Belaria,Chuko,Bellum
82b9ed76-6f14-4b73-95ac-db23167127d696,aceitar,Ramno Belaria Defender,Concluido,Worker-Belaria,Processado,Belaria,Ramno,Vesperia
82b9ed76-6f14-4b73-95ac-db23167127d697,aceitar,Marlonshow Camisazero,Concluido,Worker-Belaria,Processado,Belaria,Marleitinho,Vesperia
82b9ed76-6f14-4b73-95ac-db23167127d698,aceitar,Tifol Tifei,Concluido,Worker-Belaria,Processado,Belaria,Tifol Tifei,Belaria
82b9ed76-6f14-4b73-95ac-db23167127d699,aceitar,Picure,Concluido,Worker-Belaria,Processado,Belaria,Liink,Belaria
82b9ed76-6f14-4b73-95ac-db23167127d700,aceitar,Borad Terro,Concluido,Worker-Belaria,Processado,Belaria,Dread Verdancy,Bellum
82b9ed76-6f14-4b73-95ac-db23167127d1637,invite,Mcore,Concluido,Worker-Auroria,Processado,Auroria,Machuca,Auroria
82b9ed76-6f14-4b73-95ac-db23167127d702,aceitar,Byllydkidde druidoido,Concluido,Worker-Belaria,Processado,Belaria,byllydkidde,Vesperia
82b9ed76-6f14-4b73-95ac-db23167127d703,aceitar,Dege correria,Concluido,Worker-Belaria,Processado,Belaria,Ek Pa Hora,Bellum
82b9ed76-6f14-4b73-95ac-db23167127d1658,invite,Enzo Shellpatrocina,Concluido,Worker-Auroria,Processado,Auroria,Enzo Shellpatrocina,Auroria
82b9ed76-6f14-4b73-95ac-db23167127d705,aceitar,Cria Ativo,Concluido,Worker-Belaria,Processado,Belaria,Criativo,Auroria
82b9ed76-6f14-4b73-95ac-db23167127d706,aceitar,Lone Archer,Concluido,Worker-Belaria,Processado,Belaria,Worlok,Vesperia
82b9ed76-6f14-4b73-95ac-db23167127d707,aceitar,Tiziri Mehtap,Concluido,Worker-Belaria,Processado,Belaria,Alipio Triodiesel,Vesperia
82b9ed76-6f14-4b73-95ac-db23167127d708,aceitar,SirMouse,Concluido,Worker-Belaria,Processado,Belaria,Ash Fall,Auroria
82b9ed76-6f14-4b73-95ac-db23167127d709,aceitar,Dietrich Bonhoeffer,Concluido,Worker-Belaria,Processado,Belaria,predaum,Bellum
82b9ed76-6f14-4b73-95ac-db23167127d710,aceitar,Master Bengers Cabum,Concluido,Worker-Belaria,Processado,Belaria,Jiuseppe Edmundo,Tenebrium
82b9ed76-6f14-4b73-95ac-db23167127d711,aceitar,Druid paralyz,Concluido,Worker-Belaria,Processado,Belaria,Doraemond,Belaria
82b9ed76-6f14-4b73-95ac-db23167127d712,aceitar,Druid paralyz,Concluido,Worker-Belaria,Processado,Belaria,Doraemond,Auroria
82b9ed76-6f14-4b73-95ac-db23167127d713,aceitar,Dexcentralized,Concluido,Worker-Belaria,Processado,Belaria,Atropella,Bellum
82b9ed76-6f14-4b73-95ac-db23167127d714,aceitar,Druida kings,Concluido,Worker-Belaria,Processado,Belaria,Babuzim,Belaria
82b9ed76-6f14-4b73-95ac-db23167127d715,aceitar,Senhor Madroga,Concluido,Worker-Belaria,Processado,Belaria,The Paperx,Auroria
82b9ed76-6f14-4b73-95ac-db23167127d716,aceitar,Felipin on belaria ,Concluido,Worker-Belaria,Processado,Belaria,Bellum,! Felipin
82b9ed76-6f14-4b73-95ac-db23167127d717,aceitar,Chachi nave seal,Concluido,Worker-Belaria,Processado,Belaria,?,?
82b9ed76-6f14-4b73-95ac-db23167127d718,aceitar,Machineheal,Concluido,Worker-Belaria,Processado,Belaria,Leoncoelyonco,Auroria
82b9ed76-6f14-4b73-95ac-db23167127d719,aceitar,Ronaldao Paralisa,Concluido,Worker-Belaria,Processado,Belaria,Ronald Fenomenal ,Bellum
82b9ed76-6f14-4b73-95ac-db23167127d720,aceitar,Lady Yunara,Concluido,Worker-Belaria,Processado,Belaria,Vesperia,Warfang
82b9ed76-6f14-4b73-95ac-db23167127d721,aceitar,Jigidiwigidi Belaria Bomba,Concluido,Worker-Belaria,Processado,Belaria,Tenebrium,Jigidiwigidi
82b9ed76-6f14-4b73-95ac-db23167127d722,aceitar,Machineheal,Concluido,Worker-Belaria,Processado,Belaria,Auroria,Leoncoelyonco
82b9ed76-6f14-4b73-95ac-db23167127d723,aceitar,Sah Fadinha,Concluido,Worker-Belaria,Processado,Belaria,Bellum,Chapito
82b9ed76-6f14-4b73-95ac-db23167127d724,aceitar,Vvasq,Concluido,Worker-Belaria,Processado,Belaria,Bellum,Vasq
82b9ed76-6f14-4b73-95ac-db23167127d725,aceitar,Its kajota,Concluido,Worker-Belaria,Processado,Belaria,Vesperia,Keviinhovz
82b9ed76-6f14-4b73-95ac-db23167127d726,aceitar,Nunes de Belaria,Concluido,Worker-Belaria,Processado,Belaria,Bellum,Artur - Cachhero
82b9ed76-6f14-4b73-95ac-db23167127d727,aceitar,quito ed,Concluido,Worker-Belaria,Processado,Belaria,Vesperia,zaupinha
82b9ed76-6f14-4b73-95ac-db23167127d728,aceitar,Cromwell,Concluido,Worker-Belaria,Processado,Belaria,Bellum,Meneghetti
82b9ed76-6f14-4b73-95ac-db23167127d729,aceitar,Inseminadora do Futuro,Concluido,Worker-Belaria,Processado,Belaria,Gabas Trabalhador Honesto,Vesperia
82b9ed76-6f14-4b73-95ac-db23167127d730,aceitar,Japiinhaa,Concluido,Worker-Belaria,Processado,Belaria,Saureta,Vesperia
82b9ed76-6f14-4b73-95ac-db23167127d731,aceitar,Xyvi,Concluido,Worker-Belaria,Processado,Belaria,Fearful Avoid,Bellum
82b9ed76-6f14-4b73-95ac-db23167127d732,aceitar,Xanlyze (O SERVER É MALVERIA),Concluido,Worker-Belaria,Processado,Belaria,Xandesky,Vesperia
82b9ed76-6f14-4b73-95ac-db23167127d733,aceitar,Inseminadora do Futuro,Concluido,Worker-Belaria,Processado,Belaria,Gabas Trabalhador Honesto,Vesperia
82b9ed76-6f14-4b73-95ac-db23167127d734,aceitar,Japiinhaa,Concluido,Worker-Belaria,Processado,Belaria,Ash Fall,Auroria
82b9ed76-6f14-4b73-95ac-db23167127d735,aceitar,Xyvi,Concluido,Worker-Belaria,Processado,Belaria,Richard Bomba,Auroria
82b9ed76-6f14-4b73-95ac-db23167127d736,aceitar,Xanlyze (O SERVER É MALVERIA),Concluido,Worker-Belaria,Processado,Belaria,Fearful Avoid,Bellum
82b9ed76-6f14-4b73-95ac-db23167127d737,aceitar,Deliver,Concluido,Worker-Belaria,Processado,Belaria,The Folshiz,Vesperia
82b9ed76-6f14-4b73-95ac-db23167127d738,aceitar,Gitaninho,Concluido,Worker-Belaria,Processado,Belaria,Voadora Antebrassal,Bellum
82b9ed76-6f14-4b73-95ac-db23167127d739,aceitar,Nando Incandescente,Concluido,Worker-Belaria,Processado,Belaria,Kruzy,Tenebrium
82b9ed76-6f14-4b73-95ac-db23167127d740,aceitar,Nando Incandescente,Concluido,Worker-Belaria,Processado,Belaria,Nando Wrathbow,Auroria
82b9ed76-6f14-4b73-95ac-db23167127d741,aceitar,Frepdota,Concluido,Worker-Belaria,Processado,Belaria,Colizao ,Bellum
82b9ed76-6f14-4b73-95ac-db23167127d742,aceitar,Mata Rhindo,Concluido,Worker-Belaria,Processado,Belaria,Feiijao Texasteam,Auroria
82b9ed76-6f14-4b73-95ac-db23167127d743,aceitar,Juliao Tavares,Concluido,Worker-Belaria,Processado,Belaria,Giovannex,Vesperia
82b9ed76-6f14-4b73-95ac-db23167127d744,aceitar,Vizur Kill,Concluido,Worker-Belaria,Processado,Belaria,Tolkiem Dreamer,Belaria
82b9ed76-6f14-4b73-95ac-db23167127d745,aceitar,Vizur kill,Concluido,Worker-Belaria,Processado,Belaria,Tolkiem Dreamer,Bellum
82b9ed76-6f14-4b73-95ac-db23167127d746,aceitar,Yuttinha Belaria,Concluido,Worker-Belaria,Processado,Belaria,Yutta Tenebroso,Tenebrium
82b9ed76-6f14-4b73-95ac-db23167127d747,aceitar,Excellenceinox,Concluido,Worker-Belaria,Processado,Belaria,Joaovisk motivado,Vesperia
82b9ed76-6f14-4b73-95ac-db23167127d748,aceitar,Mata Rhindo,Concluido,Worker-Belaria,Processado,Belaria,Feiijao Texasteam ,Auroria
82b9ed76-6f14-4b73-95ac-db23167127d749,aceitar,Enzareth,Concluido,Worker-Belaria,Processado,Belaria,Enzo Shellpatrocina,Auroria
82b9ed76-6f14-4b73-95ac-db23167127d750,invite,Horok,Concluido,Worker-Auroria,Processado,Auroria,Horok,Auroria
82b9ed76-6f14-4b73-95ac-db23167127d751,invite,Druida Mata Rindo,Concluido,Worker-Auroria,Processado,Auroria,Interrogante Cyrostore,Bellum
82b9ed76-6f14-4b73-95ac-db23167127d752,invite,Druida Mata Rindo,Concluido,Worker-Auroria,Processado,Auroria,Interrogante Cyrostore,Bellum
82b9ed76-6f14-4b73-95ac-db23167127d753,invite,Pariah,Concluido,Worker-Auroria,Processado,Auroria,Isaac the conqueror ,Auroria
82b9ed76-6f14-4b73-95ac-db23167127d754,invite,Pariah,Concluido,Worker-Auroria,Processado,Auroria,Isaac the conqueror ,Auroria
82b9ed76-6f14-4b73-95ac-db23167127d755,invite,Pena Azull,Concluido,Worker-Auroria,Processado,Auroria,King Luantrs,Auroria
82b9ed76-6f14-4b73-95ac-db23167127d756,invite,Pena Azull,Concluido,Worker-Auroria,Processado,Auroria,King Luantrs,Auroria
82b9ed76-6f14-4b73-95ac-db23167127d757,invite,Pena Azull,Concluido,Worker-Auroria,Processado,Auroria,King Luantrs,Auroria
82b9ed76-6f14-4b73-95ac-db23167127d758,invite,Pena Azull,Concluido,Worker-Auroria,Processado,Auroria,King Luantrs,Auroria
82b9ed76-6f14-4b73-95ac-db23167127d759,invite,Pena Azull,Concluido,Worker-Auroria,Processado,Auroria,King Luantrs,Auroria
82b9ed76-6f14-4b73-95ac-db23167127d760,invite,Pena Azull,Concluido,Worker-Auroria,Processado,Auroria,King Luantrs,Auroria
82b9ed76-6f14-4b73-95ac-db23167127d761,invite,Grimorianita,Concluido,Worker-Auroria,Processado,Auroria,Leodois,Vesperia
82b9ed76-6f14-4b73-95ac-db23167127d762,aceitar,Attax Retro,Concluido,Worker-Bellum,Processado,Bellum,Attax Retro,Auroria
82b9ed76-6f14-4b73-95ac-db23167127d763,aceitar,Calabrezoo,Concluido,Worker-Bellum,Processado,Bellum,Gitano Strikerx,Auroria
82b9ed76-6f14-4b73-95ac-db23167127d764,aceitar,So pego gorda,Concluido,Worker-Bellum,Processado,Bellum,Sully Saagaz,Bellum
82b9ed76-6f14-4b73-95ac-db23167127d765,aceitar,Tuza Isback,Concluido,Worker-Bellum,Processado,Bellum,Laida,Auroria
82b9ed76-6f14-4b73-95ac-db23167127d766,aceitar,Suczera Curador,Concluido,Worker-Bellum,Processado,Bellum,Lilith the Sorc ,Auroria
82b9ed76-6f14-4b73-95ac-db23167127d767,aceitar,Morador de Okolnir,Concluido,Worker-Bellum,Processado,Bellum,Lilith the Sorc,Auroria
82b9ed76-6f14-4b73-95ac-db23167127d768,aceitar,Melhor jungler brasil,Concluido,Worker-Bellum,Processado,Bellum,Shadowziin kdiq,Auroria
82b9ed76-6f14-4b73-95ac-db23167127d769,aceitar,Pepee ,Concluido,Worker-Bellum,Processado,Bellum,Dark of,Tenebrium
82b9ed76-6f14-4b73-95ac-db23167127d770,aceitar,Bateu tomou,Concluido,Worker-Bellum,Processado,Bellum,Shadowziin kdiq,Auroria
82b9ed76-6f14-4b73-95ac-db23167127d771,aceitar,Rodney Spectrum,Concluido,Worker-Bellum,Processado,Bellum,Pe Drin Ereeiantes,Tenebrium
82b9ed76-6f14-4b73-95ac-db23167127d772,aceitar,Pe Drin Naoseipq,Concluido,Worker-Bellum,Processado,Bellum,Pe Drin Ereeiantes,Tenebrium
82b9ed76-6f14-4b73-95ac-db23167127d773,aceitar,Toka terror bellum,Concluido,Worker-Bellum,Processado,Bellum,Toka terror,Auroria
82b9ed76-6f14-4b73-95ac-db23167127d1659,invite,Calma Aioria,Concluido,Worker-Auroria,Processado,Auroria,Calma Por Favor,Bellum
82b9ed76-6f14-4b73-95ac-db23167127d775,aceitar,Atribulador de HUNT second,Concluido,Worker-Bellum,Processado,Bellum,Oknight asso,Tenebrium
82b9ed76-6f14-4b73-95ac-db23167127d776,aceitar,Xurupita Bellum,Concluido,Worker-Bellum,Processado,Bellum,Archer Arrow,Auroria
82b9ed76-6f14-4b73-95ac-db23167127d1660,invite,Ribas neutrinho,Concluido,Worker-Auroria,Processado,Auroria,Oknight asso ,Tenebrium
82b9ed76-6f14-4b73-95ac-db23167127d778,aceitar,Mohudhy,Concluido,Worker-Bellum,Processado,Bellum,Lipe Urbanpatrocina,Auroria
82b9ed76-6f14-4b73-95ac-db23167127d779,aceitar,Geniio Max,Concluido,Worker-Bellum,Processado,Bellum,Old reed,Auroria
82b9ed76-6f14-4b73-95ac-db23167127d780,aceitar,Loider,Concluido,Worker-Bellum,Processado,Bellum,Green Hat,Vesperia
82b9ed76-6f14-4b73-95ac-db23167127d781,aceitar,charlie mix bellum,Concluido,Worker-Bellum,Processado,Bellum,charlie mix,Vesperia
82b9ed76-6f14-4b73-95ac-db23167127d782,aceitar,Cronos nueve seis,Concluido,Worker-Bellum,Processado,Bellum,Lord Cuscuz,Vesperia
82b9ed76-6f14-4b73-95ac-db23167127d783,aceitar,Quasee Deeuu,Concluido,Worker-Bellum,Processado,Bellum,Catador de Yayas,Vesperia
82b9ed76-6f14-4b73-95ac-db23167127d784,aceitar,Otto on bellum,Concluido,Worker-Bellum,Processado,Bellum,Otto Lara,Vesperia
82b9ed76-6f14-4b73-95ac-db23167127d785,aceitar,Meta Bellum,Concluido,Worker-Bellum,Processado,Bellum,Demonarkk,Auroria
82b9ed76-6f14-4b73-95ac-db23167127d786,aceitar,Ottin Marcha Lenta,Concluido,Worker-Bellum,Processado,Bellum,Otto Lara,Vesperia
82b9ed76-6f14-4b73-95ac-db23167127d1661,invite,Lee Xei Ro,Concluido,Worker-Auroria,Processado,Auroria,Jiuston teja,Auroria
82b9ed76-6f14-4b73-95ac-db23167127d788,aceitar,Edentro,Concluido,Worker-Bellum,Processado,Bellum,Rhirin Orios on Rubinot,Tenebrium
82b9ed76-6f14-4b73-95ac-db23167127d1662,invite,Letsbora,Concluido,Worker-Auroria,Processado,Auroria,SKELTH IMPROVED,Bellum
82b9ed76-6f14-4b73-95ac-db23167127d790,aceitar,Mara Maraisa,Concluido,Worker-Bellum,Processado,Bellum,Queridinho Do Chefe,Vesperia
82b9ed76-6f14-4b73-95ac-db23167127d791,aceitar,Souza Quentao,Concluido,Worker-Bellum,Processado,Bellum,Paragon Pro,Auroria
82b9ed76-6f14-4b73-95ac-db23167127d792,aceitar,Darwinho,Concluido,Worker-Bellum,Processado,Bellum,Charles Darwin,Vesperia
82b9ed76-6f14-4b73-95ac-db23167127d793,aceitar,Mago Boombaxx,Concluido,Worker-Bellum,Processado,Bellum,Natan Catarina ,Vesperia
82b9ed76-6f14-4b73-95ac-db23167127d794,aceitar,Vinizt Bellum,Concluido,Worker-Bellum,Processado,Bellum,Vinizt,Bellum
82b9ed76-6f14-4b73-95ac-db23167127d795,aceitar,Babuzim,Concluido,Worker-Bellum,Processado,Bellum,Babuzim,Bellum
82b9ed76-6f14-4b73-95ac-db23167127d796,aceitar,Laranja de Raul,Concluido,Worker-Bellum,Processado,Bellum,Braboerim on rubinot,Bellum
82b9ed76-6f14-4b73-95ac-db23167127d797,aceitar,El mantecoso,Concluido,Worker-Bellum,Processado,Bellum,Braboerim on rubinot,Bellum
82b9ed76-6f14-4b73-95ac-db23167127d798,aceitar,Yugi San,Concluido,Worker-Bellum,Processado,Bellum,kaybarushback,Bellum
82b9ed76-6f14-4b73-95ac-db23167127d799,aceitar,Anel,Concluido,Worker-Bellum,Processado,Bellum,Royal looter,Auroria
82b9ed76-6f14-4b73-95ac-db23167127d800,aceitar,Babuzim,Concluido,Worker-Bellum,Processado,Bellum,Babuzim,Bellum
82b9ed76-6f14-4b73-95ac-db23167127d801,aceitar,Hicorex,Concluido,Worker-Bellum,Processado,Bellum,Hicorex,Tenebrium
82b9ed76-6f14-4b73-95ac-db23167127d802,aceitar,Hikivax,Concluido,Worker-Bellum,Processado,Bellum,Ultra returns ,Tenebrium
82b9ed76-6f14-4b73-95ac-db23167127d803,aceitar,Cronos nueve seis,Concluido,Worker-Bellum,Processado,Bellum,Lord Cuscuz,Vesperia
82b9ed76-6f14-4b73-95ac-db23167127d804,aceitar,Kiing Forest,Concluido,Worker-Bellum,Processado,Bellum,Returned Xaullin,Tenebrium
82b9ed76-6f14-4b73-95ac-db23167127d805,aceitar,Druida Kings,Concluido,Worker-Bellum,Processado,Bellum,Babuzim,Bellum
82b9ed76-6f14-4b73-95ac-db23167127d806,aceitar,Lukaao Pvpking,Concluido,Worker-Bellum,Processado,Bellum,Payne Megazord,Tenebrium
82b9ed76-6f14-4b73-95ac-db23167127d807,aceitar,Lambari Analista,Concluido,Worker-Bellum,Processado,Bellum,Lambari Analista,Bellum
82b9ed76-6f14-4b73-95ac-db23167127d808,aceitar,Super Tuuxao,Concluido,Worker-Bellum,Processado,Bellum,Super Tuuxao,Bellum
82b9ed76-6f14-4b73-95ac-db23167127d1663,invite,Lord Aiden,Concluido,Worker-Auroria,Processado,Auroria,Bullseyesz Nikity,Auroria
82b9ed76-6f14-4b73-95ac-db23167127d1664,invite,Nya Fullbomb,Concluido,Worker-Auroria,Processado,Auroria,Bullseyesz Nikity,Auroria
82b9ed76-6f14-4b73-95ac-db23167127d811,aceitar,Lambe Sedinha,Concluido,Worker-Bellum,Processado,Bellum,Lambe Sedah,Auroria
82b9ed76-6f14-4b73-95ac-db23167127d812,aceitar,Nordeste Faz Amor,Concluido,Worker-Bellum,Processado,Bellum,Nordeste Jebcruzado,Auroria
82b9ed76-6f14-4b73-95ac-db23167127d813,aceitar,Carnack kin,Concluido,Worker-Bellum,Processado,Bellum,sub comander,Vesperia
82b9ed76-6f14-4b73-95ac-db23167127d814,aceitar,Thiaguinho Da Audi,Concluido,Worker-Bellum,Processado,Bellum,Thiaguinho Troca Soco,Auroria
82b9ed76-6f14-4b73-95ac-db23167127d815,aceitar,Fohuke On Spectrunn,Concluido,Worker-Bellum,Processado,Bellum,Fohuke On Belaria,Auroria
82b9ed76-6f14-4b73-95ac-db23167127d816,aceitar,Dgreturn Bellum,Concluido,Worker-Bellum,Processado,Bellum,Dg Return,Auroria
82b9ed76-6f14-4b73-95ac-db23167127d817,aceitar,Holyyzera Paralyzer,Concluido,Worker-Bellum,Processado,Bellum,Holyzera Destroyer,Bellum
82b9ed76-6f14-4b73-95ac-db23167127d818,aceitar,Alemao Hunted,Concluido,Worker-Bellum,Processado,Bellum,Bow Sonaro,Vesperia
82b9ed76-6f14-4b73-95ac-db23167127d819,aceitar,Gpsorce,Concluido,Worker-Bellum,Processado,Bellum,Paulin Fucklove,Vesperia
82b9ed76-6f14-4b73-95ac-db23167127d820,aceitar,Alabasto,Concluido,Worker-Bellum,Processado,Bellum,Banzay Mage,Auroria
82b9ed76-6f14-4b73-95ac-db23167127d821,aceitar,Mata Frangos,Concluido,Worker-Bellum,Processado,Bellum,Banzay Mage,Auroria
82b9ed76-6f14-4b73-95ac-db23167127d822,aceitar,Spectrum Patroono,Concluido,Worker-Bellum,Processado,Bellum,Banzay Mage,Auroria
82b9ed76-6f14-4b73-95ac-db23167127d823,aceitar,Vermifugo,Concluido,Worker-Bellum,Processado,Bellum,Token black,Vesperia
82b9ed76-6f14-4b73-95ac-db23167127d824,aceitar,Tilimboco,Concluido,Worker-Bellum,Processado,Bellum,Heyhugo,Bellum
82b9ed76-6f14-4b73-95ac-db23167127d1665,invite,Nya Fullbombxd,Concluido,Worker-Auroria,Processado,Auroria,Bullseyesz Nikity,Auroria
82b9ed76-6f14-4b73-95ac-db23167127d826,aceitar,Dezpraseis,Concluido,Worker-Bellum,Processado,Bellum,Dark Vil,Bellum
82b9ed76-6f14-4b73-95ac-db23167127d827,aceitar,Comedor de Katamesas,Concluido,Worker-Bellum,Processado,Bellum,Master Katalata,Auroria
82b9ed76-6f14-4b73-95ac-db23167127d828,aceitar,Fabrikmutter,Concluido,Worker-Bellum,Processado,Bellum,Radityz,Auroria
82b9ed76-6f14-4b73-95ac-db23167127d829,aceitar,Catarina defender,Concluido,Worker-Bellum,Processado,Bellum,Ekbomb Catarina,Vesperia
82b9ed76-6f14-4b73-95ac-db23167127d1666,invite,Soo Zabimaru,Concluido,Worker-Auroria,Processado,Auroria,Bullseyesz Nikity,Auroria
82b9ed76-6f14-4b73-95ac-db23167127d831,aceitar,Rexona on belum,Concluido,Worker-Bellum,Processado,Bellum,Rickzinn Darkside,Auroria
82b9ed76-6f14-4b73-95ac-db23167127d1667,invite,mi moonberry,Concluido,Worker-Auroria,Processado,Auroria,Toka terror,Auroria
82b9ed76-6f14-4b73-95ac-db23167127d833,aceitar,Bielovski,Concluido,Worker-Bellum,Processado,Bellum,Leirbag On Tenebrium,Tenebrium
82b9ed76-6f14-4b73-95ac-db23167127d834,aceitar,Icetabaco,Concluido,Worker-Bellum,Processado,Bellum,Leirbag On Tenebrium,Tenebrium
82b9ed76-6f14-4b73-95ac-db23167127d835,aceitar,Zuadiinhoo,Concluido,Worker-Bellum,Processado,Bellum,Cagueta,Auroria
82b9ed76-6f14-4b73-95ac-db23167127d836,aceitar,Foguete,Concluido,Worker-Bellum,Processado,Bellum,King Nunoxx,Tenebrium
82b9ed76-6f14-4b73-95ac-db23167127d837,aceitar,Malbek,Concluido,Worker-Bellum,Processado,Bellum,Amoraa Rp,Vesperia
82b9ed76-6f14-4b73-95ac-db23167127d838,aceitar,Tunadinho,Concluido,Worker-Bellum,Processado,Bellum,Tunado,Auroria
82b9ed76-6f14-4b73-95ac-db23167127d839,aceitar,Moscou Morreu dnv,Concluido,Worker-Bellum,Processado,Bellum,Rpzao do Rajadao,Tenebrium
82b9ed76-6f14-4b73-95ac-db23167127d840,aceitar,Fohuke On Spectrum,Concluido,Worker-Bellum,Processado,Bellum,Fohuke On Belaria,Auroria
82b9ed76-6f14-4b73-95ac-db23167127d841,aceitar,Curucolos,Concluido,Worker-Bellum,Processado,Bellum,Michuru,Auroria
82b9ed76-6f14-4b73-95ac-db23167127d842,aceitar,Curinga Mexicano ,Concluido,Worker-Bellum,Processado,Bellum,Wero Leyenda ,Auroria
82b9ed76-6f14-4b73-95ac-db23167127d843,aceitar,Zigger Imundice ,Concluido,Worker-Bellum,Processado,Bellum,Wero Leyenda ,Auroria
82b9ed76-6f14-4b73-95ac-db23167127d844,aceitar,Dutra Matacoitado,Concluido,Worker-Bellum,Processado,Bellum,Dutrazs,Auroria
82b9ed76-6f14-4b73-95ac-db23167127d845,aceitar,Baja Mira,Concluido,Worker-Bellum,Processado,Bellum,outlaw strike,Auroria
82b9ed76-6f14-4b73-95ac-db23167127d1668,invite,Elder Panxor,Concluido,Worker-Auroria,Processado,Auroria,Elder Panxor,Auroria
82b9ed76-6f14-4b73-95ac-db23167127d847,aceitar,Shadow druid,Concluido,Worker-Bellum,Processado,Bellum,Robertin Forever Neverlight ,Auroria
82b9ed76-6f14-4b73-95ac-db23167127d848,aceitar,Notthingszter ,Concluido,Worker-Bellum,Processado,Bellum,Notthingszter ,Bellum
82b9ed76-6f14-4b73-95ac-db23167127d849,aceitar,Cuuringaa,Concluido,Worker-Bellum,Processado,Bellum,Cure bosk,Bellum
82b9ed76-6f14-4b73-95ac-db23167127d850,aceitar,Kina Dojob,Concluido,Worker-Bellum,Processado,Bellum,Saboor Paladiin,Bellum
82b9ed76-6f14-4b73-95ac-db23167127d851,aceitar,Last ralws,Concluido,Worker-Bellum,Processado,Bellum,Boomy,Bellum
82b9ed76-6f14-4b73-95ac-db23167127d852,aceitar,No Hay Plat,Concluido,Worker-Bellum,Processado,Bellum,Jjaquerisa ,Auroria
82b9ed76-6f14-4b73-95ac-db23167127d853,aceitar,Jeferson Caminhoes,Concluido,Worker-Bellum,Processado,Bellum,fearful avoid,Bellum
82b9ed76-6f14-4b73-95ac-db23167127d854,aceitar,Arturowk,Concluido,Worker-Bellum,Processado,Bellum,Dinhowz,Tenebrium
82b9ed76-6f14-4b73-95ac-db23167127d1765,invite,The Lloyd,Concluido,Worker-Auroria,Processado,Auroria,Galego Bahia,Tenebrium
82b9ed76-6f14-4b73-95ac-db23167127d856,aceitar,Muajajas,Concluido,Worker-Bellum,Processado,Bellum,Muajajaa,Auroria
82b9ed76-6f14-4b73-95ac-db23167127d857,aceitar,Luan Ascended Bellum,Concluido,Worker-Bellum,Processado,Bellum,Gaahz,Auroria
82b9ed76-6f14-4b73-95ac-db23167127d858,aceitar,Drakon Archer,Concluido,Worker-Bellum,Processado,Bellum,Ciphra,Bellum
82b9ed76-6f14-4b73-95ac-db23167127d859,aceitar,Analista Senior Treinamento,Concluido,Worker-Bellum,Processado,Bellum,Thank God,Vesperia
82b9ed76-6f14-4b73-95ac-db23167127d860,aceitar,Keven here,Concluido,Worker-Bellum,Processado,Bellum,Falckz,Falckz
82b9ed76-6f14-4b73-95ac-db23167127d861,aceitar,Curucolos,Concluido,Worker-Bellum,Processado,Bellum,Michuru,Auroria
82b9ed76-6f14-4b73-95ac-db23167127d862,aceitar,Curinga Mexicano ,Concluido,Worker-Bellum,Processado,Bellum,Wero Leyenda ,Auroria
82b9ed76-6f14-4b73-95ac-db23167127d863,aceitar,Zigger Imundice ,Concluido,Worker-Bellum,Processado,Bellum,Wero Leyenda ,Auroria
82b9ed76-6f14-4b73-95ac-db23167127d864,aceitar,Dutra Matacoitado,Concluido,Worker-Bellum,Processado,Bellum,Dutrazs,Auroria
82b9ed76-6f14-4b73-95ac-db23167127d865,aceitar,Baja Mira,Concluido,Worker-Bellum,Processado,Bellum,outlaw strike,Auroria
82b9ed76-6f14-4b73-95ac-db23167127d866,aceitar,Bomba Do Coffessz,Concluido,Worker-Bellum,Processado,Bellum,Super Coffeesz,Auroria
82b9ed76-6f14-4b73-95ac-db23167127d867,aceitar,Shadow druid,Concluido,Worker-Bellum,Processado,Bellum,Robertin Forever Neverlight ,Auroria
82b9ed76-6f14-4b73-95ac-db23167127d868,aceitar,Notthingszter ,Concluido,Worker-Bellum,Processado,Bellum,Notthingszter ,Bellum
82b9ed76-6f14-4b73-95ac-db23167127d869,aceitar,Cuuringaa,Concluido,Worker-Bellum,Processado,Bellum,Cure bosk,Bellum
82b9ed76-6f14-4b73-95ac-db23167127d870,aceitar,Kina Dojob,Concluido,Worker-Bellum,Processado,Bellum,Saboor Paladiin,Bellum
82b9ed76-6f14-4b73-95ac-db23167127d871,aceitar,Last ralws,Concluido,Worker-Bellum,Processado,Bellum,Boomy,Bellum
82b9ed76-6f14-4b73-95ac-db23167127d872,aceitar,No Hay Plat,Concluido,Worker-Bellum,Processado,Bellum,Jjaquerisa ,Auroria
82b9ed76-6f14-4b73-95ac-db23167127d873,aceitar,Jeferson Caminhoes,Concluido,Worker-Bellum,Processado,Bellum,fearful avoid,Bellum
82b9ed76-6f14-4b73-95ac-db23167127d874,aceitar,Arturowk,Concluido,Worker-Bellum,Processado,Bellum,Dinhowz,Tenebrium
82b9ed76-6f14-4b73-95ac-db23167127d1766,invite,Fantasy Mata Rindo,Concluido,Worker-Auroria,Processado,Auroria,Authorized To Kill,Tenebrium
82b9ed76-6f14-4b73-95ac-db23167127d876,aceitar,Muajajas,Concluido,Worker-Bellum,Processado,Bellum,Muajajaa,Auroria
82b9ed76-6f14-4b73-95ac-db23167127d877,aceitar,Luan Ascended Bellum,Concluido,Worker-Bellum,Processado,Bellum,Gaahz,Auroria
82b9ed76-6f14-4b73-95ac-db23167127d1770,invite,Valterinoo Bomb,Concluido,Worker-Auroria,Processado,Auroria,Baphomet Blessings,Tenebrium
82b9ed76-6f14-4b73-95ac-db23167127d879,aceitar,Analista Senior Treinamento,Concluido,Worker-Bellum,Processado,Bellum,Thank God,Vesperia
82b9ed76-6f14-4b73-95ac-db23167127d880,aceitar,Titovisck,Concluido,Worker-Bellum,Processado,Bellum,Mika Megazord,Vesperia
82b9ed76-6f14-4b73-95ac-db23167127d881,aceitar,Rp Do Dende,Concluido,Worker-Bellum,Processado,Bellum,Black Rabbith,Vesperia
82b9ed76-6f14-4b73-95ac-db23167127d882,aceitar,Rp Do Dende,Concluido,Worker-Bellum,Processado,Bellum,Black Rabbith,Vesperia
82b9ed76-6f14-4b73-95ac-db23167127d883,aceitar,Inconveniente,Concluido,Worker-Bellum,Processado,Bellum,Black Rabbith,Vesperia
82b9ed76-6f14-4b73-95ac-db23167127d884,aceitar,Leobel,Concluido,Worker-Bellum,Processado,Bellum,Leodois,Vesperia
82b9ed76-6f14-4b73-95ac-db23167127d885,aceitar,Gandalf Aayron,Concluido,Worker-Bellum,Processado,Bellum,Dragomazze ,Auroria
82b9ed76-6f14-4b73-95ac-db23167127d886,aceitar,Papador de Papa Mike,Concluido,Worker-Bellum,Processado,Bellum,Papador de Papa Mike,Bellum
82b9ed76-6f14-4b73-95ac-db23167127d887,aceitar,Rae Sremmurd,Concluido,Worker-Bellum,Processado,Bellum,sol cruel,Auroria
82b9ed76-6f14-4b73-95ac-db23167127d888,aceitar,No Hay Plat,Concluido,Worker-Bellum,Processado,Bellum,Jjaquerisa ,Auroria
82b9ed76-6f14-4b73-95ac-db23167127d889,aceitar,Robertin Bellum,Concluido,Worker-Bellum,Processado,Bellum,Robertin mata otaku,Bellum
82b9ed76-6f14-4b73-95ac-db23167127d890,aceitar,Pusch On Bellum,Concluido,Worker-Bellum,Processado,Bellum,Augusto Pusch,Auroria
82b9ed76-6f14-4b73-95ac-db23167127d891,aceitar,Comedor de Katamesas,Concluido,Worker-Bellum,Processado,Bellum,Master Katalata,Auroria
82b9ed76-6f14-4b73-95ac-db23167127d1775,invite,Evil on auroria ,Concluido,Worker-Auroria,Processado,Auroria,Evil on auroria ,Auroria
82b9ed76-6f14-4b73-95ac-db23167127d893,aceitar,Meaplicaram Resenha,Concluido,Worker-Bellum,Processado,Bellum,Apolo Pally,Auroria
82b9ed76-6f14-4b73-95ac-db23167127d894,aceitar,Robertin Bellum,Concluido,Worker-Bellum,Processado,Bellum,ROBERTIN MATA OTAKU,Auroria
82b9ed76-6f14-4b73-95ac-db23167127d895,aceitar,Comedor de Katamesas,Concluido,Worker-Bellum,Processado,Bellum,Master Katalata,Auroria
82b9ed76-6f14-4b73-95ac-db23167127d896,aceitar,Nazz Costura,Concluido,Worker-Bellum,Processado,Bellum,Dark Spectral,Auroria
82b9ed76-6f14-4b73-95ac-db23167127d897,aceitar,Felipin Do Macete,Concluido,Worker-Bellum,Processado,Bellum,Dark Spectral,Auroria
82b9ed76-6f14-4b73-95ac-db23167127d898,aceitar,Rhaz alghul,Concluido,Worker-Bellum,Processado,Bellum,Dreizao Holyarrow,Auroria
82b9ed76-6f14-4b73-95ac-db23167127d899,aceitar,Oi enteado,Concluido,Worker-Bellum,Processado,Bellum,Full melt,Auroria
82b9ed76-6f14-4b73-95ac-db23167127d900,aceitar,Dohaeras Vany,Concluido,Worker-Bellum,Processado,Bellum,Dohaeras Vany,Bellum
82b9ed76-6f14-4b73-95ac-db23167127d901,aceitar,Cachorro On Spectrum,Concluido,Worker-Bellum,Processado,Bellum,Cachorro on Vesperia,Vesperia
82b9ed76-6f14-4b73-95ac-db23167127d902,aceitar,Pijolioo,Concluido,Worker-Bellum,Processado,Bellum,Pijolito,Auroria
82b9ed76-6f14-4b73-95ac-db23167127d903,aceitar,Big Jane,Concluido,Worker-Bellum,Processado,Bellum,Puff Pass,Auroria
82b9ed76-6f14-4b73-95ac-db23167127d904,aceitar,Billy Kid Careca Jack,Concluido,Worker-Bellum,Processado,Bellum,Emythe Zeronov,Auroria
82b9ed76-6f14-4b73-95ac-db23167127d1776,invite,Slim shady careca,Concluido,Worker-Auroria,Processado,Auroria,Evil on auroria ,Auroria
82b9ed76-6f14-4b73-95ac-db23167127d906,aceitar,Chiikeen Kush,Concluido,Worker-Bellum,Processado,Bellum,Silveer,Tenebrium
82b9ed76-6f14-4b73-95ac-db23167127d907,aceitar,Giusts,Concluido,Worker-Bellum,Processado,Bellum,Delanay gzz,Auroria
82b9ed76-6f14-4b73-95ac-db23167127d1777,invite,Evil on spectrum,Concluido,Worker-Auroria,Processado,Auroria,Evil on auroria ,Auroria
82b9ed76-6f14-4b73-95ac-db23167127d909,aceitar,Sheldoon,Concluido,Worker-Bellum,Processado,Bellum,Slash Traidor,Tenebrium
82b9ed76-6f14-4b73-95ac-db23167127d910,aceitar,Jack Sucuri,Concluido,Worker-Bellum,Processado,Bellum,Sonhatore,Bellum
82b9ed76-6f14-4b73-95ac-db23167127d911,aceitar,Jack Sucuri,Concluido,Worker-Bellum,Processado,Bellum,Sonhatore,Vesperia
82b9ed76-6f14-4b73-95ac-db23167127d912,aceitar,Chup Cabraa,Concluido,Worker-Bellum,Processado,Bellum,Belarianesca,Bellum
82b9ed76-6f14-4b73-95ac-db23167127d913,aceitar,Chioe,Concluido,Worker-Bellum,Processado,Bellum,Yiin,Auroria
82b9ed76-6f14-4b73-95ac-db23167127d914,aceitar,Chioe,Concluido,Worker-Bellum,Processado,Bellum,Yiin,Auroria
82b9ed76-6f14-4b73-95ac-db23167127d915,aceitar,Cochi ed,Concluido,Worker-Bellum,Processado,Bellum,Purjm,Vesperia
82b9ed76-6f14-4b73-95ac-db23167127d916,aceitar,Fujinami,Concluido,Worker-Bellum,Processado,Bellum,Leoncoelyonco,Auroria
82b9ed76-6f14-4b73-95ac-db23167127d917,aceitar,Duzeek Bombed,Concluido,Worker-Bellum,Processado,Bellum,Duuzek,Tenebrium
82b9ed76-6f14-4b73-95ac-db23167127d918,aceitar,Jowjow Palito,Concluido,Worker-Bellum,Processado,Bellum,Doraemond,Auroria
82b9ed76-6f14-4b73-95ac-db23167127d919,aceitar,Cafferino,Concluido,Worker-Bellum,Processado,Bellum,Hax Rajadao,Bellum
82b9ed76-6f14-4b73-95ac-db23167127d920,aceitar,Psilocibino,Concluido,Worker-Bellum,Processado,Bellum,Sildekiinhow,Bellum
82b9ed76-6f14-4b73-95ac-db23167127d921,aceitar,Alhulhu,Concluido,Worker-Bellum,Processado,Bellum,Joaoziinhow,Bellum
82b9ed76-6f14-4b73-95ac-db23167127d1778,invite,Kranesh,Concluido,Worker-Auroria,Processado,Auroria,Evil on auroria ,Auroria
82b9ed76-6f14-4b73-95ac-db23167127d923,aceitar,Biszk,Concluido,Worker-Bellum,Processado,Bellum,King pingola shellpatrocina,Auroria
82b9ed76-6f14-4b73-95ac-db23167127d924,aceitar,Kiing Seeker,Concluido,Worker-Bellum,Processado,Bellum,Dileco on Vesperia,Vesperia
82b9ed76-6f14-4b73-95ac-db23167127d1787,invite,Calma Aioria,Concluido,Worker-Auroria,Processado,Auroria,Calma Por Favor,Bellum
82b9ed76-6f14-4b73-95ac-db23167127d926,aceitar,Essede Notoba,Concluido,Worker-Bellum,Processado,Bellum,Assassin Starc,Auroria
82b9ed76-6f14-4b73-95ac-db23167127d927,aceitar,Conradao Do Ot,Concluido,Worker-Bellum,Processado,Bellum,Guizao sereno ,Bellum
82b9ed76-6f14-4b73-95ac-db23167127d928,aceitar,Hoopsone,Concluido,Worker-Bellum,Processado,Bellum,Conradao Do Ot,Bellum
82b9ed76-6f14-4b73-95ac-db23167127d929,aceitar,Haaxii on Rubinot,Concluido,Worker-Bellum,Processado,Bellum,Imthz,Bellum
82b9ed76-6f14-4b73-95ac-db23167127d1790,invite,Assukah corredorzinho,Concluido,Worker-Auroria,Processado,Auroria,Marechal Gustavo ,Auroria
82b9ed76-6f14-4b73-95ac-db23167127d931,aceitar,Apedrejador,Concluido,Worker-Bellum,Processado,Bellum,Vesperia,Marleitinho
82b9ed76-6f14-4b73-95ac-db23167127d932,aceitar,Kiing Seeker,Concluido,Worker-Bellum,Processado,Bellum,vibrakripy,Tenebrium
82b9ed76-6f14-4b73-95ac-db23167127d1792,invite,Sir soulrender,Concluido,Worker-Auroria,Processado,Auroria,Machuca,Auroria
82b9ed76-6f14-4b73-95ac-db23167127d934,aceitar,Essede Notoba,Concluido,Worker-Bellum,Processado,Bellum,Guizao sereno ,Bellum
82b9ed76-6f14-4b73-95ac-db23167127d935,aceitar,Conradao Do Ot,Concluido,Worker-Bellum,Processado,Bellum,Conradao Do Ot,Bellum
82b9ed76-6f14-4b73-95ac-db23167127d936,aceitar,Hoopsone,Concluido,Worker-Bellum,Processado,Bellum,Imthz,Bellum
82b9ed76-6f14-4b73-95ac-db23167127d937,aceitar,Haaxii on Rubinot,Concluido,Worker-Bellum,Processado,Bellum,Garadevill,Vesperia
82b9ed76-6f14-4b73-95ac-db23167127d938,aceitar,Don abusado,Concluido,Worker-Bellum,Processado,Bellum,Don maguinho,Vesperia
82b9ed76-6f14-4b73-95ac-db23167127d939,aceitar,Embrulho Soco,Concluido,Worker-Bellum,Processado,Bellum,Dread verdancy,Bellum
82b9ed76-6f14-4b73-95ac-db23167127d1794,invite,Cat Black Bomb,Concluido,Worker-Auroria,Processado,Auroria,Cat Black Ofc,Auroria
82b9ed76-6f14-4b73-95ac-db23167127d941,aceitar,Leevy Ack,Concluido,Worker-Bellum,Processado,Bellum,Sildekiinhow,Bellum
82b9ed76-6f14-4b73-95ac-db23167127d1795,invite,Thorvaum,Concluido,Worker-Auroria,Processado,Auroria,Thorvaum,Auroria
82b9ed76-6f14-4b73-95ac-db23167127d943,aceitar,Drapsnatt,Concluido,Worker-Bellum,Processado,Bellum,Riio Sea Devil,Auroria
82b9ed76-6f14-4b73-95ac-db23167127d944,aceitar,Vamos Vamos,Concluido,Worker-Bellum,Processado,Bellum,Baruk,Auroria
82b9ed76-6f14-4b73-95ac-db23167127d945,aceitar,Vamos Vamos,Concluido,Worker-Bellum,Processado,Bellum,Baruk,Auroria
82b9ed76-6f14-4b73-95ac-db23167127d946,aceitar,Domilhoo,Concluido,Worker-Bellum,Processado,Bellum,Nckzerah Exorcista,Tenebrium
82b9ed76-6f14-4b73-95ac-db23167127d947,aceitar,Vamos Vamos,Concluido,Worker-Bellum,Processado,Bellum,Baruk,Auroria
82b9ed76-6f14-4b73-95ac-db23167127d948,aceitar,Ceifador on Bellum,Concluido,Worker-Bellum,Processado,Bellum,King Nimitz ,Auroria
82b9ed76-6f14-4b73-95ac-db23167127d949,aceitar,Vitinho Tadafilado,Concluido,Worker-Bellum,Processado,Bellum,Vitinho Side,Tenebrium
82b9ed76-6f14-4b73-95ac-db23167127d950,aceitar,Juuba tv,Concluido,Worker-Bellum,Processado,Bellum,Juba vimderp,Bellum
82b9ed76-6f14-4b73-95ac-db23167127d951,aceitar,Abrakadabrah,Concluido,Worker-Bellum,Processado,Bellum,King Dinoblack,Vesperia
82b9ed76-6f14-4b73-95ac-db23167127d952,aceitar,Knightt Confusoo,Concluido,Worker-Bellum,Processado,Bellum,Rhaenyraa Targaryenn,Vesperia
82b9ed76-6f14-4b73-95ac-db23167127d953,aceitar,Tyzeum,Concluido,Worker-Bellum,Processado,Bellum,Criativo,Bellum
82b9ed76-6f14-4b73-95ac-db23167127d954,aceitar,Don abusado,Concluido,Worker-Bellum,Processado,Bellum,Don maguinho,Vesperia
82b9ed76-6f14-4b73-95ac-db23167127d1798,invite,sonny,Concluido,Worker-Auroria,Processado,Auroria,Sonny Kaos,Auroria
82b9ed76-6f14-4b73-95ac-db23167127d956,aceitar,Marcelo falso,Concluido,Worker-Bellum,Processado,Bellum,Neto Psikopata,Auroria
82b9ed76-6f14-4b73-95ac-db23167127d957,aceitar,Beritas,Concluido,Worker-Bellum,Processado,Bellum,Ash Fall,Auroria
82b9ed76-6f14-4b73-95ac-db23167127d958,aceitar,Fujinami,Concluido,Worker-Bellum,Processado,Bellum,Leoncoelyonco,Auroria
82b9ed76-6f14-4b73-95ac-db23167127d959,aceitar,Shadowfaxx,Concluido,Worker-Bellum,Processado,Bellum,Jiuseppe Edmundo,Tenebrium
82b9ed76-6f14-4b73-95ac-db23167127d960,aceitar,Tainha Nocilibrim,Concluido,Worker-Bellum,Processado,Bellum,Pato Nautico,Auroria
82b9ed76-6f14-4b73-95ac-db23167127d1799,invite,sonny,Concluido,Worker-Auroria,Processado,Auroria,Sonny Kaos,Auroria
82b9ed76-6f14-4b73-95ac-db23167127d962,aceitar,Itnxfarmador de Gente,Concluido,Worker-Bellum,Processado,Bellum,Brn Catarina,Vesperia
82b9ed76-6f14-4b73-95ac-db23167127d963,aceitar,Mathzera Tebusca,Concluido,Worker-Bellum,Processado,Bellum,Math Delas,Auroria
82b9ed76-6f14-4b73-95ac-db23167127d964,aceitar,Ernest Ceelet,Concluido,Worker-Bellum,Processado,Bellum,Trevaoo Supremo,Vesperia
82b9ed76-6f14-4b73-95ac-db23167127d965,aceitar,Migalha,Concluido,Worker-Bellum,Processado,Bellum,Migalhah,Auroria
82b9ed76-6f14-4b73-95ac-db23167127d1800,invite,sonny,Concluido,Worker-Auroria,Processado,Auroria,Sonny Kaos,Auroria
82b9ed76-6f14-4b73-95ac-db23167127d1805,invite,Dracoiss,Concluido,Worker-Auroria,Processado,Auroria,Akiz,Bellum
82b9ed76-6f14-4b73-95ac-db23167127d1806,invite,Don epifanio vargas ,Concluido,Worker-Auroria,Processado,Auroria,Chucky babalao,Auroria
82b9ed76-6f14-4b73-95ac-db23167127d1813,invite,Jezim Auroria,Concluido,Worker-Auroria,Processado,Auroria,Shadow Jezim,Vesperia
82b9ed76-6f14-4b73-95ac-db23167127d970,aceitar,Jowjow Palito,Concluido,Worker-Bellum,Processado,Bellum,Doraemond,Auroria
82b9ed76-6f14-4b73-95ac-db23167127d971,aceitar,Atropella,Concluido,Worker-Bellum,Processado,Bellum,Atropella,Bellum
82b9ed76-6f14-4b73-95ac-db23167127d972,aceitar,Mirishi Paladino,Concluido,Worker-Bellum,Processado,Bellum,Atropella,Bellum
82b9ed76-6f14-4b73-95ac-db23167127d973,aceitar,Babuziim,Concluido,Worker-Bellum,Processado,Bellum,Babuzim,Bellum
82b9ed76-6f14-4b73-95ac-db23167127d974,aceitar,Tibiasprayfps,Concluido,Worker-Bellum,Processado,Bellum,The Paperx,Auroria
82b9ed76-6f14-4b73-95ac-db23167127d975,aceitar,Mago Maguinus,Concluido,Worker-Bellum,Processado,Bellum,Netozera,Auroria
82b9ed76-6f14-4b73-95ac-db23167127d976,aceitar,Rae sremmurd,Concluido,Worker-Bellum,Processado,Bellum,Sol cruel ,Auroria
82b9ed76-6f14-4b73-95ac-db23167127d977,aceitar,Mazao Hypelex,Concluido,Worker-Bellum,Processado,Bellum,Mazao Auroria,Auroria
82b9ed76-6f14-4b73-95ac-db23167127d978,aceitar,Mazao on Spectrum,Concluido,Worker-Bellum,Processado,Bellum,Mazao Auroria,Bellum
82b9ed76-6f14-4b73-95ac-db23167127d1815,invite,Tex Sudden bolter,Concluido,Worker-Auroria,Processado,Auroria,Tex Sudden bolter,Auroria
82b9ed76-6f14-4b73-95ac-db23167127d980,aceitar,Cabelim Maisumavez,Concluido,Worker-Bellum,Processado,Bellum,Lord Cabelim,Auroria
82b9ed76-6f14-4b73-95ac-db23167127d981,aceitar,Yuri Ttk,Concluido,Worker-Bellum,Processado,Bellum,Lukao Cyrostore,Bellum
82b9ed76-6f14-4b73-95ac-db23167127d982,aceitar,Hxnter Blessed,Concluido,Worker-Bellum,Processado,Bellum,Lukao Cyrostore,Bellum
82b9ed76-6f14-4b73-95ac-db23167127d983,aceitar,Lukao Brucelee,Concluido,Worker-Bellum,Processado,Bellum,Lukao Cyrostore,Bellum
82b9ed76-6f14-4b73-95ac-db23167127d984,aceitar,Lukao Bomber,Concluido,Worker-Bellum,Processado,Bellum,Lukao Cyrostore,Bellum
82b9ed76-6f14-4b73-95ac-db23167127d985,aceitar,Big Jane,Concluido,Worker-Bellum,Processado,Bellum,Auroria,Mario Puff Pass
82b9ed76-6f14-4b73-95ac-db23167127d986,aceitar,Lukao Wartank,Concluido,Worker-Bellum,Processado,Bellum,Bellum,Lukao
82b9ed76-6f14-4b73-95ac-db23167127d987,aceitar,Druid Killer Law,Concluido,Worker-Bellum,Processado,Bellum,Bellum,Lukao
82b9ed76-6f14-4b73-95ac-db23167127d988,aceitar,Lima Healer,Concluido,Worker-Bellum,Processado,Bellum,Bellum,Mudengo
82b9ed76-6f14-4b73-95ac-db23167127d989,aceitar,Bolamasum,Concluido,Worker-Bellum,Processado,Bellum,Vesperia,Chris1703
82b9ed76-6f14-4b73-95ac-db23167127d990,aceitar,Delgadozoord,Concluido,Worker-Bellum,Processado,Bellum,Drizzy el mejor,Tenebrium
82b9ed76-6f14-4b73-95ac-db23167127d991,aceitar,Loider,Concluido,Worker-Bellum,Processado,Bellum,?,?
82b9ed76-6f14-4b73-95ac-db23167127d992,aceitar,Lady Leona,Concluido,Worker-Bellum,Processado,Bellum,Vesperia,Warfang
82b9ed76-6f14-4b73-95ac-db23167127d993,aceitar,Gaucho Xp,Concluido,Worker-Bellum,Processado,Bellum,Bellum,bzk
82b9ed76-6f14-4b73-95ac-db23167127d994,aceitar,Zabt,Concluido,Worker-Bellum,Processado,Bellum,Bellum,Sodocar
82b9ed76-6f14-4b73-95ac-db23167127d995,aceitar,Zabt (MUNDO MALVERIA) ,Concluido,Worker-Bellum,Processado,Bellum,Bellum,Sodocar
82b9ed76-6f14-4b73-95ac-db23167127d996,aceitar,Vassq,Concluido,Worker-Bellum,Processado,Bellum,Bellum,Vasqqqqqqqqq
82b9ed76-6f14-4b73-95ac-db23167127d997,aceitar,King necro,Concluido,Worker-Bellum,Processado,Bellum,Bellum,Keviinhovz
82b9ed76-6f14-4b73-95ac-db23167127d998,aceitar,Lookinglds,Concluido,Worker-Bellum,Processado,Bellum,Bellum,LookingLds (malveria)
82b9ed76-6f14-4b73-95ac-db23167127d999,aceitar,Leobel,Concluido,Worker-Bellum,Processado,Bellum,Vesperia,Leodois
82b9ed76-6f14-4b73-95ac-db23167127d1000,aceitar,Cesar cura,Concluido,Worker-Bellum,Processado,Bellum,Feeh Arrogante,Auroria
82b9ed76-6f14-4b73-95ac-db23167127d1001,aceitar,Ashoka Belo,Concluido,Worker-Bellum,Processado,Bellum,Ashoka,Vesperia
82b9ed76-6f14-4b73-95ac-db23167127d1002,aceitar,Anizzita,Concluido,Worker-Bellum,Processado,Bellum,Muajajaa,Auroria
82b9ed76-6f14-4b73-95ac-db23167127d1003,aceitar,Meneer,Concluido,Worker-Bellum,Processado,Bellum,Richard Bomba,Auroria
82b9ed76-6f14-4b73-95ac-db23167127d1004,aceitar,Drkzinhow Spectrum,Concluido,Worker-Bellum,Processado,Bellum,Drkzinhow,Bellum
82b9ed76-6f14-4b73-95ac-db23167127d1005,aceitar,Cesar cura,Concluido,Worker-Bellum,Processado,Bellum,Lady Cateline,Vesperia
82b9ed76-6f14-4b73-95ac-db23167127d1006,aceitar,Ashoka Belo,Concluido,Worker-Bellum,Processado,Bellum,Ashoka,Belaria
82b9ed76-6f14-4b73-95ac-db23167127d1007,aceitar,Anizzita,Concluido,Worker-Bellum,Processado,Bellum,Ashoka,Vesperia
82b9ed76-6f14-4b73-95ac-db23167127d1008,aceitar,Meneer,Concluido,Worker-Bellum,Processado,Bellum,King airan,Vesperia
82b9ed76-6f14-4b73-95ac-db23167127d1009,aceitar,Drkzinhow Spectrum,Concluido,Worker-Bellum,Processado,Bellum,The Folshiz,Vesperia
82b9ed76-6f14-4b73-95ac-db23167127d1010,aceitar,Haxixetroll,Concluido,Worker-Bellum,Processado,Bellum,Errejota fjv,Vesperia
82b9ed76-6f14-4b73-95ac-db23167127d1011,aceitar,Anizzita,Concluido,Worker-Bellum,Processado,Bellum,Gitano Strikerx,Auroria
82b9ed76-6f14-4b73-95ac-db23167127d1012,aceitar,Druid Fumante Cansado,Concluido,Worker-Bellum,Processado,Bellum,Muajajaa,Auroria
82b9ed76-6f14-4b73-95ac-db23167127d1013,aceitar,Rhuanzeira,Concluido,Worker-Bellum,Processado,Bellum,Cachhero,Bellum
82b9ed76-6f14-4b73-95ac-db23167127d1014,aceitar,Sheldoon,Concluido,Worker-Bellum,Processado,Bellum,Voadora Antebrassal,Bellum
82b9ed76-6f14-4b73-95ac-db23167127d1015,aceitar,Expulso Do Inss,Concluido,Worker-Bellum,Processado,Bellum,King Luantrs,Auroria
82b9ed76-6f14-4b73-95ac-db23167127d1016,aceitar,Cheguei Rolando,Concluido,Worker-Bellum,Processado,Bellum,Kang World,Vesperia
82b9ed76-6f14-4b73-95ac-db23167127d1017,aceitar,Danzss,Concluido,Worker-Bellum,Processado,Bellum,Kruzy,Vesperia
82b9ed76-6f14-4b73-95ac-db23167127d1018,aceitar,Colyzaoo,Concluido,Worker-Bellum,Processado,Bellum,Nando Wrathbow,Auroria
82b9ed76-6f14-4b73-95ac-db23167127d1019,aceitar,Gaucho Xp,Concluido,Worker-Bellum,Processado,Bellum,Taco palitos,Bellum
82b9ed76-6f14-4b73-95ac-db23167127d1020,aceitar,Babuziim,Concluido,Worker-Belaria,Processado,Bellum,Bellum,Babuzim
82b9ed76-6f14-4b73-95ac-db23167127d1021,aceitar,Duzeek Bombed,Concluido,Worker-Bellum,Processado,Bellum,Duuzek,Tenebrium
82b9ed76-6f14-4b73-95ac-db23167127d1022,aceitar,Ddois Boladao,Concluido,Worker-Bellum,Processado,Bellum,Back Magonifico,Tenebrium
82b9ed76-6f14-4b73-95ac-db23167127d1023,aceitar,Pitico Knabis,Concluido,Worker-Bellum,Processado,Bellum,kim toxica,Bellum
82b9ed76-6f14-4b73-95ac-db23167127d1024,aceitar,Lililiilillili,Concluido,Worker-Bellum,Processado,Bellum,kim toxica,Bellum
82b9ed76-6f14-4b73-95ac-db23167127d1025,aceitar,Anizzita,Concluido,Worker-Bellum,Processado,Bellum,Muajajaa,Auroria
82b9ed76-6f14-4b73-95ac-db23167127d1026,aceitar,Dakyz Spectrum,Concluido,Worker-Bellum,Processado,Bellum,Yutta tenebroso,Tenebrium
82b9ed76-6f14-4b73-95ac-db23167127d1027,aceitar,Bene Barbosa,Concluido,Worker-Bellum,Processado,Bellum,Mudano,Auroria
82b9ed76-6f14-4b73-95ac-db23167127d1028,aceitar,Jaliim rabeii,Concluido,Worker-Bellum,Processado,Bellum,Joaovisk motivadi,Vesperia
82b9ed76-6f14-4b73-95ac-db23167127d1029,aceitar,Woxago,Concluido,Worker-Bellum,Processado,Bellum,Enzo Shellpatrocina,Auroria
82b9ed76-6f14-4b73-95ac-db23167127d1030,invite,Lord Shoxz,Concluido,Worker-Auroria,Processado,Auroria,Lola Palloza,Auroria
82b9ed76-6f14-4b73-95ac-db23167127d1031,invite,Gubstavo,Concluido,Worker-Auroria,Processado,Auroria,Meatkezin,Tenebrium
82b9ed76-6f14-4b73-95ac-db23167127d1032,invite,Jaja theking,Concluido,Worker-Auroria,Processado,Auroria,Miyukki,Auroria
82b9ed76-6f14-4b73-95ac-db23167127d1033,invite,Meu Querido Paladino,Concluido,Worker-Auroria,Processado,Auroria,Mudengo,Auroria
82b9ed76-6f14-4b73-95ac-db23167127d1034,invite,Meu Querido Paladino,Concluido,Worker-Auroria,Processado,Auroria,Mudengo,Auroria
82b9ed76-6f14-4b73-95ac-db23167127d1035,invite,Holly Lipes Auroria,Concluido,Worker-Auroria,Processado,Auroria,Old Outlaw,Tenebrium
82b9ed76-6f14-4b73-95ac-db23167127d1036,invite,Eta Ferro,Concluido,Worker-Auroria,Processado,Auroria,Old Toze,Bellum
82b9ed76-6f14-4b73-95ac-db23167127d1037,invite,Meta Eh Meta,Concluido,Worker-Auroria,Processado,Auroria,Ottinho,Vesperia
82b9ed76-6f14-4b73-95ac-db23167127d1038,invite,Livia Cavic,Concluido,Worker-Auroria,Processado,Auroria,Queridinho Do Chefe,Vesperia
82b9ed76-6f14-4b73-95ac-db23167127d1039,invite,Aii Kokx,Concluido,Worker-Auroria,Processado,Auroria,Queridinho Do Chefe,Vesperia
82b9ed76-6f14-4b73-95ac-db23167127d1040,invite,Livia Cavic,Concluido,Worker-Auroria,Processado,Auroria,Queridinho Do Chefe,Vesperia
82b9ed76-6f14-4b73-95ac-db23167127d1041,invite,Dangrswithe,Concluido,Worker-Auroria,Processado,Auroria,Raafofinho,Vesperia
82b9ed76-6f14-4b73-95ac-db23167127d1042,invite,Dangrswithe,Concluido,Worker-Auroria,Processado,Auroria,Raafofinho,Vesperia
82b9ed76-6f14-4b73-95ac-db23167127d1043,invite,Renanzera El Brabo,Concluido,Worker-Auroria,Processado,Auroria,Renanzera Quintus,Auroria
82b9ed76-6f14-4b73-95ac-db23167127d1044,invite,Renanzera El Brabo,Concluido,Worker-Auroria,Processado,Auroria,Renanzera Quintus,Auroria
82b9ed76-6f14-4b73-95ac-db23167127d1045,invite,Ivonet Da Marquinhadfita,Concluido,Worker-Auroria,Processado,Auroria,Royal Solution,Tenebrium
82b9ed76-6f14-4b73-95ac-db23167127d1046,invite,Ivonet Da Marquinhadfita,Concluido,Worker-Auroria,Processado,Auroria,Royal Solution,Tenebrium
82b9ed76-6f14-4b73-95ac-db23167127d1047,invite,Killinginthenm,Concluido,Worker-Auroria,Processado,Auroria,Tafa camisa dez,Auroria
82b9ed76-6f14-4b73-95ac-db23167127d1048,invite,Lodi,Concluido,Worker-Auroria,Processado,Auroria,Takakura Nonubi,Auroria
82b9ed76-6f14-4b73-95ac-db23167127d1049,invite,Lodi,Concluido,Worker-Auroria,Processado,Auroria,Takakura Nonubi,Auroria
82b9ed76-6f14-4b73-95ac-db23167127d1050,aceitar,Felipinhu,Concluido,Worker-Bellum,Processado,Felipinhu,Felipinhu,Felipinhu
82b9ed76-6f14-4b73-95ac-db23167127d1051,aceitar,Gpsorce,Concluido,Worker-Bellum,Processado,Gpsorce,Gpsorce,Gpsorce
82b9ed76-6f14-4b73-95ac-db23167127d1052,aceitar,Taco palitos,Concluido,Worker-Bellum,Processado,Taco palitos,Taco palitos,Taco palitos
82b9ed76-6f14-4b73-95ac-db23167127d1053,aceitar,Ksfsda,Concluido,Worker-Te,Processado,Tenebrium,?,?
82b9ed76-6f14-4b73-95ac-db23167127d1817,invite,Voiisz,Concluido,Worker-Auroria,Processado,Auroria,Oliveira opressor,Auroria
82b9ed76-6f14-4b73-95ac-db23167127d1055,aceitar,Lukao incrivel,Concluido,Worker-Te,Processado,Tenebrium,?,?
82b9ed76-6f14-4b73-95ac-db23167127d1056,aceitar,Thzin Returns,Concluido,Worker-Te,Processado,Tenebrium,?,?
82b9ed76-6f14-4b73-95ac-db23167127d1057,aceitar,Wattafak,Concluido,Worker-Te,Processado,Tenebrium,?,?
82b9ed76-6f14-4b73-95ac-db23167127d1058,aceitar,Anao Miratorta,Concluido,Worker-Te,Processado,Tenebrium,?,?
82b9ed76-6f14-4b73-95ac-db23167127d1059,aceitar,Dalva Umolho so,Concluido,Worker-Te,Processado,Tenebrium,?,?
82b9ed76-6f14-4b73-95ac-db23167127d1060,aceitar,Baikeronato,Concluido,Worker-Te,Processado,Tenebrium,?,?
82b9ed76-6f14-4b73-95ac-db23167127d1061,aceitar,Squilao Banco,Concluido,Worker-Te,Processado,Tenebrium,?,?
82b9ed76-6f14-4b73-95ac-db23167127d1062,aceitar,Hiper fisker,Concluido,Worker-Te,Processado,Tenebrium,?,?
82b9ed76-6f14-4b73-95ac-db23167127d1063,aceitar,Jaozito On Rubinot,Concluido,Worker-Te,Processado,Tenebrium,?,?
82b9ed76-6f14-4b73-95ac-db23167127d1064,aceitar,Thzin Returns,Concluido,Worker-Te,Processado,Tenebrium,?,?
82b9ed76-6f14-4b73-95ac-db23167127d1065,aceitar,Galadriiel Tenebrium,Concluido,Worker-Te,Processado,Tenebrium,?,?
82b9ed76-6f14-4b73-95ac-db23167127d1066,aceitar,Eo Druidas Bebe,Concluido,Worker-Te,Processado,Tenebrium,?,?
82b9ed76-6f14-4b73-95ac-db23167127d1067,aceitar,Tormentum Monkofobico,Concluido,Worker-Te,Processado,Tenebrium,?,?
82b9ed76-6f14-4b73-95ac-db23167127d1068,aceitar,Hunter Maker,Concluido,Worker-Te,Processado,Tenebrium,?,?
82b9ed76-6f14-4b73-95ac-db23167127d1069,aceitar,Berenice Fragata,Concluido,Worker-Te,Processado,Tenebrium,?,?
82b9ed76-6f14-4b73-95ac-db23167127d1070,aceitar,Bosta Likida,Concluido,Worker-Te,Processado,Tenebrium,?,?
82b9ed76-6f14-4b73-95ac-db23167127d1071,aceitar,Zoro Imortal,Concluido,Worker-Te,Processado,Tenebrium,?,?
82b9ed76-6f14-4b73-95ac-db23167127d1072,aceitar,Marcelo Bomball,Concluido,Worker-Te,Processado,Tenebrium,?,?
82b9ed76-6f14-4b73-95ac-db23167127d1073,aceitar,Escrava do Kibix,Concluido,Worker-Te,Processado,Tenebrium,?,?
82b9ed76-6f14-4b73-95ac-db23167127d1074,aceitar,Biel Destroyer,Concluido,Worker-Te,Processado,Tenebrium,?,?
82b9ed76-6f14-4b73-95ac-db23167127d1075,aceitar,Green Meta,Concluido,Worker-Te,Processado,Tenebrium,?,?
82b9ed76-6f14-4b73-95ac-db23167127d1076,aceitar,Peba Pedreiro,Concluido,Worker-Te,Processado,Tenebrium,?,?
82b9ed76-6f14-4b73-95ac-db23167127d1077,aceitar,Crackzeveinha,Concluido,Worker-Te,Processado,Tenebrium,?,?
82b9ed76-6f14-4b73-95ac-db23167127d1078,aceitar,Futebor,Concluido,Worker-Te,Processado,Tenebrium,Attax,Tenebrium
82b9ed76-6f14-4b73-95ac-db23167127d1079,aceitar,Futebor,Concluido,Worker-Te,Processado,Tenebrium,Attax,Auroria
82b9ed76-6f14-4b73-95ac-db23167127d1080,aceitar,Majin coveiro da Battlestorm ,Concluido,Worker-Te,Processado,Tenebrium,Majin Ingrato ,Auroria
82b9ed76-6f14-4b73-95ac-db23167127d1081,aceitar,Sra Tenebrium,Concluido,Worker-Te,Processado,Tenebrium,Blavatsky Frd,Auroria
82b9ed76-6f14-4b73-95ac-db23167127d1820,invite,Bolota Auroria,Concluido,Worker-Auroria,Processado,Auroria,Mila Queen,Auroria
82b9ed76-6f14-4b73-95ac-db23167127d1083,aceitar,Geladoo Dpvpltdo,Concluido,Worker-Te,Processado,Tenebrium,Healler Is Back,Tenebrium
82b9ed76-6f14-4b73-95ac-db23167127d1084,aceitar,SEM Mana Pai,Concluido,Worker-Te,Processado,Tenebrium,Candelito,Auroria
82b9ed76-6f14-4b73-95ac-db23167127d1085,aceitar,Grilo tenebrium,Concluido,Worker-Te,Processado,Tenebrium,Alta mira,Tenebrium
82b9ed76-6f14-4b73-95ac-db23167127d1086,aceitar,Trakmas Healer,Concluido,Worker-Te,Processado,Tenebrium,Demonarkk,Auroria
82b9ed76-6f14-4b73-95ac-db23167127d1087,aceitar,Bernadex,Concluido,Worker-Tenebrium,Processado,Tenebrium,Militao Return,Tenebrium
82b9ed76-6f14-4b73-95ac-db23167127d1088,aceitar,Joga estrume,Concluido,Worker-Tenebrium,Processado,Tenebrium,Oknight asso ,Tenebrium
82b9ed76-6f14-4b73-95ac-db23167127d1089,aceitar,Ramonzeraah Esmagador,Concluido,Worker-Te,Processado,Tenebrium,?,?
82b9ed76-6f14-4b73-95ac-db23167127d1090,aceitar,Berenice Fragata,Concluido,Worker-Te,Processado,Tenebrium,?,?
82b9ed76-6f14-4b73-95ac-db23167127d1091,aceitar,Hunter Maker,Concluido,Worker-Te,Processado,Tenebrium,?,?
82b9ed76-6f14-4b73-95ac-db23167127d1092,aceitar,STORWOZIN,Concluido,Worker-Te,Processado,Tenebrium,istorwo,Vesperia
82b9ed76-6f14-4b73-95ac-db23167127d1093,aceitar,Waissa,Concluido,Worker-Tenebrium,Processado,Tenebrium,Tefim Catarina,Vesperia
82b9ed76-6f14-4b73-95ac-db23167127d1094,aceitar,Hunter Maker,Concluido,Worker-Tenebrium,Processado,Tenebrium,Er Rafazs,Vesperia
82b9ed76-6f14-4b73-95ac-db23167127d1095,aceitar,trollx,Concluido,Worker-Tenebrium,Processado,Tenebrium,Lord Cuscuz,Vesperia
82b9ed76-6f14-4b73-95ac-db23167127d1096,aceitar,Skol Boladao,Concluido,Worker-Tenebrium,Processado,Tenebrium,Lady Blum,Vesperia
82b9ed76-6f14-4b73-95ac-db23167127d1097,aceitar,Bombzenho,Concluido,Worker-Tenebrium,Processado,Tenebrium,nagatox,Vesperia
82b9ed76-6f14-4b73-95ac-db23167127d1098,aceitar,Onjjacktaobeck,Concluido,Worker-Tenebrium,Processado,Tenebrium,Kyozix,Auroria
82b9ed76-6f14-4b73-95ac-db23167127d1099,aceitar,Drkzinhow Show,Concluido,Worker-T,Processado,Tenebrium,Drkzinhow,Bellum
82b9ed76-6f14-4b73-95ac-db23167127d1100,aceitar,MAGO ZERO,Concluido,Worker-T,Processado,Tenebrium,Duvel Endless,Bellum
82b9ed76-6f14-4b73-95ac-db23167127d1101,aceitar,Thzikka,Concluido,Worker-T,Processado,Tenebrium,Don Matteo,Bellum
82b9ed76-6f14-4b73-95ac-db23167127d1102,aceitar,Drkzinhow Show,Concluido,Worker-T,Processado,Tenebrium,Drkzinhow,Bellum
82b9ed76-6f14-4b73-95ac-db23167127d1103,aceitar,Pedronis On Tenebrium,Concluido,Worker-T,Processado,Tenebrium,Pedronis Opressor,Bellum
82b9ed76-6f14-4b73-95ac-db23167127d1104,aceitar,Fohuke On Tenebrium,Concluido,Worker-T,Processado,Tenebrium,Fohuke On Belaria,Auroria
82b9ed76-6f14-4b73-95ac-db23167127d1105,aceitar,Zoyo,Concluido,Worker-T,Processado,Tenebrium,last shelby,Bellum
82b9ed76-6f14-4b73-95ac-db23167127d1106,aceitar,Babuuzin,Concluido,Worker-T,Processado,Tenebrium,Babuzim,Bellum
82b9ed76-6f14-4b73-95ac-db23167127d1107,aceitar,Esider del toro,Concluido,Worker-Tenebrium,Processado,Tenebrium,Sharod jiutimorr,Tenebrium
82b9ed76-6f14-4b73-95ac-db23167127d1108,aceitar,Mazao da Temakeria,Concluido,Worker-Tenebrium,Processado,Tenebrium,Mazao Auroria,Tenebrium
82b9ed76-6f14-4b73-95ac-db23167127d1109,aceitar,Mvbombx,Concluido,Worker-Tenebrium,Processado,Tenebrium,Nordeste Jebcruzado,Auroria
82b9ed76-6f14-4b73-95ac-db23167127d1110,aceitar,To aki vola,Concluido,Worker-T,Processado,Tenebrium,sub comander,Vesperia
82b9ed76-6f14-4b73-95ac-db23167127d1111,aceitar,Tenbomba Catarina,Concluido,Worker-Tenebrium,Processado,Tenebrium,Ceifador Catarina,Vesperia
82b9ed76-6f14-4b73-95ac-db23167127d1112,aceitar,Shooterzin Perigoso,Concluido,Worker-T,Processado,Tenebrium,Holyzera Destroyer,Tenebrium
82b9ed76-6f14-4b73-95ac-db23167127d1113,aceitar,Sdmax tormentum,Concluido,Worker-Tenebrium,Processado,Tenebrium,Abadia,Bellum
82b9ed76-6f14-4b73-95ac-db23167127d1114,aceitar,Paocpao,Concluido,Worker-T,Processado,Tenebrium,Abadia,Bellum
82b9ed76-6f14-4b73-95ac-db23167127d1115,aceitar,Dura Pouco,Concluido,Worker-T,Processado,Tenebrium,Heyhugo,Bellum
82b9ed76-6f14-4b73-95ac-db23167127d1116,aceitar,Storeclosed,Concluido,Worker-Tenebrium,Processado,Tenebrium,Token Black,Vesperia
82b9ed76-6f14-4b73-95ac-db23167127d1117,aceitar,Neanderthal do Tormentum,Concluido,Worker-T,Processado,Tenebrium,Bolapehz,Auroria
82b9ed76-6f14-4b73-95ac-db23167127d1118,aceitar,Archerzola,Concluido,Worker-T,Processado,Tenebrium,Vyron The King,Tenebrium
82b9ed76-6f14-4b73-95ac-db23167127d1119,aceitar,Denix Alfok,Concluido,Worker-T,Processado,Tenebrium,Dark Vil,Auroria
82b9ed76-6f14-4b73-95ac-db23167127d1120,aceitar,Baiano paralize,Concluido,Worker-Tenebrium,Processado,Tenebrium,Radityz,Auroria
82b9ed76-6f14-4b73-95ac-db23167127d1121,aceitar,Rexona on tenebrium,Concluido,Worker-T,Processado,Tenebrium,Rickzinn Darkside,Auroria
82b9ed76-6f14-4b73-95ac-db23167127d1122,aceitar,Duid shis,Concluido,Worker-T,Processado,Tenebrium,Queridinho Do Chefe,Vesperia
82b9ed76-6f14-4b73-95ac-db23167127d1123,aceitar,Robert Neverlight,Concluido,Worker-T,Processado,Tenebrium,Robertin Forever Neverlight,Auroria
82b9ed76-6f14-4b73-95ac-db23167127d1124,aceitar,Lord Pedrada,Concluido,Worker-T,Processado,Tenebrium,Pa Pai,Auroria
82b9ed76-6f14-4b73-95ac-db23167127d1125,aceitar,Doizovao,Concluido,Worker-Tenebrium,Processado,Tenebrium,Rpzao do Rajadao,Tenebrium
82b9ed76-6f14-4b73-95ac-db23167127d1126,aceitar,Satoro Returns,Concluido,Worker-T,Processado,Tenebrium,Satoro Returns,Tenebrium
82b9ed76-6f14-4b73-95ac-db23167127d1127,aceitar,Big Bruninho,Concluido,Worker-Tenebrium,Processado,Tenebrium,Monk Valhalla,Bellum
82b9ed76-6f14-4b73-95ac-db23167127d1128,aceitar,Maker Veiga Tenebrium,Concluido,Worker-Tenebrium,Processado,Tenebrium,Veiga Ttv,Bellum
82b9ed76-6f14-4b73-95ac-db23167127d1129,aceitar,Mvbombx,Concluido,Worker-Tenebrium,Processado,Tenebrium,Nordeste Jebcruzado,Auroria
82b9ed76-6f14-4b73-95ac-db23167127d1130,aceitar,Duid shis,Concluido,Worker-Tenebrium,Processado,Tenebrium,Queridinho Do Chefe,Vesperia
82b9ed76-6f14-4b73-95ac-db23167127d1131,aceitar,Ekos monk,Concluido,Worker-Tenebrium,Processado,Tenebrium,Magrelinho Blackbelt,Bellum
82b9ed76-6f14-4b73-95ac-db23167127d1132,aceitar,Zackross,Concluido,Worker-Tenebrium,Processado,Tenebrium,Barash,Bellum
82b9ed76-6f14-4b73-95ac-db23167127d1133,aceitar,Kit warwiz,Concluido,retro,Processado,Tenebrium,Kit Warwin ,Auroria
82b9ed76-6f14-4b73-95ac-db23167127d1134,aceitar,Baiano Reprodutor,Concluido,retro,Processado,Tenebrium,Yagod on RubinOT,Auroria
82b9ed76-6f14-4b73-95ac-db23167127d1135,aceitar,Primabolan caro,Concluido,retro,Processado,Tenebrium,Borges ogygia,Tenebrium
82b9ed76-6f14-4b73-95ac-db23167127d1136,aceitar,Gio matarindo,Concluido,retro,Processado,Tenebrium,Notthinsgszter,Bellum
82b9ed76-6f14-4b73-95ac-db23167127d1137,aceitar,Jornada in Tormentum,Concluido,retro,Processado,Tenebrium,Galonegro,Vesperia
82b9ed76-6f14-4b73-95ac-db23167127d1138,aceitar,cookye pisca,Concluido,retro,Processado,Tenebrium,Lost Shelby,Bellum
82b9ed76-6f14-4b73-95ac-db23167127d1139,aceitar,Caprichosa eres tu,Concluido,Worker-Tenebrium,Processado,Tenebrium,?,?
82b9ed76-6f14-4b73-95ac-db23167127d601,invite,Hilbert do dende,Concluido,Worker-Belaria,Processado,Belaria,?,?
82b9ed76-6f14-4b73-95ac-db23167127d1141,aceitar,Twinzsor Blinders,Concluido,Worker-Tenebrium,Processado,Tenebrium,Chuko,Bellum
82b9ed76-6f14-4b73-95ac-db23167127d1142,aceitar,Big Bruninho,Concluido,Worker-Tenebrium,Processado,Tenebrium,gtv blitz,Bellum
82b9ed76-6f14-4b73-95ac-db23167127d1143,aceitar,Muajajaz,Concluido,Worker-Tenebrium,Processado,Tenebrium,Monk Valhalla,Bellum
82b9ed76-6f14-4b73-95ac-db23167127d1144,aceitar,Matador De Nubs,Concluido,Worker-Tenebrium,Processado,Tenebrium,Muajajaa,Auroria
82b9ed76-6f14-4b73-95ac-db23167127d1145,aceitar,Biiel Imadexota,Concluido,Worker-Tenebrium,Processado,Tenebrium,Kaiquerah Quintus,Auroria
82b9ed76-6f14-4b73-95ac-db23167127d1146,aceitar,Theagaalendaviva,Concluido,Worker-Tenebrium,Processado,Tenebrium,Thank God,Vesperia
82b9ed76-6f14-4b73-95ac-db23167127d1147,aceitar,Leoten,Concluido,Worker-Tenebrium,Processado,Tenebrium,Black Rabbith,Vesperia
82b9ed76-6f14-4b73-95ac-db23167127d1148,aceitar,Palyteck Dashow,Concluido,Worker-Tenebrium,Processado,Tenebrium,Leodois,Vesperia
82b9ed76-6f14-4b73-95ac-db23167127d1149,aceitar,majin coveiro da battlestorm,Concluido,Worker-Tenebrium,Processado,Tenebrium,Feiijao Texasteam,Auroria
82b9ed76-6f14-4b73-95ac-db23167127d1150,aceitar,Atendente De Caixa,Concluido,Worker-Tenebrium,Processado,Tenebrium,majin ingrato,Tenebrium
82b9ed76-6f14-4b73-95ac-db23167127d1151,aceitar,Japoneza,Concluido,Worker-Tenebrium,Processado,Tenebrium,sol cruel,Auroria
82b9ed76-6f14-4b73-95ac-db23167127d1152,aceitar,Zyraxxzzys,Concluido,Worker-Tenebrium,Processado,Tenebrium,Saureta,Vesperia
82b9ed76-6f14-4b73-95ac-db23167127d1153,aceitar,Majin odeio retro,Concluido,Worker-Tenebrium,Processado,Tenebrium,Zyraxis,Auroria
82b9ed76-6f14-4b73-95ac-db23167127d1154,aceitar,No Wey,Concluido,Worker-Tenebrium,Processado,Tenebrium,Majin Ingrato,Auroria
82b9ed76-6f14-4b73-95ac-db23167127d1155,aceitar,Masacre In Tenebrium ,Concluido,Worker-Tenebrium,Processado,Tenebrium,Chocolate Blanco,Auroria
82b9ed76-6f14-4b73-95ac-db23167127d1156,aceitar,Chapoletta On Tenebrium,Concluido,Worker-Tenebrium,Processado,Tenebrium,Muzan Masacre,Auroria
82b9ed76-6f14-4b73-95ac-db23167127d1157,aceitar,toka terrortwo,Concluido,Worker-Tenebrium,Processado,Tenebrium,Poderosinho,Auroria
82b9ed76-6f14-4b73-95ac-db23167127d1158,aceitar,Bolinea dgudi,Concluido,Worker-Tenebrium,Processado,Tenebrium,toka terror,Auroria
82b9ed76-6f14-4b73-95ac-db23167127d1159,aceitar,Lechuga On Tenebrium,Concluido,Worker-Tenebrium,Processado,Tenebrium,Full melt,Auroria
82b9ed76-6f14-4b73-95ac-db23167127d1160,aceitar,Anniel Bombaa,Concluido,Worker-Tenebrium,Processado,Tenebrium,mortt,Auroria
82b9ed76-6f14-4b73-95ac-db23167127d1161,aceitar,Cachorro On Tormentum,Concluido,Worker-Tenebrium,Processado,Tenebrium,anniel bomberman,Vesperia
82b9ed76-6f14-4b73-95ac-db23167127d1162,aceitar,Denovo Nao Mais Um,Concluido,Worker-Tenebrium,Processado,Tenebrium,Cachorro on Vesperia,Vesperia
82b9ed76-6f14-4b73-95ac-db23167127d1163,aceitar,Masacre In Tenebrium ,Concluido,Worker-Tenebrium,Processado,Tenebrium,Pijolito,Auroria
82b9ed76-6f14-4b73-95ac-db23167127d1164,aceitar,Rick Tenebriumzado,Concluido,Worker-Tenebrium,Processado,Tenebrium,Muzan Masacre,Auroria
82b9ed76-6f14-4b73-95ac-db23167127d1165,aceitar,Masacre In Tenebrium ,Concluido,Worker-Tenebrium,Processado,Tenebrium,Rick Tenebriumzado,Tenebrium
82b9ed76-6f14-4b73-95ac-db23167127d1166,aceitar,Bbzinhoz,Concluido,Worker-Tenebrium,Processado,Tenebrium,Delanay gzz,Auroria
82b9ed76-6f14-4b73-95ac-db23167127d1167,aceitar,Hiikarin,Concluido,Worker-Tenebrium,Processado,Tenebrium,Yiin,Tenebrium
82b9ed76-6f14-4b73-95ac-db23167127d1168,aceitar,Hiikarin,Concluido,Worker-Tenebrium,Processado,Tenebrium,Yiin,Auroria
82b9ed76-6f14-4b73-95ac-db23167127d1169,aceitar,Maikersinho,Concluido,Worker-Tenebrium,Processado,Tenebrium,Leoncoelyonco,Auroria
82b9ed76-6f14-4b73-95ac-db23167127d1170,aceitar,Danzzk Tenebrium,Concluido,Worker-Tenebrium,Processado,Tenebrium,Danzzk,Bellum
82b9ed76-6f14-4b73-95ac-db23167127d1171,aceitar,Muajajaz,Concluido,Worker-Tenebrium,Processado,Tenebrium,Muajajaa,Auroria
82b9ed76-6f14-4b73-95ac-db23167127d1172,aceitar,Jowjow esede,Concluido,Worker-Tenebrium,Processado,Tenebrium,Doraemond,Auroria
82b9ed76-6f14-4b73-95ac-db23167127d1173,aceitar,Sagaz Shooter,Concluido,Worker-Tenebrium,Processado,Tenebrium,Jorn Lande,Bellum
82b9ed76-6f14-4b73-95ac-db23167127d1174,aceitar,Molotov Sniper,Concluido,Worker-Tenebrium,Processado,Tenebrium,Monk Fury,Bellum
82b9ed76-6f14-4b73-95ac-db23167127d1175,aceitar,Ensui Nara,Concluido,Worker-Tenebrium,Processado,Tenebrium,Augusto Pusch,Auroria
82b9ed76-6f14-4b73-95ac-db23167127d1176,aceitar,Murdok star,Concluido,Worker-Tenebrium,Processado,Tenebrium,Zyraxis,Auroria
82b9ed76-6f14-4b73-95ac-db23167127d1177,aceitar,Oxxyds,Concluido,Worker-Tenebrium,Processado,Tenebrium,King pingola shellpatrocina,Auroria
82b9ed76-6f14-4b73-95ac-db23167127d1178,aceitar,Gagdhe,Concluido,Worker-Tenebrium,Processado,Tenebrium,Gabe the Ruinwalker,Bellum
82b9ed76-6f14-4b73-95ac-db23167127d1179,aceitar,Psycho Kill,Concluido,Worker-Tenebrium,Processado,Tenebrium,Betao Rlz,Auroria
82b9ed76-6f14-4b73-95ac-db23167127d1180,aceitar,Cura Rubini,Concluido,Worker-Tenebrium,Processado,Tenebrium,Assassin Starc,Auroria
82b9ed76-6f14-4b73-95ac-db23167127d1181,aceitar,Gagdhe,Concluido,Worker-Tenebrium,Processado,Tenebrium,Gabe the Ruinwalker,Bellum
82b9ed76-6f14-4b73-95ac-db23167127d1182,aceitar,Ice Oh Lator,Concluido,Worker-Tenebrium,Processado,Tenebrium,Bzk Ogygia,Bellum
82b9ed76-6f14-4b73-95ac-db23167127d1183,aceitar,Gabi badreason,Concluido,Worker-Tenebrium,Processado,Tenebrium,Lancador de Bolts ,Bellum
82b9ed76-6f14-4b73-95ac-db23167127d1184,aceitar,Faltousio,Concluido,Worker-Tenebrium,Processado,Tenebrium,Rhaenyraa Targaryenn,Vesperia
82b9ed76-6f14-4b73-95ac-db23167127d1185,aceitar,Shanks Mata Rindo,Concluido,Worker-Tenebrium,Processado,Tenebrium,Zorao,Auroria
82b9ed76-6f14-4b73-95ac-db23167127d1186,aceitar,Kamikaze Rafs,Concluido,Worker-Tenebrium,Processado,Tenebrium,Guizao Sereno,Bellum
82b9ed76-6f14-4b73-95ac-db23167127d1187,aceitar,Ice Oh Lator,Concluido,Worker-Tenebrium,Processado,Tenebrium,Bzk Ogygia,Bellum
82b9ed76-6f14-4b73-95ac-db23167127d1188,aceitar,lakitao tenebrium,Concluido,Worker-Tenebrium,Processado,Tenebrium,oyster perpetual,Tenebrium
82b9ed76-6f14-4b73-95ac-db23167127d1189,aceitar,Makiny online,Concluido,Worker-Tenebrium,Processado,Tenebrium,The Folshiz,Vesperia
82b9ed76-6f14-4b73-95ac-db23167127d1190,aceitar,Jospa Biola,Concluido,Worker-Tenebrium,Processado,Tenebrium,Chuko,Tenebrium
82b9ed76-6f14-4b73-95ac-db23167127d1191,aceitar,Elementi,Concluido,Worker-Tenebrium,Processado,Tenebrium,Akemie,Auroria
82b9ed76-6f14-4b73-95ac-db23167127d1192,aceitar,Makiny online,Concluido,Worker-Tenebrium,Processado,Tenebrium,The Folshiz,Vesperia
82b9ed76-6f14-4b73-95ac-db23167127d1193,aceitar,Jospa Biola,Concluido,Worker-Tenebrium,Processado,Tenebrium,Chuko,Tenebrium
82b9ed76-6f14-4b73-95ac-db23167127d1194,aceitar,Elementi,Concluido,Worker-Ten,Processado,Tenebrium,Akemie,Auroria
82b9ed76-6f14-4b73-95ac-db23167127d1195,aceitar,Zmakerr,Concluido,Worker-Ten,Processado,Tenebrium,Marleitinho,Vesperia
82b9ed76-6f14-4b73-95ac-db23167127d1196,aceitar,Murdok star,Concluido,Worker-Ten,Processado,Tenebrium,Zyraxis,Auroria
82b9ed76-6f14-4b73-95ac-db23167127d1197,aceitar,Murdok star,Concluido,Worker-Ten,Processado,Tenebrium,Zyraxis,Auroria
82b9ed76-6f14-4b73-95ac-db23167127d1198,aceitar,Vynyzera Returns,Concluido,Worker-Ten,Processado,Tenebrium,Dread ,Bellum
82b9ed76-6f14-4b73-95ac-db23167127d1199,aceitar,Edwin On Tenebrium ,Concluido,Worker-Ten,Processado,Tenebrium,Jjaquerisa ,Auroria
82b9ed76-6f14-4b73-95ac-db23167127d1200,aceitar,Psycho Kill,Concluido,Worker-Ten,Processado,Tenebrium,Betao Rlz,Auroria
82b9ed76-6f14-4b73-95ac-db23167127d1201,aceitar,Leoten,Concluido,Worker-Ten,Processado,Tenebrium,Leodois,Vesperia
82b9ed76-6f14-4b73-95ac-db23167127d1202,aceitar,Balla jhones,Concluido,Worker-Ten,Processado,Tenebrium,Balla love,Bellum
82b9ed76-6f14-4b73-95ac-db23167127d1203,aceitar,magox tiersete,Concluido,Worker-Ten,Processado,Tenebrium,Criativo,Auroria
82b9ed76-6f14-4b73-95ac-db23167127d1204,aceitar,Ensui Nara,Concluido,Worker-Ten,Processado,Tenebrium,Augusto Pusch,Auroria
82b9ed76-6f14-4b73-95ac-db23167127d1205,aceitar,Bombinha maluca,Concluido,Worker-Ten,Processado,Tenebrium,Chapito de monk,Bellum
82b9ed76-6f14-4b73-95ac-db23167127d1206,aceitar,Makko,Concluido,Worker-Tenebrium,Processado,Tenebrium,Ash Fall,Auroria
82b9ed76-6f14-4b73-95ac-db23167127d1207,aceitar,Maikersinho,Concluido,Worker-Ten,Processado,Tenebrium,Leoncoelyonco,Auroria
82b9ed76-6f14-4b73-95ac-db23167127d1208,aceitar,Theagaalendaviva,Concluido,Worker-Tenebrium,Processado,Tenebrium,Black Rabbith,Vesperia
82b9ed76-6f14-4b73-95ac-db23167127d1209,aceitar,Mathzera Sempremata,Concluido,Worker-Ten,Processado,Tenebrium,Math delas,Auroria
82b9ed76-6f14-4b73-95ac-db23167127d1210,aceitar,Bombinha maluca,Concluido,Worker-Ten,Processado,Tenebrium,Chapito de monk,Bellum
82b9ed76-6f14-4b73-95ac-db23167127d1211,aceitar,Migatorio,Concluido,Worker-Ten,Processado,Tenebrium,Migalhah,Auroria
82b9ed76-6f14-4b73-95ac-db23167127d602,invite,Tetovoski Druid,Concluido,Worker-Belaria,Processado,Belaria,?,?
82b9ed76-6f14-4b73-95ac-db23167127d1213,aceitar,Edwin On Tenebrium,Concluido,Worker-Tenebrium,Processado,Tenebrium,Jjaquerisa ,Auroria
82b9ed76-6f14-4b73-95ac-db23167127d1214,aceitar,Spell Ice,Concluido,Worker-Ten,Processado,Tenebrium,The Paperx,Auroria
82b9ed76-6f14-4b73-95ac-db23167127d1215,aceitar,Atendente de caixa,Concluido,Worker-Tenebrium,Processado,Tenebrium,Sol cruel ,Auroria
82b9ed76-6f14-4b73-95ac-db23167127d1216,aceitar,Ronald Tenebroso,Concluido,Worker-Tenebrium,Processado,Tenebrium,Ronald Fenomenal ,Bellum
82b9ed76-6f14-4b73-95ac-db23167127d625,invite,Maior Nunca Dorme,Concluido,Worker-Belaria,Processado,Belaria,Lady Blum,Vesperia
82b9ed76-6f14-4b73-95ac-db23167127d1218,aceitar,Cabelim Cansado,Concluido,Worker-Tenebrium,Processado,Tenebrium,Lord Cabelim,Auroria
82b9ed76-6f14-4b73-95ac-db23167127d1219,aceitar,Sagaz Shooter,Concluido,Worker-Tenebrium,Processado,Tenebrium,Bellum,Jorn Lande
82b9ed76-6f14-4b73-95ac-db23167127d1220,aceitar,Merlin Wolf,Concluido,Worker-Tenebrium,Processado,Tenebrium,Bellum,Lukao
82b9ed76-6f14-4b73-95ac-db23167127d1221,aceitar,Makko,Concluido,Worker-Tenebrium,Processado,Tenebrium,Auroria,Ash Fall
82b9ed76-6f14-4b73-95ac-db23167127d1222,aceitar,Makiny online,Concluido,Worker-Tenebrium,Processado,Tenebrium,Tenebrium,The Folshiz
82b9ed76-6f14-4b73-95ac-db23167127d629,invite,Pendente,Concluido,Worker-Belaria,Processado,Belaria,MAKERS PARA SER ACEITOS NOS SEGUINTES MUNDOS. - Google Planilhas,Bellum
82b9ed76-6f14-4b73-95ac-db23167127d634,invite,Mbbabu,Concluido,Worker-Belaria,Processado,Belaria,Babuzim,Bellum
82b9ed76-6f14-4b73-95ac-db23167127d639,invite,Fohuke Paralyzer,Concluido,Worker-Belaria,Processado,Belaria,Fohuke On Belaria,Auroria
82b9ed76-6f14-4b73-95ac-db23167127d1226,aceitar,Lady Ahri,Concluido,Worker-Tenebrium,Processado,Tenebrium,Vesperia,Warfang
82b9ed76-6f14-4b73-95ac-db23167127d1227,aceitar,Makiny online,Concluido,Worker-Tenebrium,Processado,Tenebrium,Vesperia,The Folshiz
82b9ed76-6f14-4b73-95ac-db23167127d1228,aceitar,Vaasq,Concluido,Worker-Tenebrium,Processado,Tenebrium,Bellum,Vasqqqqqqqqq
82b9ed76-6f14-4b73-95ac-db23167127d1229,aceitar,Aqeapp Mteed,Concluido,Worker-Tenebrium,Processado,Tenebrium,Bellum,mthz
82b9ed76-6f14-4b73-95ac-db23167127d1230,aceitar,Veiigaar,Concluido,Worker-Tenebrium,Processado,Tenebrium,Bellum,Artur - Cachhero
82b9ed76-6f14-4b73-95ac-db23167127d1231,aceitar,Theagaalendaviva,Concluido,Worker-Tenebrium,Processado,Tenebrium,Vesperia,th022
82b9ed76-6f14-4b73-95ac-db23167127d1232,aceitar,Makiny online,Concluido,Worker-Tenebrium,Processado,Tenebrium,The Folshiz,Vesperia
82b9ed76-6f14-4b73-95ac-db23167127d1233,aceitar,Makko,Concluido,Worker-Tenebrium,Processado,Tenebrium,Ash Fall,Auroria
82b9ed76-6f14-4b73-95ac-db23167127d1234,aceitar,Makiny online,Concluido,Worker-Tenebrium,Processado,Tenebrium,Feeh Arrogante,Auroria
82b9ed76-6f14-4b73-95ac-db23167127d1235,aceitar,Makko,Concluido,Worker-Tenebrium,Processado,Tenebrium,Cachhero,Bellum
82b9ed76-6f14-4b73-95ac-db23167127d1236,aceitar,Haxixeetroll,Concluido,Worker-Tenebrium,Processado,Tenebrium,Voadora Antebrassal,Bellum
82b9ed76-6f14-4b73-95ac-db23167127d1237,aceitar,Zhuoo Yi Fann,Concluido,Worker-Tenebrium,Processado,Tenebrium,Paly Bossudo,Vesperia
82b9ed76-6f14-4b73-95ac-db23167127d1238,aceitar,Voadora Powerbank,Concluido,Worker-Tenebrium,Processado,Tenebrium,Fenrir Gravebow,Auroria
82b9ed76-6f14-4b73-95ac-db23167127d1239,aceitar,Minino matarindo,Concluido,Worker-Tenebrium,Processado,Tenebrium,Kaiquerah Quintus,Auroria
82b9ed76-6f14-4b73-95ac-db23167127d1240,aceitar,El Tenebriano,Concluido,Worker-Tenebrium,Processado,Tenebrium,Bzk Ogygia,Bellum
82b9ed76-6f14-4b73-95ac-db23167127d1241,aceitar,Betjinha,Concluido,Worker-Tenebrium,Processado,Tenebrium,Borul,Auroria
82b9ed76-6f14-4b73-95ac-db23167127d1242,aceitar,Nobre autopecas,Concluido,Worker-Tenebrium,Processado,Tenebrium,Meatkezin,Tenebrium
82b9ed76-6f14-4b73-95ac-db23167127d1243,aceitar,Ze Dirceu Malveria,Concluido,Worker-Tenebrium,Processado,Tenebrium,Gangster do bronx,Tenebrium
82b9ed76-6f14-4b73-95ac-db23167127d1244,aceitar,Gokuu Raz,Concluido,Worker-Tenebrium,Processado,Tenebrium,Matthz Oldtimes,Belaria
82b9ed76-6f14-4b73-95ac-db23167127d655,invite,Felipin on belaria,Concluido,Worker-Belaria,Processado,Belaria,Felipin rp,Bellum
82b9ed76-6f14-4b73-95ac-db23167127d1246,invite,mi moonberry,Concluido,Worker-Auroria,Processado,Auroria,Toka terror,Auroria
82b9ed76-6f14-4b73-95ac-db23167127d1247,invite,mi moonberry,Concluido,Worker-Auroria,Processado,Auroria,Toka terror,Auroria
82b9ed76-6f14-4b73-95ac-db23167127d1248,invite,Trevis Arch,Concluido,Worker-Auroria,Processado,Auroria,Trevis Arch,Auroria
82b9ed76-6f14-4b73-95ac-db23167127d1249,invite,Trevis Mage,Concluido,Worker-Auroria,Processado,Auroria,Trevis Arch,Auroria
82b9ed76-6f14-4b73-95ac-db23167127d1250,invite,Trevis Arch,Concluido,Worker-Auroria,Processado,Auroria,Trevis Arch,Auroria
82b9ed76-6f14-4b73-95ac-db23167127d1251,invite,Trevis Mage,Concluido,Worker-Auroria,Processado,Auroria,Trevis Arch,Auroria
82b9ed76-6f14-4b73-95ac-db23167127d1252,invite,Ury Ishida / Alonso Monk,Concluido,Worker-Auroria,Processado,Auroria,Ury Ishida,Auroria
82b9ed76-6f14-4b73-95ac-db23167127d1253,invite,Ury Ishida / Alonso Monk,Concluido,Worker-Auroria,Processado,Auroria,Ury Ishida,Auroria
82b9ed76-6f14-4b73-95ac-db23167127d1254,invite,Vasqq,Concluido,Worker-Auroria,Processado,Auroria,Vasq,Bellum
82b9ed76-6f14-4b73-95ac-db23167127d1255,invite,Vasqq,Concluido,Worker-Auroria,Processado,Auroria,Vasq,Bellum
82b9ed76-6f14-4b73-95ac-db23167127d1256,invite,Drudz,Concluido,Worker-Auroria,Processado,Auroria,Ximira Sio,Tenebrium
82b9ed76-6f14-4b73-95ac-db23167127d1257,invite,Drudz,Concluido,Worker-Auroria,Processado,Auroria,Ximira Sio,Tenebrium
82b9ed76-6f14-4b73-95ac-db23167127d1258,aceitar,Bruno Tanka Fofo,Concluido,Worker-Vesperia,Processado,Vesperia,Bruno Tanka Fofo,Vesperia
82b9ed76-6f14-4b73-95ac-db23167127d1259,aceitar,Toka terror six,Concluido,Worker-Vesperia,Processado,Vesperia,Toka terror,Auroria
82b9ed76-6f14-4b73-95ac-db23167127d658,invite,Me cura caraio,Concluido,Worker-Belaria,Processado,Belaria,Paulin Fucklove ,Vesperia
82b9ed76-6f14-4b73-95ac-db23167127d1261,aceitar,Kyotinemiessi,Concluido,Worker-Vesperia,Processado,Vesperia,Kruzy,Vesperia
82b9ed76-6f14-4b73-95ac-db23167127d1262,aceitar,Red blezz,Concluido,Worker-Vesperia,Processado,Vesperia,Lord Cuscuz,Vesperia
82b9ed76-6f14-4b73-95ac-db23167127d1263,aceitar,Aladinha,Concluido,Worker-Vesperia,Processado,Vesperia,Lady Blum,Vesperia
82b9ed76-6f14-4b73-95ac-db23167127d1264,aceitar,Zadox,Concluido,Worker-Vesperia,Processado,Vesperia,Kyozix,Auroria
82b9ed76-6f14-4b73-95ac-db23167127d1265,aceitar,Sliim Shady Returns,Concluido,Worker-Vesperia,Processado,Vesperia,MAKERS PARA SER ACEITOS NOS SEGUINTES MUNDOS. - Google Planilhas,Bellum
82b9ed76-6f14-4b73-95ac-db23167127d1266,aceitar,Cirinpegavoce,Concluido,Worker-Vesperia,Processado,Vesperia,MAKERS PARA SER ACEITOS NOS SEGUINTES MUNDOS. - Google Planilhas,Bellum
82b9ed76-6f14-4b73-95ac-db23167127d659,invite,Fuleca,Concluido,Worker-Belaria,Processado,Belaria,Gudarkness Catarina ,Vesperia
82b9ed76-6f14-4b73-95ac-db23167127d1268,aceitar,Ma oei,Concluido,Worker-Vesperia,Processado,Vesperia,MAKERS PARA SER ACEITOS NOS SEGUINTES MUNDOS. - Google Planilhas,Bellum
82b9ed76-6f14-4b73-95ac-db23167127d1269,aceitar,Maxixe com Quiabo,Concluido,Worker-Vesperia,Processado,Vesperia,MAKERS PARA SER ACEITOS NOS SEGUINTES MUNDOS. - Google Planilhas,Bellum
82b9ed76-6f14-4b73-95ac-db23167127d1270,aceitar,Poto On Vesperia,Concluido,Worker-Vesperia,Processado,Vesperia,MAKERS PARA SER ACEITOS NOS SEGUINTES MUNDOS. - Google Planilhas,Bellum
82b9ed76-6f14-4b73-95ac-db23167127d1271,aceitar,Boneco obrigatorio um,Concluido,Worker-Vesperia,Processado,Vesperia,MAKERS PARA SER ACEITOS NOS SEGUINTES MUNDOS. - Google Planilhas,Bellum
82b9ed76-6f14-4b73-95ac-db23167127d1272,aceitar,Braboerim on belaria,Concluido,Worker-Vesperia,Processado,Vesperia,MAKERS PARA SER ACEITOS NOS SEGUINTES MUNDOS. - Google Planilhas,Bellum
82b9ed76-6f14-4b73-95ac-db23167127d1273,aceitar,Krizyx Vesperiano,Concluido,Worker-Vesperia,Processado,Vesperia,MAKERS PARA SER ACEITOS NOS SEGUINTES MUNDOS. - Google Planilhas,Bellum
82b9ed76-6f14-4b73-95ac-db23167127d1274,aceitar,billy bombado,Concluido,Worker-Vesperia,Processado,Vesperia,MAKERS PARA SER ACEITOS NOS SEGUINTES MUNDOS. - Google Planilhas,Bellum
82b9ed76-6f14-4b73-95ac-db23167127d664,invite,Sweet Sabor,Concluido,Worker-Belaria,Processado,Belaria,Galonegro,Vesperia
82b9ed76-6f14-4b73-95ac-db23167127d1276,aceitar,Para Lizou,Concluido,Worker-Vesperia,Processado,Vesperia,MAKERS PARA SER ACEITOS NOS SEGUINTES MUNDOS. - Google Planilhas,Bellum
82b9ed76-6f14-4b73-95ac-db23167127d1277,aceitar,Poleenta,Concluido,Worker-Vesperia,Processado,Vesperia,MAKERS PARA SER ACEITOS NOS SEGUINTES MUNDOS. - Google Planilhas,Bellum
82b9ed76-6f14-4b73-95ac-db23167127d1278,aceitar,Sercer Taka Pedra,Concluido,Worker-Vesperia,Processado,Vesperia,MAKERS PARA SER ACEITOS NOS SEGUINTES MUNDOS. - Google Planilhas,Bellum
82b9ed76-6f14-4b73-95ac-db23167127d1279,aceitar,Druid Ablu,Concluido,Worker-Vesperia,Processado,Vesperia,MAKERS PARA SER ACEITOS NOS SEGUINTES MUNDOS. - Google Planilhas,Bellum
82b9ed76-6f14-4b73-95ac-db23167127d1280,aceitar,Boneco obrigatorio um,Concluido,Worker-Vesp,Processado,Vesperia,Braboerim,Bellum
82b9ed76-6f14-4b73-95ac-db23167127d1281,invite,Rootxz,Concluido,Worker-Vesperia,Processado,Vesperia,Neto,Vesperia
82b9ed76-6f14-4b73-95ac-db23167127d1282,aceitar,BETS VERMELHA,Concluido,Worker-Vesp,Processado,Vesperia,Duvel Endless,Bellum
82b9ed76-6f14-4b73-95ac-db23167127d1283,aceitar,Aloizio Chulapa,Concluido,Worker-Vesp,Processado,Vesperia,Bira,Bellum
82b9ed76-6f14-4b73-95ac-db23167127d1284,aceitar,Drkzinhow Vesperia,Concluido,Worker-Vesp,Processado,Vesperia,Drkzinhow,Vesperia
82b9ed76-6f14-4b73-95ac-db23167127d1285,aceitar,Maxixe com quiabo,Concluido,Worker-Vesp,Processado,Vesperia,Zagatto,Bellum
82b9ed76-6f14-4b73-95ac-db23167127d1286,aceitar,Matheuszaum,Concluido,Worker-Vesp,Processado,Vesperia,Matteo,Bellum
82b9ed76-6f14-4b73-95ac-db23167127d1287,aceitar,Drkzinhow Vesperia,Concluido,Worker-Vesp,Processado,Vesperia,Drkzinhow,Bellum
82b9ed76-6f14-4b73-95ac-db23167127d1288,invite,Vesperiiando,Concluido,Worker-Vesperia,Processado,Vesperia,Looking Lds,Bellum
82b9ed76-6f14-4b73-95ac-db23167127d1289,aceitar,Pedronis On Vesperia,Concluido,Worker-Vesp,Processado,Vesperia,Pedronis Opressor,Bellum
82b9ed76-6f14-4b73-95ac-db23167127d1290,aceitar,Drkzinhow Vesperia,Concluido,Worker-Vesp,Processado,Vesperia,Drkzinhow,Bellum
82b9ed76-6f14-4b73-95ac-db23167127d1291,aceitar,Red blezz,Concluido,Worker-Vesp,Processado,Vesperia,Polii,Vesperia
82b9ed76-6f14-4b73-95ac-db23167127d1292,aceitar,Babu Vesperia,Concluido,Worker-Vesp,Processado,Vesperia,Babuzim,Bellum
82b9ed76-6f14-4b73-95ac-db23167127d1293,invite,Mazao Vesperia,Concluido,Worker-Vesperia,Processado,Vesperia,Mazao Autoria,Auroria
82b9ed76-6f14-4b73-95ac-db23167127d1294,aceitar,Kamicaze do Gueto,Concluido,Worker-Vesp,Processado,Vesperia,Nordeste,Auroria
82b9ed76-6f14-4b73-95ac-db23167127d1295,aceitar,motinha contragolpe,Concluido,Worker-Vesp,Processado,Vesperia,Takakura kin,Vesperia
82b9ed76-6f14-4b73-95ac-db23167127d1296,aceitar,Doidin Perguntaiada,Concluido,Worker-Vesp,Processado,Vesperia,Nando Wrathbow,Auroria
82b9ed76-6f14-4b73-95ac-db23167127d1297,invite,Holyziin Paralyzer,Concluido,Worker-Vesperia,Processado,Vesperia,Holyzera Destroyer,Tenebrium
82b9ed76-6f14-4b73-95ac-db23167127d1298,invite,Maker te sola,Concluido,Worker-Vesperia,Processado,Vesperia,Abadia,Bellum
82b9ed76-6f14-4b73-95ac-db23167127d1299,aceitar,Donat Bombinha,Concluido,Worker-Vesp,Processado,Vesperia,Dudz,Bellum
82b9ed76-6f14-4b73-95ac-db23167127d1300,aceitar,Negocios vespertia,Concluido,Worker-Vesp,Processado,Vesperia,Radityz,Auroria
82b9ed76-6f14-4b73-95ac-db23167127d1301,aceitar,Mijoleta Darkside,Concluido,Worker-Vesp,Processado,Vesperia,Rickzinn,Auroria
82b9ed76-6f14-4b73-95ac-db23167127d1302,aceitar,Paclam,Concluido,Worker-Vesp,Processado,Vesperia,Delanay gz,Auroria
82b9ed76-6f14-4b73-95ac-db23167127d1303,aceitar,Pitbull Bruniinsz,Concluido,Worker-Vesp,Processado,Vesperia,Suy,Vesperia
82b9ed76-6f14-4b73-95ac-db23167127d1304,aceitar,Saenz Dragonheart,Concluido,Worker-Vesp,Processado,Vesperia,Lucid Dreams,Vesperia
82b9ed76-6f14-4b73-95ac-db23167127d1305,aceitar,Junior En Visperia,Concluido,Worker-Vesp,Processado,Vesperia,Elizabeth - Amoraa Rp,Vesperia
82b9ed76-6f14-4b73-95ac-db23167127d1306,aceitar,Galo Do Mal,Concluido,Worker-Vesperia,Processado,Vesperia,Monk Valhalla,Bellum
82b9ed76-6f14-4b73-95ac-db23167127d1307,aceitar,Amauri Careca ,Concluido,Worker-Vesperia,Processado,Vesperia,Gêmeos blitz,Bellum
82b9ed76-6f14-4b73-95ac-db23167127d1308,aceitar,Soares Magnus,Concluido,Worker-Vesperia,Processado,Vesperia,Super Tuuxao,Bellum
82b9ed76-6f14-4b73-95ac-db23167127d1309,aceitar,Maker Veiga Vesperia,Concluido,Worker-Vesperia,Processado,Vesperia,Veiga Ttv,Bellum
82b9ed76-6f14-4b73-95ac-db23167127d1310,aceitar,Impellerzom,Concluido,Worker-Vesperia,Processado,Vesperia,Barash,Bellum
82b9ed76-6f14-4b73-95ac-db23167127d1311,aceitar,Sanctum Vitae,Concluido,Worker-Vesperia,Processado,Vesperia,Rpzao do Rajadao ,Tenebrium
82b9ed76-6f14-4b73-95ac-db23167127d1312,aceitar,Vesperia Valhalla,Concluido,Worker-Vesperia,Processado,Vesperia,Monk Valhalla,Vesperia
82b9ed76-6f14-4b73-95ac-db23167127d1313,aceitar,Soares Magnus,Concluido,Worker-Vesperia,Processado,Vesperia,Super Tuuxao,Bellum
82b9ed76-6f14-4b73-95ac-db23167127d1314,aceitar,Dieth,Concluido,Worker-Vesperia,Processado,Vesperia,outlaw strike,Auroria
82b9ed76-6f14-4b73-95ac-db23167127d1315,aceitar,Ed Do Coffeesz,Concluido,Worker-Vesperia,Processado,Vesperia,Super Coffeesz,Auroria
82b9ed76-6f14-4b73-95ac-db23167127d1316,aceitar,Nomeu Anel,Concluido,Worker-Vesperia,Processado,Vesperia,Borges ogygia,Bellum
82b9ed76-6f14-4b73-95ac-db23167127d1317,aceitar,Nasci no Fumo,Concluido,eu,Processado,Vesperia,Galonegro,Vesperia
82b9ed76-6f14-4b73-95ac-db23167127d1318,aceitar,Galo Do Mal,Concluido,Worker-Vesperia,Processado,Vesperia,Monk Valhalla,Bellum
82b9ed76-6f14-4b73-95ac-db23167127d1319,aceitar,Amauri Careca ,Concluido,Worker-Vesperia,Processado,Vesperia,Gêmeos blitz,Bellum
82b9ed76-6f14-4b73-95ac-db23167127d1320,aceitar,Soares Magnus,Concluido,Worker-Vesperia,Processado,Vesperia,Super Tuuxao,Bellum
82b9ed76-6f14-4b73-95ac-db23167127d1321,aceitar,Maker Veiga Vesperia,Concluido,Worker-Vesperia,Processado,Vesperia,Veiga Ttv,Bellum
82b9ed76-6f14-4b73-95ac-db23167127d1322,aceitar,Impellerzom,Concluido,Worker-Vesperia,Processado,Vesperia,Barash,Bellum
82b9ed76-6f14-4b73-95ac-db23167127d1323,aceitar,Sanctum Vitae,Concluido,Worker-Vesperia,Processado,Vesperia,Rpzao do Rajadao ,Tenebrium
82b9ed76-6f14-4b73-95ac-db23167127d1324,aceitar,Vesperia Valhalla,Concluido,Worker-Vesperia,Processado,Vesperia,Monk Valhalla,Vesperia
82b9ed76-6f14-4b73-95ac-db23167127d1325,aceitar,Soares Magnus,Concluido,Worker-Vesperia,Processado,Vesperia,Super Tuuxao,Bellum
82b9ed76-6f14-4b73-95ac-db23167127d1326,aceitar,Dieth,Concluido,Worker-Vesperia,Processado,Vesperia,outlaw strike,Auroria
82b9ed76-6f14-4b73-95ac-db23167127d1327,aceitar,Ed Do Coffeesz,Concluido,Worker-Vesperia,Processado,Vesperia,Super Coffeesz,Auroria
82b9ed76-6f14-4b73-95ac-db23167127d1328,aceitar,Nomeu Anel,Concluido,Worker-Vesperia,Processado,Vesperia,Borges ogygia,Bellum
82b9ed76-6f14-4b73-95ac-db23167127d1329,aceitar,Nasci no Fumo,Concluido,Worker-Vesperia,Processado,Vesperia,Galonegro,Vesperia
82b9ed76-6f14-4b73-95ac-db23167127d1330,aceitar,Muda Grabando Audio,Concluido,Worker-Vesperia,Processado,Vesperia,Ocliper,Bellum
82b9ed76-6f14-4b73-95ac-db23167127d1331,aceitar,Terror Da Chatuba,Concluido,Worker-Vesperia,Processado,Vesperia,Terror was coming,Tenebrium
82b9ed76-6f14-4b73-95ac-db23167127d1332,aceitar,Kaike Nariz Entupido,Concluido,Worker-Vesperia,Processado,Vesperia,Kaiquerah Quintus,Auroria
82b9ed76-6f14-4b73-95ac-db23167127d1333,aceitar,Soorc Mercenariow,Concluido,Worker-Vesperia,Processado,Vesperia,Ciphra,Bellum
82b9ed76-6f14-4b73-95ac-db23167127d1334,aceitar,Matthew On Vesperia,Concluido,Worker-Vesperia,Processado,Vesperia,Purjm,Vesperia
82b9ed76-6f14-4b73-95ac-db23167127d1335,aceitar,Ainzs Ooal Gown,Concluido,Worker-Vesperia,Processado,Vesperia,Observe,Vesperia
82b9ed76-6f14-4b73-95ac-db23167127d1336,aceitar,Leodois,Concluido,Worker-Vesperia,Processado,Vesperia,Leodois,Vesperia
82b9ed76-6f14-4b73-95ac-db23167127d1337,aceitar,Leosorc,Concluido,Worker-Vesperia,Processado,Vesperia,Leodois,Vesperia
82b9ed76-6f14-4b73-95ac-db23167127d1338,aceitar,Albedoz De Nazarick,Concluido,Worker-Vesperia,Processado,Vesperia,Feiijao Texasteam,Auroria
82b9ed76-6f14-4b73-95ac-db23167127d1339,aceitar,hasoler,Concluido,Worker-Vesperia,Processado,Vesperia,oyster perpetual,Auroria
82b9ed76-6f14-4b73-95ac-db23167127d1340,aceitar,Mygodvirei Peaoemot,Concluido,Worker-Vesperia,Processado,Vesperia,Betao Rlz,Auroria
82b9ed76-6f14-4b73-95ac-db23167127d1341,aceitar,Royal paladin,Concluido,Worker-Vesperia,Processado,Vesperia,Paiblito ,Vesperia
82b9ed76-6f14-4b73-95ac-db23167127d1342,aceitar,Gustaavosk,Concluido,Worker-Vesperia,Processado,Vesperia,Clovis Bagacinha,Vesperia
82b9ed76-6f14-4b73-95ac-db23167127d1343,aceitar,Hahoe,Concluido,Worker-Vesperia,Processado,Vesperia,Morcx,Auroria
82b9ed76-6f14-4b73-95ac-db23167127d1344,aceitar,Pako Madeinbrazil,Concluido,Worker-Vesperia,Processado,Vesperia,King Carioka sepatrocina,Auroria
82b9ed76-6f14-4b73-95ac-db23167127d1345,aceitar,Mijolio,Concluido,Worker-Vesperia,Processado,Vesperia,Pijolito,Auroria
82b9ed76-6f14-4b73-95ac-db23167127d1346,invite,Sagasz Is Back,Concluido,Worker-Vesperia,Processado,Vesperia,mocosz,Belaria
82b9ed76-6f14-4b73-95ac-db23167127d1347,invite,Menino menino,Concluido,Worker-Vesperia,Processado,Vesperia,Delanay gzz,Auroria
82b9ed76-6f14-4b73-95ac-db23167127d1348,aceitar,Delta Niesmiertelny,Concluido,Worker-Vesperia,Processado,Vesperia,San Relaxed,Auroria
82b9ed76-6f14-4b73-95ac-db23167127d1349,aceitar,Nunucolinha,Concluido,Worker-Vesperia,Processado,Vesperia,Supreme Archangel,Auroria
82b9ed76-6f14-4b73-95ac-db23167127d1350,aceitar,Chrizin Bate Fofo,Concluido,Worker-Vesperia,Processado,Vesperia,Lost shelby,Bellum
82b9ed76-6f14-4b73-95ac-db23167127d1351,aceitar,Qinn Shi Huanng,Concluido,Worker-Vesperia,Processado,Vesperia,Yiin,Auroria
82b9ed76-6f14-4b73-95ac-db23167127d1352,aceitar,Qinn Shi Huanng,Concluido,Worker-Vesperia,Processado,Vesperia,Yiin,Auroria
82b9ed76-6f14-4b73-95ac-db23167127d1353,aceitar,Matthew On Vesperia,Concluido,Worker-Vesperia,Processado,Vesperia,Purjm,Vesperia
82b9ed76-6f14-4b73-95ac-db23167127d1354,aceitar,Nunucolinha,Concluido,Worker-Vesperia,Processado,Vesperia,Supreme Archangel,Auroria
82b9ed76-6f14-4b73-95ac-db23167127d1355,aceitar,Dragonxtreme,Concluido,Worker-Vesperia,Processado,Vesperia,Leoncoelyonco,Auroria
82b9ed76-6f14-4b73-95ac-db23167127d1356,invite,Skillu,Concluido,Worker-Vesperia,Processado,Vesperia,kayba rushback,Vesperia
82b9ed76-6f14-4b73-95ac-db23167127d1357,aceitar,Duzeek Odeiaopen,Concluido,Worker-Vesperia,Processado,Vesperia,Duuzek,Tenebrium
82b9ed76-6f14-4b73-95ac-db23167127d1358,aceitar,Jowjow essedde,Concluido,Worker-Vesperia,Processado,Vesperia,Doraemond,Auroria
82b9ed76-6f14-4b73-95ac-db23167127d1359,invite,Neew Archer,Concluido,Worker-Vesperia,Processado,Vesperia,Downer,Vesperia
82b9ed76-6f14-4b73-95ac-db23167127d1360,aceitar,Peida Natanga,Concluido,Worker-Vesperia,Processado,Vesperia,Gabe the Ruinwalker,Bellum
82b9ed76-6f14-4b73-95ac-db23167127d1361,invite,Healer Shopee,Concluido,Worker-Vesperia,Processado,Vesperia,Dread verdancy,Bellum
82b9ed76-6f14-4b73-95ac-db23167127d1362,invite,Cura Rubinii,Concluido,Worker-Vesperia,Processado,Vesperia,Assassin Starc,Tenebrium
82b9ed76-6f14-4b73-95ac-db23167127d1363,aceitar,Peida Natanga,Concluido,Worker-Vesperia,Processado,Vesperia,Gabe the Ruinwalker,Bellum
82b9ed76-6f14-4b73-95ac-db23167127d1364,aceitar,Monk Reparador,Concluido,Worker-Vesperia,Processado,Vesperia,Monk Reparador,Bellum
82b9ed76-6f14-4b73-95ac-db23167127d1365,aceitar,Sonho Darminina,Concluido,Worker-Vesperia,Processado,Vesperia,Gordada Bellumehda Ogygia,Bellum
82b9ed76-6f14-4b73-95ac-db23167127d1366,aceitar,Kaike Nariz Entupido,Concluido,Worker-Vesperia,Processado,Vesperia,Kaiquerah Quintus,Auroria
82b9ed76-6f14-4b73-95ac-db23167127d1367,aceitar,Chrizin Bate Fofo,Concluido,Worker-Vesperia,Processado,Vesperia,Lost Shelby,Bellum
82b9ed76-6f14-4b73-95ac-db23167127d1368,aceitar,hasoler,Concluido,Worker-Vesperia,Processado,Vesperia,oyster perpetual,Auroria
82b9ed76-6f14-4b73-95ac-db23167127d1369,aceitar,Kiing Seeker,Concluido,Worker-Vesperia,Processado,Vesperia,Bellum,Seeker
82b9ed76-6f14-4b73-95ac-db23167127d1370,aceitar,Apitov Legacy,Concluido,Worker-Vesperia,Processado,Vesperia,Tenebrium,Diego 
82b9ed76-6f14-4b73-95ac-db23167127d670,invite,Cochi ed,Concluido,Worker-Belaria,Processado,Belaria,Purjm,Vesperia
82b9ed76-6f14-4b73-95ac-db23167127d687,invite,Fact Persuader,Concluido,Worker-Belaria,Processado,Belaria,Howl Starborn,Bellum
82b9ed76-6f14-4b73-95ac-db23167127d1373,aceitar,Maker Kamikazeh,Concluido,Worker-Vesperia,Processado,Vesperia,Auroria,Akemie
82b9ed76-6f14-4b73-95ac-db23167127d1374,aceitar,Marleitinho,Concluido,Worker-Vesperia,Processado,Vesperia,Vesperia,Marleitinho
82b9ed76-6f14-4b73-95ac-db23167127d1375,aceitar,Zmaker,Concluido,Worker-Vesperia,Processado,Vesperia,Vesperia,Marleitinho
82b9ed76-6f14-4b73-95ac-db23167127d1376,aceitar,Joonzera ,Concluido,Worker-Vesperia,Processado,Vesperia,Auroria,Jon
82b9ed76-6f14-4b73-95ac-db23167127d1377,aceitar,Garajal,Concluido,Worker-Vesperia,Processado,Vesperia,Paly Bossudo,Vesperia
82b9ed76-6f14-4b73-95ac-db23167127d1378,aceitar,Edwint,Concluido,Worker-Vesperia,Processado,Vesperia,Jjaquerisa ,Auroria
82b9ed76-6f14-4b73-95ac-db23167127d1379,aceitar,Gabsmagezl,Concluido,Worker-Vesperia,Processado,Vesperia,Mudrugo Blitz,Vesperia
82b9ed76-6f14-4b73-95ac-db23167127d1380,aceitar,Druid Pahora,Concluido,Worker-Vesperia,Processado,Vesperia,Ek Pa Hora,Bellum
82b9ed76-6f14-4b73-95ac-db23167127d1381,aceitar,Prodigiy,Concluido,Worker-Vesperia,Processado,Vesperia,Ash Fall,Auroria
82b9ed76-6f14-4b73-95ac-db23167127d1382,aceitar,Felipao Playhardd,Concluido,Worker-Vesperia,Processado,Vesperia,Black Rabbith,Vesperia
82b9ed76-6f14-4b73-95ac-db23167127d1383,aceitar,Dynku,Concluido,Worker-Vesperia,Processado,Vesperia,Jiuseppe Edmundo,Tenebrium
82b9ed76-6f14-4b73-95ac-db23167127d1384,aceitar,Pobunuil,Concluido,Worker-Vesperia,Processado,Vesperia,Migalhah,Auroria
82b9ed76-6f14-4b73-95ac-db23167127d690,invite,Froggy Healer,Concluido,Worker-Belaria,Processado,Belaria,Chuko,Bellum
82b9ed76-6f14-4b73-95ac-db23167127d1386,aceitar,Edwint,Concluido,Worker-Vesperia,Processado,Vesperia,Jjaquerisa ,Auroria
82b9ed76-6f14-4b73-95ac-db23167127d1387,aceitar,Ozzwn,Concluido,Worker-Vesperia,Processado,Vesperia,The Paperx,Auroria
82b9ed76-6f14-4b73-95ac-db23167127d1388,aceitar,Ronald Surfman,Concluido,Worker-Vesperia,Processado,Vesperia,Ronald Fenomenal ,Bellum
82b9ed76-6f14-4b73-95ac-db23167127d1389,aceitar,Anakin on Belaria,Concluido,Worker-Vesperia,Processado,Vesperia,Guizao Sereno,Bellum
82b9ed76-6f14-4b73-95ac-db23167127d1390,aceitar,Sus Abyssal,Concluido,Worker-Vesperia,Processado,Vesperia,Auroria,criaativo
82b9ed76-6f14-4b73-95ac-db23167127d1391,aceitar,Sus Abyssal,Concluido,Worker-Vesperia,Processado,Vesperia,Auroria,criaativo
82b9ed76-6f14-4b73-95ac-db23167127d1392,aceitar,Trafusz,Concluido,Worker-Vesperia,Processado,Vesperia,Vesperia,Dg (Trafus)
82b9ed76-6f14-4b73-95ac-db23167127d1393,aceitar,Sus Abyssal,Concluido,Worker-Vesperia,Processado,Vesperia,Auroria,Criaativo
82b9ed76-6f14-4b73-95ac-db23167127d1394,aceitar,Zenthoryx,Concluido,Worker-Vesperia,Processado,Vesperia,Bellum,Lukao
82b9ed76-6f14-4b73-95ac-db23167127d1395,aceitar,Vassqq,Concluido,Worker-Vesperia,Processado,Vesperia,Bellum,Vasqqqqqqqqq
82b9ed76-6f14-4b73-95ac-db23167127d1396,aceitar,Rick Vesperia,Concluido,Worker-Vesperia,Processado,Vesperia,Rick Vesperia,Vesperia
82b9ed76-6f14-4b73-95ac-db23167127d1397,invite,Aprendzidosio,Concluido,Worker-Vesperia,Processado,Vesperia,Vesperia,velhote
82b9ed76-6f14-4b73-95ac-db23167127d1398,aceitar,Sus Abyssal,Concluido,Worker-Vesperia,Processado,Vesperia,Criativo,Auroria
82b9ed76-6f14-4b73-95ac-db23167127d1399,aceitar,Amora Gilgamesh,Concluido,Worker-Vesperia,Processado,Vesperia,Vesperia,Amora - Saint Seraphim
82b9ed76-6f14-4b73-95ac-db23167127d1400,aceitar,Ghoosk,Concluido,Worker-Vesperia,Processado,Vesperia,Vesperia,Feerz - Thiago 
82b9ed76-6f14-4b73-95ac-db23167127d1401,invite,Queeutofazendo Aqui,Concluido,Worker-Vesperia,Processado,Vesperia,Vesperia,Thalezera
82b9ed76-6f14-4b73-95ac-db23167127d1402,aceitar,Heallerr,Concluido,Worker-Vesperia,Processado,Vesperia,Cachhero,Bellum
82b9ed76-6f14-4b73-95ac-db23167127d1403,aceitar,Boca Loca,Concluido,Worker-Vesperia,Processado,Vesperia,Boca Loca,Vesperia
82b9ed76-6f14-4b73-95ac-db23167127d1404,aceitar,Heallerr,Concluido,Worker-Vesperia,Processado,Vesperia,Muajajaa,Auroria
82b9ed76-6f14-4b73-95ac-db23167127d1405,aceitar,Boca Loca,Concluido,Worker-Vesperia,Processado,Vesperia,Xandesky,Vesperia
82b9ed76-6f14-4b73-95ac-db23167127d1406,aceitar,Mazao Vesperia,Concluido,Worker-Vesperia,Processado,Vesperia,Drkzinhow,Bellum
82b9ed76-6f14-4b73-95ac-db23167127d1407,aceitar,Voadora Icecold,Concluido,Worker-Vesperia,Processado,Vesperia,Voadora Antebrassal,Bellum
82b9ed76-6f14-4b73-95ac-db23167127d1408,aceitar,Mazao Vesperia,Concluido,Worker-Vesperia,Processado,Vesperia,Mazao Auroria,Vesperia
82b9ed76-6f14-4b73-95ac-db23167127d1409,aceitar,Heallerr,Concluido,Worker-Vesperia,Processado,Vesperia,Cachhero,Vesperia
82b9ed76-6f14-4b73-95ac-db23167127d1410,aceitar,Erosst,Concluido,Worker-Vesperia,Processado,Vesperia,Tolkiem Dreamer,Vesperia
82b9ed76-6f14-4b73-95ac-db23167127d1411,aceitar,Espasmos,Concluido,Worker-Vesperia,Processado,Vesperia,Joaovisk motivado,Vesperia
82b9ed76-6f14-4b73-95ac-db23167127d1412,aceitar,Lord Phzin,Concluido,Worker-Vesperia,Processado,Vesperia,Galonegro,Vesperia
82b9ed76-6f14-4b73-95ac-db23167127d1413,invite,Veia Bosterica,Concluido,Worker-Auroria,Processado,Auroria,Yapi Tadafilado,Vesperia
82b9ed76-6f14-4b73-95ac-db23167127d1414,invite,Ziig Zag,Concluido,Worker-Auroria,Processado,Auroria,Ziig Zag,Auroria
82b9ed76-6f14-4b73-95ac-db23167127d1415,invite,Maru Tayuwan,Concluido,Worker-Belaria,Processado,Belaria,Artrix,Vesperia
82b9ed76-6f14-4b73-95ac-db23167127d1416,invite,Maru Tayuwan,Concluido,Worker-Belaria,Processado,Belaria,Artrix,Vesperia
82b9ed76-6f14-4b73-95ac-db23167127d1417,invite,Bera No Belaria,Concluido,Worker-Belaria,Processado,Belaria,Bera Malvadao,Tenebrium
82b9ed76-6f14-4b73-95ac-db23167127d1418,invite,Asd Do Horcrux,Concluido,Worker-Belaria,Processado,Belaria,Bombadao on Spectrum,Bellum
82b9ed76-6f14-4b73-95ac-db23167127d692,invite,Fact Persuader,Concluido,Worker-Belaria,Processado,Belaria,Howl Starborn,Bellum
82b9ed76-6f14-4b73-95ac-db23167127d1420,invite,Druida Taka Preda,Concluido,Worker-Belaria,Processado,Belaria,Drakon Kyogou,Belaria
82b9ed76-6f14-4b73-95ac-db23167127d1421,invite,Druida Taka Preda,Concluido,Worker-Belaria,Processado,Belaria,Drakon Kyogou,Belaria
82b9ed76-6f14-4b73-95ac-db23167127d1422,invite,Drkzinho Belaria,Concluido,Worker-Belaria,Processado,Belaria,Drkzinhow,Bellum
82b9ed76-6f14-4b73-95ac-db23167127d694,invite,Refeemsio,Concluido,Worker-Belaria,Processado,Belaria,Refeemsio,Belaria
82b9ed76-6f14-4b73-95ac-db23167127d701,invite,Leobel,Concluido,Worker-Belaria,Processado,Belaria,Leodois,Vesperia
82b9ed76-6f14-4b73-95ac-db23167127d704,invite,Butchers is Back,Concluido,Worker-Belaria,Processado,Belaria,King Dinoblack,Vesperia
82b9ed76-6f14-4b73-95ac-db23167127d1426,invite,Casa Caiu Auroria,Concluido,Worker-Auroria,Processado,Auroria,Old Mitira,Bellum
82b9ed76-6f14-4b73-95ac-db23167127d1639,invite,Asd Do Horcrux,Concluido,Worker-Belaria,Processado,Belaria,Bombadao on Spectrum,Bellum
82b9ed76-6f14-4b73-95ac-db23167127d1428,invite,Foyksz,Concluido,Worker-Belaria,Processado,Belaria,Foyknight,Auroria
82b9ed76-6f14-4b73-95ac-db23167127d1640,invite,Drkzinho Belaria,Concluido,Worker-Belaria,Processado,Belaria,Drkzinhow,Bellum
82b9ed76-6f14-4b73-95ac-db23167127d1430,invite,Fooykzera,Concluido,Worker-Belaria,Processado,Belaria,Foyknight,Auroria
82b9ed76-6f14-4b73-95ac-db23167127d1431,invite,Fuleca,Concluido,Worker-Belaria,Processado,Belaria,Fuleca,Vesperia
82b9ed76-6f14-4b73-95ac-db23167127d1432,invite,Wxpisaac nwetno,Concluido,Worker-Belaria,Processado,Belaria,Isaac the conqueror ,Bellum
82b9ed76-6f14-4b73-95ac-db23167127d1433,invite,Kbomb Belarp,Concluido,Worker-Belaria,Processado,Belaria,Kannabys,Vesperia
82b9ed76-6f14-4b73-95ac-db23167127d1434,invite,Kbomb Belarp,Concluido,Worker-Belaria,Processado,Belaria,Kannabys,Vesperia
82b9ed76-6f14-4b73-95ac-db23167127d1435,invite,Capivarias De Fogo,Concluido,Worker-Belaria,Processado,Belaria,Lady Cateline,Vesperia
82b9ed76-6f14-4b73-95ac-db23167127d1436,invite,Spectrudo,Concluido,Worker-Belaria,Processado,Belaria,maithare,Bellum
82b9ed76-6f14-4b73-95ac-db23167127d1437,invite,Kadoshy Monke,Concluido,Worker-Auroria,Processado,Auroria,Kadoshy Original,Auroria
82b9ed76-6f14-4b73-95ac-db23167127d1438,invite,Abyssal Hunter,Concluido,Worker-Belaria,Processado,Belaria,Mudengo,Bellum
82b9ed76-6f14-4b73-95ac-db23167127d1439,invite,Bevz on Belaria,Concluido,Worker-Belaria,Processado,Belaria,Nigeryan Tradeoff,Vesperia
82b9ed76-6f14-4b73-95ac-db23167127d1440,invite,Bevz on Belaria,Concluido,Worker-Belaria,Processado,Belaria,Nigeryan Tradeoff,Vesperia
82b9ed76-6f14-4b73-95ac-db23167127d1441,invite,Leninha limpeza de canil,Concluido,Worker-Belaria,Processado,Belaria,Oknight asso,Tenebrium
82b9ed76-6f14-4b73-95ac-db23167127d1442,invite,Vasqq,Concluido,Worker-Auroria,Processado,Auroria,Vasq,Bellum
82b9ed76-6f14-4b73-95ac-db23167127d1443,invite,Kuurd espanca,Concluido,Worker-Belaria,Processado,Belaria,Old shukZ,Auroria
82b9ed76-6f14-4b73-95ac-db23167127d1444,invite,War Champzz,Concluido,Worker-Belaria,Processado,Belaria,Ottinho,Vesperia
82b9ed76-6f14-4b73-95ac-db23167127d1445,invite,Rzucilem narkotyki,Concluido,Worker-Belaria,Processado,Belaria,Passandin,Bellum
82b9ed76-6f14-4b73-95ac-db23167127d1446,invite,Sedorff,Concluido,Worker-Belaria,Processado,Belaria,Prmukz,Bellum
82b9ed76-6f14-4b73-95ac-db23167127d1447,invite,Kbombby Edd,Concluido,Worker-Belaria,Processado,Belaria,Queridinho Do Chefe,Vesperia
82b9ed76-6f14-4b73-95ac-db23167127d1448,invite,Guds Amassa Pepexx,Concluido,Worker-Belaria,Processado,Belaria,Raafofinho,Belaria
82b9ed76-6f14-4b73-95ac-db23167127d1449,invite,Sir soulrender,Concluido,Worker-Auroria,Processado,Auroria,Machuca,Auroria
82b9ed76-6f14-4b73-95ac-db23167127d1450,invite,Wurzzy,Concluido,Worker-Belaria,Processado,Belaria,Rapha karalevoiskky,Bellum
82b9ed76-6f14-4b73-95ac-db23167127d1451,invite,Druida Mata Rindo,Concluido,Worker-Auroria,Processado,Auroria,Interrogante Cyrostore ,Bellum
82b9ed76-6f14-4b73-95ac-db23167127d1452,invite,Busty Bonecrushpr,Concluido,Worker-Belaria,Processado,Belaria,Shadow On Nelvaz,Bellum
82b9ed76-6f14-4b73-95ac-db23167127d1453,invite,Oddipreto,Concluido,Worker-Belaria,Processado,Belaria,Shinya Hiragi,Bellum
82b9ed76-6f14-4b73-95ac-db23167127d1454,invite,Trevis Belaria,Concluido,Worker-Belaria,Processado,Belaria,Trevis Arch,Auroria
82b9ed76-6f14-4b73-95ac-db23167127d1455,invite,Paco Imports,Concluido,Worker-Auroria,Processado,Auroria,Recurso Especial,Auroria
82b9ed76-6f14-4b73-95ac-db23167127d1456,invite,Xanudark,Concluido,Worker-Belaria,Processado,Belaria,Xandzerah,Vesperia
82b9ed76-6f14-4b73-95ac-db23167127d1457,invite,Margrethe,Concluido,Worker-Belaria,Processado,Belaria,Ximira Sio,Belaria
82b9ed76-6f14-4b73-95ac-db23167127d1641,invite,Faria Esse Acordo,Concluido,Worker-Belaria,Processado,Belaria,Executive,Belaria
82b9ed76-6f14-4b73-95ac-db23167127d1459,invite,Bilum,Concluido,Worker-Bellum,Processado,Bellum,Bilum,Bellum
82b9ed76-6f14-4b73-95ac-db23167127d1460,invite,Bilum,Concluido,Worker-Bellum,Processado,Bellum,Bilum,Bellum
82b9ed76-6f14-4b73-95ac-db23167127d1461,invite,Verudora,Concluido,Worker-Bellum,Processado,Bellum,Bombadao on Spectrum,Bellum
82b9ed76-6f14-4b73-95ac-db23167127d1642,invite,Foyksz,Concluido,Worker-Belaria,Processado,Belaria,Foyknight,Auroria
82b9ed76-6f14-4b73-95ac-db23167127d1463,invite,Ceratti Retrotrash,Concluido,Worker-Bellum,Processado,Bellum,Ceratti,Auroria
82b9ed76-6f14-4b73-95ac-db23167127d1464,invite,Beth Encrenqueira,Concluido,Worker-Bellum,Processado,Bellum,Dioclezio,Auroria
82b9ed76-6f14-4b73-95ac-db23167127d1465,invite,King Renan,Concluido,Worker-Bellum,Processado,Bellum,Draco Revenant,Tenebrium
82b9ed76-6f14-4b73-95ac-db23167127d1466,invite,King Renan,Concluido,Worker-Bellum,Processado,Bellum,Draco Revenant,Tenebrium
82b9ed76-6f14-4b73-95ac-db23167127d1467,invite,Paladino Cripitoniano,Concluido,Worker-Bellum,Processado,Bellum,drakon killer,Bellum
82b9ed76-6f14-4b73-95ac-db23167127d1644,invite,Fooykzera,Concluido,Worker-Belaria,Processado,Belaria,Foyknight,Belaria
82b9ed76-6f14-4b73-95ac-db23167127d1645,invite,Fooykzera,Concluido,Worker-Belaria,Processado,Belaria,Foyknight,Auroria
82b9ed76-6f14-4b73-95ac-db23167127d1470,invite,Maker do ze,Concluido,Worker-Bellum,Processado,Bellum,Drakon Kyogou,Vesperia
82b9ed76-6f14-4b73-95ac-db23167127d1647,invite,Fooykzera,Concluido,Worker-Belaria,Processado,Belaria,Foyknight,Belaria
82b9ed76-6f14-4b73-95ac-db23167127d1472,invite,Delegadozoor ,Concluido,Worker-Bellum,Processado,Bellum,Drizzy el Mejor,Tenebrium
82b9ed76-6f14-4b73-95ac-db23167127d1473,invite,venancin ea neverlight,Concluido,Worker-Bellum,Processado,Bellum,Duvel Endless,Bellum
82b9ed76-6f14-4b73-95ac-db23167127d1649,invite,Michelin belaria,Concluido,Worker-Belaria,Processado,Belaria,Meatkezin,Tenebrium
82b9ed76-6f14-4b73-95ac-db23167127d1475,invite,Vulgo Dgzada,Concluido,Worker-Bellum,Processado,Bellum,Ek Pa Hora,Bellum
82b9ed76-6f14-4b73-95ac-db23167127d1476,invite,Fujiiro Nakombi,Concluido,Worker-Bellum,Processado,Bellum,Fenrir Gravebow,Auroria
82b9ed76-6f14-4b73-95ac-db23167127d1477,invite,Foyk,Concluido,Worker-Bellum,Processado,Bellum,Foyknight,Auroria
82b9ed76-6f14-4b73-95ac-db23167127d1478,invite,Motorista da transurb,Concluido,Worker-Bellum,Processado,Bellum,Foyknight,Auroria
82b9ed76-6f14-4b73-95ac-db23167127d1479,invite,Lord Marley,Concluido,Worker-Bellum,Processado,Bellum,Foyknight,Auroria
82b9ed76-6f14-4b73-95ac-db23167127d1650,invite,Leninha limpeza de canil,Concluido,Worker-Belaria,Processado,Belaria,Oknight asso,Tenebrium
82b9ed76-6f14-4b73-95ac-db23167127d1651,invite,Guds Amassa Pepexx,Concluido,Worker-Belaria,Processado,Belaria,Raafofinho,Belaria
82b9ed76-6f14-4b73-95ac-db23167127d1652,invite,Wurzzy,Concluido,Worker-Belaria,Processado,Belaria,Rapha karalevoiskky,Bellum
82b9ed76-6f14-4b73-95ac-db23167127d1483,invite,Spectrunn,Concluido,Worker-Bellum,Processado,Bellum,Gabezord ,Bellum
82b9ed76-6f14-4b73-95ac-db23167127d1484,invite,Diep,Concluido,Worker-Bellum,Processado,Bellum,Gabezord ,Bellum
82b9ed76-6f14-4b73-95ac-db23167127d1485,invite,Void Terrible,Concluido,Worker-Bellum,Processado,Bellum,Gabezord ,Bellum
82b9ed76-6f14-4b73-95ac-db23167127d1486,invite,Fazzueli,Concluido,Worker-Bellum,Processado,Bellum,Hater,Belaria
82b9ed76-6f14-4b73-95ac-db23167127d1487,invite,Fazzueli,Concluido,Worker-Bellum,Processado,Bellum,Hater,Belaria
82b9ed76-6f14-4b73-95ac-db23167127d1488,invite,fazzueli,Concluido,Worker-Bellum,Processado,Bellum,Hater,Belaria
82b9ed76-6f14-4b73-95ac-db23167127d1653,invite,Trevis Belaria,Concluido,Worker-Belaria,Processado,Belaria,Trevis Arch,Auroria
82b9ed76-6f14-4b73-95ac-db23167127d1654,invite,Margrethe,Concluido,Worker-Belaria,Processado,Belaria,Ximira Sio,Belaria
82b9ed76-6f14-4b73-95ac-db23167127d1491,invite,Enfermero Ivan,Concluido,Worker-Bellum,Processado,Bellum,Interrogante Cyrostore,Bellum
82b9ed76-6f14-4b73-95ac-db23167127d1492,invite,Enfermero Ivan,Concluido,Worker-Bellum,Processado,Bellum,Interrogante Cyrostore,Bellum
82b9ed76-6f14-4b73-95ac-db23167127d1493,invite,Enfermero Ivan,Concluido,Worker-Bellum,Processado,Bellum,Interrogante Cyrostore,Bellum
82b9ed76-6f14-4b73-95ac-db23167127d1494,invite,Alhulhu,Concluido,Worker-Bellum,Processado,Bellum,Joaoziinhow,Bellum
82b9ed76-6f14-4b73-95ac-db23167127d1495,invite,Armaggedon,Concluido,Worker-Bellum,Processado,Bellum,Joaoziinhow,Bellum
82b9ed76-6f14-4b73-95ac-db23167127d1496,invite,Felps Tacasd,Concluido,Worker-Bellum,Processado,Bellum,Legolas Lodbrok,Auroria
82b9ed76-6f14-4b73-95ac-db23167127d1497,invite,maiithare,Concluido,Worker-Bellum,Processado,Bellum,maithare,Bellum
82b9ed76-6f14-4b73-95ac-db23167127d1498,invite,eside nococo,Concluido,Worker-Bellum,Processado,Bellum,Meatkezin,Tenebrium
82b9ed76-6f14-4b73-95ac-db23167127d1499,invite,zyka'les,Concluido,Worker-Bellum,Processado,Bellum,Miyukki,Auroria
82b9ed76-6f14-4b73-95ac-db23167127d1655,invite,Exura pixx,Concluido,Worker-Belaria,Processado,Belaria,Pescotapa Trembolado,Belaria
82b9ed76-6f14-4b73-95ac-db23167127d1501,invite,Thegodslayer,Concluido,Worker-Bellum,Processado,Bellum,Nigeryan Tradeoff,Vesperia
82b9ed76-6f14-4b73-95ac-db23167127d1502,invite,Thegodslayer,Concluido,Worker-Bellum,Processado,Bellum,Nigeryan Tradeoff,Vesperia
82b9ed76-6f14-4b73-95ac-db23167127d1503,invite,Pedala mesmo,Concluido,Worker-Bellum,Processado,Bellum,Oknight asso,Tenebrium
82b9ed76-6f14-4b73-95ac-db23167127d1504,invite,Mel ambe,Concluido,Worker-Bellum,Processado,Bellum,Operacoes Especiais,Belaria
82b9ed76-6f14-4b73-95ac-db23167127d1505,invite,Mel ambe,Concluido,Worker-Bellum,Processado,Bellum,Operacoes Especiais,Belaria
82b9ed76-6f14-4b73-95ac-db23167127d1506,invite,Pipz,Processando,Worker-Bellum,Processado,Bellum,Pipz,Bellum
82b9ed76-6f14-4b73-95ac-db23167127d1656,invite,Exura pixx,Concluido,Worker-Belaria,Processado,Belaria,Pescotapa Trembolado,Belaria
82b9ed76-6f14-4b73-95ac-db23167127d1657,invite,Ainpara,Concluido,Worker-Belaria,Processado,Belaria,Tavin Lastchance,Vesperia
82b9ed76-6f14-4b73-95ac-db23167127d1669,invite,Assassin Ice,Concluido,Worker-Belaria,Processado,Belaria,Assassin Starc,Auroria
82b9ed76-6f14-4b73-95ac-db23167127d1510,invite,Danteslayer,Concluido,Worker-Bellum,Processado,Bellum,Placenta,Bellum
82b9ed76-6f14-4b73-95ac-db23167127d1511,invite,Kina de vinte,Concluido,Worker-Bellum,Processado,Bellum,Placenta,Bellum
82b9ed76-6f14-4b73-95ac-db23167127d1512,invite,Gamernoob,Concluido,Worker-Bellum,Processado,Bellum,Placenta,Bellum
82b9ed76-6f14-4b73-95ac-db23167127d1513,invite,Kookz,Concluido,Worker-Bellum,Processado,Bellum,Queridinho Do Chefe,Vesperia
82b9ed76-6f14-4b73-95ac-db23167127d1514,invite,Cigarrinho Mentoladoo,Concluido,Worker-Bellum,Processado,Bellum,Raafofinho,Bellum
82b9ed76-6f14-4b73-95ac-db23167127d1515,invite,Cigarrinho Mentoladoo,Concluido,Worker-Bellum,Processado,Bellum,Raafofinho,Bellum
82b9ed76-6f14-4b73-95ac-db23167127d1516,invite,Shinya Hiragi,Concluido,Worker-Bellum,Processado,Bellum,Shinya Hiragi,Bellum
82b9ed76-6f14-4b73-95ac-db23167127d1517,invite,Abominus,Concluido,Worker-Bellum,Processado,Bellum,Shinya Hiragi,Bellum
82b9ed76-6f14-4b73-95ac-db23167127d1518,invite,Abominuss,Concluido,Worker-Bellum,Processado,Bellum,Shinya Hiragi,Bellum
82b9ed76-6f14-4b73-95ac-db23167127d1519,invite,Borso,Concluido,Worker-Bellum,Processado,Bellum,Soul Kriver,Auroria
82b9ed76-6f14-4b73-95ac-db23167127d1520,invite,Hexlord,Concluido,Worker-Bellum,Processado,Bellum,Tavin LastChance,Vesperia
82b9ed76-6f14-4b73-95ac-db23167127d1670,invite,Gabrielz Pro,Concluido,Worker-Belaria,Processado,Belaria,Balla love,Bellum
82b9ed76-6f14-4b73-95ac-db23167127d1522,invite,Trevis Bel Lum,Concluido,Worker-Bellum,Processado,Bellum,Trevis Arch,Auroria
82b9ed76-6f14-4b73-95ac-db23167127d1671,invite,Rnelchapo Belaria,Concluido,Worker-Belaria,Processado,Belaria,Rn Original,Vesperia
82b9ed76-6f14-4b73-95ac-db23167127d1672,invite,Thomas reis,Concluido,Worker-Belaria,Processado,Belaria,Gambetta bombest ,Belaria
82b9ed76-6f14-4b73-95ac-db23167127d1525,invite,Educao,Concluido,Worker-Bellum,Processado,Bellum,Veriel,Bellum
82b9ed76-6f14-4b73-95ac-db23167127d1526,invite,Educao,Concluido,Worker-Bellum,Processado,Bellum,Veriel,Bellum
82b9ed76-6f14-4b73-95ac-db23167127d1527,invite,Vem Estrelaa,Concluido,Worker-Bellum,Processado,Bellum,Yapi Tadafilado,Vesperia
82b9ed76-6f14-4b73-95ac-db23167127d1528,invite,Druida Trembolado,Concluido,Worker-Auroria,Processado,Auroria,Pescotapa Trembolado,Auroria
82b9ed76-6f14-4b73-95ac-db23167127d1529,invite,Masacre Nina,Concluido,Worker-Auroria,Processado,Auroria,Magezyn,Auroria
82b9ed76-6f14-4b73-95ac-db23167127d1530,invite,Betjinha,Concluido,Worker-Tenebrium,Processado,Tenebrium,Borul,Auroria
82b9ed76-6f14-4b73-95ac-db23167127d1531,invite,Betjinha,Concluido,Worker-Tenebrium,Processado,Tenebrium,Borul,Auroria
82b9ed76-6f14-4b73-95ac-db23167127d1532,invite,Veiigaar,Concluido,Worker-Tenebrium,Processado,Tenebrium,Cachhero,Bellum
82b9ed76-6f14-4b73-95ac-db23167127d1673,invite,asdasdasd,Concluido,Worker-Belaria,Processado,Belaria,asdasdas,Vesperia
82b9ed76-6f14-4b73-95ac-db23167127d1534,invite,Burroo do Lula,Concluido,Worker-Tenebrium,Processado,Tenebrium,Dioclezio,Auroria
82b9ed76-6f14-4b73-95ac-db23167127d1535,invite,Gustavin Is Back,Concluido,Worker-Tenebrium,Processado,Tenebrium,Drakon Kyogou,Vesperia
82b9ed76-6f14-4b73-95ac-db23167127d1674,invite,Larry Fink,Concluido,Worker-Belaria,Processado,Belaria,Jiuston Tejas,Auroria
82b9ed76-6f14-4b73-95ac-db23167127d1537,invite,Cova Rasa,Concluido,,Processado,Tenebrium,Executive,Bellum
82b9ed76-6f14-4b73-95ac-db23167127d1538,invite,Foykannabis,Concluido,Worker-Tenebrium,Processado,Tenebrium,Foyknight,Auroria
82b9ed76-6f14-4b73-95ac-db23167127d1539,invite,Foykonha,Concluido,,Processado,Tenebrium,Foyknight,Auroria
82b9ed76-6f14-4b73-95ac-db23167127d1675,invite,sonny,Concluido,Worker-Belaria,Processado,Belaria,Guru On Belaria,Auroria
82b9ed76-6f14-4b73-95ac-db23167127d1676,invite,Deip blinders,Concluido,Worker-Belaria,Processado,Belaria,Neses ogygia,Bellum
82b9ed76-6f14-4b73-95ac-db23167127d1542,invite,Obrabo Rushmaxx,Concluido,Worker-Tenebrium,Processado,Tenebrium,Gabezord ,Tenebrium
82b9ed76-6f14-4b73-95ac-db23167127d1543,invite,Artheris,Concluido,Worker-Tenebrium,Processado,Tenebrium,Isaac the conqueror ,Tenebrium
82b9ed76-6f14-4b73-95ac-db23167127d1544,invite,Theuzinsz Tispank,Concluido,Worker-Tenebrium,Processado,Tenebrium,Legolas Lodbrok,Tenebrium
82b9ed76-6f14-4b73-95ac-db23167127d1545,invite,Kadima,Concluido,Worker-Tenebrium,Processado,Tenebrium,Miyukki,Auroria
82b9ed76-6f14-4b73-95ac-db23167127d1546,invite,Kadima,Concluido,Worker-Tenebrium,Processado,Tenebrium,Miyukki,Auroria
82b9ed76-6f14-4b73-95ac-db23167127d1547,invite,Debilitador Racha Cuca,Concluido,Worker-Tenebrium,Processado,Tenebrium,Mrkin Saagaz,Bellum
82b9ed76-6f14-4b73-95ac-db23167127d1677,invite,Larry fink,Concluido,Worker-Belaria,Processado,Belaria,Jiuston tejas,Auroria
82b9ed76-6f14-4b73-95ac-db23167127d1549,invite,Lara Bully,Concluido,Worker-Tenebrium,Processado,Tenebrium,Nigeryan Tradeoff,Vesperia
82b9ed76-6f14-4b73-95ac-db23167127d1550,invite,Lara Bully,Concluido,Worker-Tenebrium,Processado,Tenebrium,Nigeryan Tradeoff,Vesperia
82b9ed76-6f14-4b73-95ac-db23167127d1551,invite,Kjsadoaks,Concluido,Worker-Tenebrium,Processado,Tenebrium,Old Mitira,Bellum
82b9ed76-6f14-4b73-95ac-db23167127d1552,invite,Kjsadoaks,Concluido,Worker-Tenebrium,Processado,Tenebrium,Old Mitira,Bellum
82b9ed76-6f14-4b73-95ac-db23167127d1553,invite,Kuurdzeras,Concluido,Worker-Tenebrium,Processado,Tenebrium,Old shukz,Auroria
82b9ed76-6f14-4b73-95ac-db23167127d1554,invite,Atormentado de Tormentum ,Concluido,Worker-Tenebrium,Processado,Tenebrium,Paraiba Slowhands,Bellum
82b9ed76-6f14-4b73-95ac-db23167127d1555,invite,Miight Guy Sensei,Concluido,Worker-Tenebrium,Processado,Tenebrium,Passandin,Bellum
82b9ed76-6f14-4b73-95ac-db23167127d1556,invite,Mero Kell Leo,Concluido,Worker-Tenebrium,Processado,Tenebrium,Pega Tanke,Bellum
82b9ed76-6f14-4b73-95ac-db23167127d1557,invite,Chapoletta On Tenebrium,Concluido,Worker-Tenebrium,Processado,Tenebrium,Poderosinho,Auroria
82b9ed76-6f14-4b73-95ac-db23167127d1678,invite,Calma Belo,Concluido,Worker-Belaria,Processado,Belaria,Calma Por Favor,Bellum
82b9ed76-6f14-4b73-95ac-db23167127d1559,invite,Soldier Citizen,Concluido,Worker-Tenebrium,Processado,Tenebrium,Poncinha oz ,Bellum
82b9ed76-6f14-4b73-95ac-db23167127d1560,invite,Iago Jamaicano,Concluido,Worker-Tenebrium,Processado,Tenebrium,Raafofinho,Tenebrium
82b9ed76-6f14-4b73-95ac-db23167127d1679,invite,Jacob Williams,Concluido,Worker-Belaria,Processado,Belaria,Orphan,Vesperia
82b9ed76-6f14-4b73-95ac-db23167127d1562,invite,Druidao Atormentador,Concluido,Worker-Tenebrium,Processado,Tenebrium,Rapha karalevoiskky,Bellum
82b9ed76-6f14-4b73-95ac-db23167127d1680,invite,Carnica Lixoo,Concluido,Worker-Belaria,Processado,Belaria,Marleitinho,Vesperia
82b9ed76-6f14-4b73-95ac-db23167127d1564,invite,Grilo Tenebrium,Concluido,Worker-Tenebrium,Processado,Tenebrium,Rettir Wi,Auroria
82b9ed76-6f14-4b73-95ac-db23167127d1565,invite,Luca Badoer,Concluido,Worker-Tenebrium,Processado,Tenebrium,Riio Sea Devil,Auroria
82b9ed76-6f14-4b73-95ac-db23167127d1566,invite,Luca Badoer,Concluido,Worker-Tenebrium,Processado,Tenebrium,Riio Sea Devil,Auroria
82b9ed76-6f14-4b73-95ac-db23167127d1567,invite,Luca Badoer,Concluido,Worker-Tenebrium,Processado,Tenebrium,Riio Sea Devil,Auroria
82b9ed76-6f14-4b73-95ac-db23167127d1681,invite,Larry Fink,Concluido,Worker-Belaria,Processado,Belaria,Jiuston tejas,Auroria
82b9ed76-6f14-4b73-95ac-db23167127d1569,invite,João Sem Carro ,Concluido,Worker-Tenebrium,Processado,Tenebrium,Shadow on nelvaz,Bellum
82b9ed76-6f14-4b73-95ac-db23167127d1570,invite,Capivara Lutadora De Capoeira,Concluido,Worker-Tenebrium,Processado,Tenebrium,Soul Kriver,Auroria
82b9ed76-6f14-4b73-95ac-db23167127d1571,invite,Bera No Vesperia,Concluido,Worker-Vesperia,Processado,Vesperia,Bera Malvadao,Vesperia
82b9ed76-6f14-4b73-95ac-db23167127d1682,invite,Kurama Paladim,Concluido,Worker-Belaria,Processado,Belaria,SKELTH IMPROVED,Belaria
82b9ed76-6f14-4b73-95ac-db23167127d1573,invite,Dlzin matou voltou,Concluido,Worker-Vesperia,Processado,Vesperia,Bombadao on Spectrum,Bellum
82b9ed76-6f14-4b73-95ac-db23167127d1683,invite,Bruxentossauro,Concluido,Worker-Belaria,Processado,Belaria,Bullseyesz Nikity,Auroria
82b9ed76-6f14-4b73-95ac-db23167127d1684,invite,Nossvem,Concluido,Worker-Belaria,Processado,Belaria,Smiithys,Auroria
82b9ed76-6f14-4b73-95ac-db23167127d1760,invite,Lord Shoxz Belaria,Concluido,Worker-Belaria,Processado,Belaria,Lola Palloza,Auroria
82b9ed76-6f14-4b73-95ac-db23167127d1577,invite,Druid Mavoz ,Concluido,Worker-Vesperia,Processado,Vesperia,Dioclezio,Auroria
82b9ed76-6f14-4b73-95ac-db23167127d1762,invite,Froggy Healer,Concluido,Worker-Belaria,Processado,Belaria,Chuko,Bellum
82b9ed76-6f14-4b73-95ac-db23167127d1579,invite,Drakon Kyogou,Concluido,Worker-Vesperia,Processado,Vesperia,Drakon Kyogou,Vesperia
82b9ed76-6f14-4b73-95ac-db23167127d1580,invite,Riickzera Fazeroquene,Concluido,Worker-Vesperia,Processado,Vesperia,Drakon Kyogou,Vesperia
82b9ed76-6f14-4b73-95ac-db23167127d1764,invite,okitecome,Concluido,Worker-Belaria,Processado,Belaria,scaomrp,Vesperia
82b9ed76-6f14-4b73-95ac-db23167127d1769,invite,Baphomet Belaria,Concluido,Worker-Belaria,Processado,Belaria,Baphomet Blessings,Tenebrium
82b9ed76-6f14-4b73-95ac-db23167127d1583,invite,Possibilidade ,Concluido,Worker-Vesperia,Processado,Vesperia,Executive,Bellum
82b9ed76-6f14-4b73-95ac-db23167127d1772,invite,Stella Gold On Belaria,Concluido,Worker-Belaria,Processado,Belaria,Stella Pure Gold,Vesperia
82b9ed76-6f14-4b73-95ac-db23167127d1585,invite,Fightter,Concluido,Worker-Vesperia,Processado,Vesperia,Foyknight,Auroria
82b9ed76-6f14-4b73-95ac-db23167127d1780,invite,Markim digdin,Concluido,Worker-Belaria,Processado,Belaria,Evil on auroria ,Auroria
82b9ed76-6f14-4b73-95ac-db23167127d1587,invite,Linha direta ,Concluido,Worker-Vesperia,Processado,Vesperia,Hater,Belaria
82b9ed76-6f14-4b73-95ac-db23167127d1588,invite,Linha direta ,Concluido,Worker-Vesperia,Processado,Vesperia,Hater,Belaria
82b9ed76-6f14-4b73-95ac-db23167127d1589,invite,Linha direta ,Concluido,Worker-Vesperia,Processado,Vesperia,Hater,Belaria
82b9ed76-6f14-4b73-95ac-db23167127d1590,invite,lukinha paramax,Concluido,Worker-Vesperia,Processado,Vesperia,Meatkezin,Tenebrium
82b9ed76-6f14-4b73-95ac-db23167127d1591,invite,Euerrei Perdao,Concluido,Worker-Vesperia,Processado,Vesperia,Miyukki,Auroria
82b9ed76-6f14-4b73-95ac-db23167127d1592,invite,Euerrei Perdao,Concluido,Worker-Vesperia,Processado,Vesperia,Miyukki,Auroria
82b9ed76-6f14-4b73-95ac-db23167127d1593,invite,Afr Vimbuscarnb,Concluido,Worker-Vesperia,Processado,Vesperia,Nigeryan Tradeoff,Vesperia
82b9ed76-6f14-4b73-95ac-db23167127d1594,invite,Afr Vimbuscarnb,Concluido,Worker-Vesperia,Processado,Vesperia,Nigeryan Tradeoff,Vesperia
82b9ed76-6f14-4b73-95ac-db23167127d1595,invite,Chuvisco Sereno,Concluido,Worker-Vesperia,Processado,Vesperia,Passandin,Bellum
82b9ed76-6f14-4b73-95ac-db23167127d1596,invite,Ralma,Concluido,Worker-Vesperia,Processado,Vesperia,Queridinho Do Chefe,Vesperia
82b9ed76-6f14-4b73-95ac-db23167127d1597,invite,Ralma,Concluido,Worker-Vesperia,Processado,Vesperia,Queridinho Do Chefe,Vesperia
82b9ed76-6f14-4b73-95ac-db23167127d1783,invite,Spectrudo,Concluido,Worker-Belaria,Processado,Belaria,Maithare ,Bellum
82b9ed76-6f14-4b73-95ac-db23167127d1599,invite,Raafofinho,Concluido,Worker-Vesperia,Processado,Vesperia,Raafofinho,Vesperia
82b9ed76-6f14-4b73-95ac-db23167127d1600,invite,Not Rafofinho,Concluido,Worker-Vesperia,Processado,Vesperia,Raafofinho,Vesperia
82b9ed76-6f14-4b73-95ac-db23167127d1601,invite,Mzbomba Doze,Concluido,Worker-Vesperia,Processado,Vesperia,Raafofinho,Vesperia
82b9ed76-6f14-4b73-95ac-db23167127d1602,invite,Raafofinho,Concluido,Worker-Vesperia,Processado,Vesperia,Raafofinho,Vesperia
82b9ed76-6f14-4b73-95ac-db23167127d1603,invite,Raafofinho,Concluido,Worker-Vesperia,Processado,Vesperia,Raafofinho,Vesperia
82b9ed76-6f14-4b73-95ac-db23167127d1604,invite,Not Rafofinho,Concluido,Worker-Vesperia,Processado,Vesperia,Raafofinho,Vesperia
82b9ed76-6f14-4b73-95ac-db23167127d1605,invite,Mzbomba Doze,Concluido,Worker-Vesperia,Processado,Vesperia,Raafofinho,Vesperia
82b9ed76-6f14-4b73-95ac-db23167127d1606,invite,Raafofinho,Concluido,Worker-Vesperia,Processado,Vesperia,Raafofinho,Vesperia
82b9ed76-6f14-4b73-95ac-db23167127d1784,invite,Calma Belo,Concluido,Worker-Belaria,Processado,Belaria,Calma Por Favor,Bellum
82b9ed76-6f14-4b73-95ac-db23167127d1804,invite,Larry Fink,Concluido,Worker-Belaria,Processado,Belaria,Jiuston tejas,Auroria
82b9ed76-6f14-4b73-95ac-db23167127d1807,invite,The Darkside,Concluido,Worker-Belaria,Processado,Belaria,Hangloose,Bellum
82b9ed76-6f14-4b73-95ac-db23167127d1610,invite,Spirit Slayer,Concluido,Worker-Vesperia,Processado,Vesperia,Spirit Slayer,Vesperia
82b9ed76-6f14-4b73-95ac-db23167127d1611,invite,Spirit Scourage,Concluido,Worker-Vesperia,Processado,Vesperia,Spirit Slayer,Vesperia
82b9ed76-6f14-4b73-95ac-db23167127d1612,invite,Spirit Slayer,Concluido,Worker-Vesperia,Processado,Vesperia,Spirit Slayer,Vesperia
82b9ed76-6f14-4b73-95ac-db23167127d1613,invite,Thundrak Cazador Vesperia,Concluido,Worker-Vesperia,Processado,Vesperia,Thundrak,Bellum
82b9ed76-6f14-4b73-95ac-db23167127d1814,invite,Jezim Belaria,Concluido,Worker-Belaria,Processado,Belaria,Shadow Jezim,Vesperia
82b9ed76-6f14-4b73-95ac-db23167127d774,invite,Geladoo Dteach,Concluido,Worker-Belaria,Processado,Bellum,Healler Is Back,Tenebrium
82b9ed76-6f14-4b73-95ac-db23167127d777,invite,Goytz,Concluido,Worker-Bellum,Processado,Bellum,Lipe Urbanpatrocina,Auroria
82b9ed76-6f14-4b73-95ac-db23167127d787,invite,Furyzito,Concluido,Worker-Bellum,Processado,Bellum,Kyozix,Auroria
82b9ed76-6f14-4b73-95ac-db23167127d1618,invite,Pega Tanke,Concluido,Worker-Vesperia,Processado,Vesperia,Tripiida,Bellum
82b9ed76-6f14-4b73-95ac-db23167127d1619,invite,Druid Mavoz,Processando,Worker-Vesperia,Processado,Vesperia,Dioclezio,Auroria
82b9ed76-6f14-4b73-95ac-db23167127d789,invite,Soco Nomonobola,Concluido,Worker-Bellum,Processado,Bellum,Tu Tuu,Auroria
82b9ed76-6f14-4b73-95ac-db23167127d1621,invite,Cebolas Power,Concluido,Worker-Auroria,Processado,Auroria,Yutta Tenebroso,Tenebrium
82b9ed76-6f14-4b73-95ac-db23167127d809,invite,Mazao Hypelex,Concluido,Worker-Bellum,Processado,Bellum,Mazao Auroria,Bellum
82b9ed76-6f14-4b73-95ac-db23167127d1623,invite,Juzehrc,Concluido,Worker-Auroria,Processado,Auroria,Assassin Starc,Auroria
82b9ed76-6f14-4b73-95ac-db23167127d1624,invite,Islanderson,Processando,Worker-Vesperia,Processado,Vesperia,Japaum Reformed,Bellum
82b9ed76-6f14-4b73-95ac-db23167127d810,invite,Mazao on Spectrum,Concluido,Worker-Bellum,Processado,Bellum,Mazao Auroria,Bellum
82b9ed76-6f14-4b73-95ac-db23167127d825,invite,Guhzerah Gu,Concluido,Worker-Bellum,Processado,Bellum,Marechal Gsutavo,Auroria
82b9ed76-6f14-4b73-95ac-db23167127d830,invite,Neutro caótico,Concluido,Worker-Bellum,Processado,Bellum,Prmukz,Bellum
82b9ed76-6f14-4b73-95ac-db23167127d832,invite,Leeo Catarina,Concluido,Worker-Bellum,Processado,Bellum,Bzika Catarina,Vesperia
82b9ed76-6f14-4b73-95ac-db23167127d1629,invite,Lola Palloza,Concluido,Worker-Auroria,Processado,Auroria,Lola Palloza ,Auroria
82b9ed76-6f14-4b73-95ac-db23167127d1630,invite,Syrupi,Concluido,Worker-Auroria,Processado,Auroria,Imbape,Bellum
82b9ed76-6f14-4b73-95ac-db23167127d1631,invite,Rnelchapo Auroria,Concluido,Worker-Auroria,Processado,Auroria,Rn Original,Vesperia
82b9ed76-6f14-4b73-95ac-db23167127d1632,invite,Hopsiin,Concluido,Worker-Auroria,Processado,Auroria,tafa camisa dez,Auroria
82b9ed76-6f14-4b73-95ac-db23167127d1633,invite,tafa deiiz,Concluido,Worker-Auroria,Processado,Auroria,tafa camisa dez,Auroria
82b9ed76-6f14-4b73-95ac-db23167127d1634,invite,Pena Azull,Concluido,Worker-Auroria,Processado,Auroria,King Luantrs,Auroria
82b9ed76-6f14-4b73-95ac-db23167127d846,invite,Bomba Do Coffessz,Concluido,Worker-Bellum,Processado,Bellum,Super Coffeesz,Auroria
82b9ed76-6f14-4b73-95ac-db23167127d855,invite,Nescau com Shoyu,Concluido,Worker-Bellum,Processado,Bellum,Terror was coming,Tenebrium
82b9ed76-6f14-4b73-95ac-db23167127d875,invite,Nescau com Shoyu,Concluido,Worker-Bellum,Processado,Bellum,Terror was coming,Tenebrium
82b9ed76-6f14-4b73-95ac-db23167127d878,invite,Drakon Archer,Concluido,Worker-Bellum,Processado,Bellum,Ciphra,Bellum
82b9ed76-6f14-4b73-95ac-db23167127d892,invite,kaganakama,Concluido,Worker-Bellum,Processado,Bellum,Poderosinho,Auroria
82b9ed76-6f14-4b73-95ac-db23167127d905,invite,Zinhao,Concluido,Worker-Bellum,Processado,Bellum,Zinhao,Bellum
82b9ed76-6f14-4b73-95ac-db23167127d908,invite,Bene Barbosa,Concluido,Worker-Bellum,Processado,Bellum,Mudano,Auroria
82b9ed76-6f14-4b73-95ac-db23167127d922,invite,Tainha Nocilibrim,Concluido,Worker-Bellum,Processado,Bellum,Pato Nautico,Auroria
82b9ed76-6f14-4b73-95ac-db23167127d925,invite,Juzzy,Concluido,Worker-Bellum,Processado,Bellum,vibrakripy,Tenebrium
82b9ed76-6f14-4b73-95ac-db23167127d930,invite,Mc donalds ,Concluido,Worker-Bellum,Processado,Bellum,Auroria,Jon
82b9ed76-6f14-4b73-95ac-db23167127d933,invite,Juzzy,Concluido,Worker-Bellum,Processado,Bellum,Assassin Starc,Auroria
82b9ed76-6f14-4b73-95ac-db23167127d940,invite,Shavine zek ,Concluido,Worker-Bellum,Processado,Bellum,Shavine zek,Bellum
82b9ed76-6f14-4b73-95ac-db23167127d942,invite,Luca Badoer,Concluido,Worker-Bellum,Processado,Bellum,Riio Sea Devil,Auroria
82b9ed76-6f14-4b73-95ac-db23167127d955,invite,Geladoo Dteach,Concluido,Worker-Bellum,Processado,Bellum,Healler Is Back,Tenebrium
82b9ed76-6f14-4b73-95ac-db23167127d961,invite,Mago Maguinus,Concluido,Worker-Bellum,Processado,Bellum,Netozera,Auroria
82b9ed76-6f14-4b73-95ac-db23167127d966,invite,Shavine zek,Concluido,Worker-Bellum,Processado,Bellum,Shavine zek (precisa invitar pois não consigo dar apply),Bellum
82b9ed76-6f14-4b73-95ac-db23167127d968,invite,Anizzita,Concluido,Worker-Bellum,Processado,Bellum,Muajajaa,Auroria
82b9ed76-6f14-4b73-95ac-db23167127d969,invite,Anizzita,Concluido,Worker-Bellum,Processado,Bellum,Muajajaa,Bellum
82b9ed76-6f14-4b73-95ac-db23167127d979,invite,Gutox Humilha Coitado,Concluido,Worker-Bellum,Processado,Bellum,Assassin Starc,Auroria
82b9ed76-6f14-4b73-95ac-db23167127d1462,invite,Verudora,Concluido,Worker-Bellum,Processado,Bellum,Bombadao on Spectrum,Bellum
82b9ed76-6f14-4b73-95ac-db23167127d1468,invite,Paladino Cripitoniano,Concluido,Worker-Bellum,Processado,Bellum,drakon killer,Bellum
82b9ed76-6f14-4b73-95ac-db23167127d1469,invite,Paladino Cripitoniano,Concluido,Worker-Bellum,Processado,Bellum,Drakon Killer,Vesperia
82b9ed76-6f14-4b73-95ac-db23167127d1471,invite,Maker do ze,Concluido,Worker-Bellum,Processado,Bellum,Drakon Kyogou,Vesperia
82b9ed76-6f14-4b73-95ac-db23167127d1474,invite,venancin ea neverlight,Concluido,Worker-Bellum,Processado,Bellum,Duvel Endless,Bellum
82b9ed76-6f14-4b73-95ac-db23167127d1480,invite,Foyk,Concluido,Worker-Bellum,Processado,Bellum,Foyknight,Auroria
82b9ed76-6f14-4b73-95ac-db23167127d1481,invite,Motorista da transurb,Concluido,Worker-Bellum,Processado,Bellum,Foyknight,Auroria
82b9ed76-6f14-4b73-95ac-db23167127d1482,invite,Lord Marley,Concluido,Worker-Bellum,Processado,Bellum,Foyknight,Auroria
82b9ed76-6f14-4b73-95ac-db23167127d1489,invite,Cafferino,Concluido,Worker-Bellum,Processado,Bellum,Hax Rajadao,Bellum
82b9ed76-6f14-4b73-95ac-db23167127d1490,invite,Cafferino,Concluido,Worker-Bellum,Processado,Bellum,Hax Rajadao,Bellum
82b9ed76-6f14-4b73-95ac-db23167127d1500,invite,Zyka'les,Concluido,Worker-Bellum,Processado,Bellum,Miyukki,Auroria
82b9ed76-6f14-4b73-95ac-db23167127d1507,invite,Pipz,Concluido,Worker-Bellum,Processado,Bellum,Pipz,Bellum
82b9ed76-6f14-4b73-95ac-db23167127d1508,invite,Pipz,Concluido,Worker-Bellum,Processado,Bellum,Pipz,Bellum
82b9ed76-6f14-4b73-95ac-db23167127d1509,invite,Pipz,Concluido,Worker-Bellum,Processado,Bellum,Pipz,Bellum
82b9ed76-6f14-4b73-95ac-db23167127d1521,invite,Hexlord,Concluido,Worker-Bellum,Processado,Bellum,Tavin LastChance,Vesperia
82b9ed76-6f14-4b73-95ac-db23167127d1523,invite,Trevis Bel Lum,Concluido,Worker-Bellum,Processado,Bellum,Trevis Arch,Auroria
82b9ed76-6f14-4b73-95ac-db23167127d1524,invite,Entao Toma,Concluido,Worker-Bellum,Processado,Bellum,Uxixicaniel,Vesperia
82b9ed76-6f14-4b73-95ac-db23167127d1620,invite,Beth Encrenqueira,Concluido,Worker-Bellum,Processado,Bellum,Dioclezio,Auroria
82b9ed76-6f14-4b73-95ac-db23167127d1685,invite,Beth Encrenqueira,Concluido,Worker-Bellum,Processado,Bellum,Dioclezio,Bellum
82b9ed76-6f14-4b73-95ac-db23167127d1686,invite,Imbape,Concluido,Worker-Bellum,Processado,Bellum,Imbape,Bellum
82b9ed76-6f14-4b73-95ac-db23167127d1687,invite,Jacarezi Prostibuilder,Concluido,Worker-Bellum,Processado,Bellum,Yagod on RubinOT,Auroria
82b9ed76-6f14-4b73-95ac-db23167127d1688,invite,Makerzinhaa,Concluido,Worker-Bellum,Processado,Bellum,Voivoda Faultaizen Brawzen,Belaria
82b9ed76-6f14-4b73-95ac-db23167127d1689,invite,Fee kamikaze,Concluido,Worker-Bellum,Processado,Bellum,Machuca,Auroria
82b9ed76-6f14-4b73-95ac-db23167127d1690,invite,Juninzik bombinha crymore,Concluido,Worker-Bellum,Processado,Bellum,Juninzik,Bellum
82b9ed76-6f14-4b73-95ac-db23167127d1691,invite,Borso,Concluido,Worker-Bellum,Processado,Bellum,Soul Kriver,Auroria
82b9ed76-6f14-4b73-95ac-db23167127d1692,invite,Monster Absolut,Concluido,Worker-Bellum,Processado,Bellum,Magezyn,Auroria
82b9ed76-6f14-4b73-95ac-db23167127d1693,invite,Bolong dagalera,Concluido,Worker-Bellum,Processado,Bellum,Recurso Especial,Auroria
82b9ed76-6f14-4b73-95ac-db23167127d1694,invite,Jacarezi Prostibuilder,Concluido,Worker-Bellum,Processado,Bellum,Yagod on RubinOT,Auroria
82b9ed76-6f14-4b73-95ac-db23167127d1695,invite,Makerzinhaa,Concluido,Worker-Bellum,Processado,Bellum,Voivoda Faultaizen Brawzen,Belaria
82b9ed76-6f14-4b73-95ac-db23167127d1696,invite,Fee kamikaze,Concluido,Worker-Bellum,Processado,Bellum,Machuca,Auroria
82b9ed76-6f14-4b73-95ac-db23167127d1697,invite,Juninzik bombinha crymore,Concluido,Worker-Bellum,Processado,Bellum,Juninzik,Bellum
82b9ed76-6f14-4b73-95ac-db23167127d1698,invite,Borso,Concluido,Worker-Bellum,Processado,Bellum,Soul Kriver,Auroria
82b9ed76-6f14-4b73-95ac-db23167127d1699,invite,Monster Absolut,Concluido,Worker-Bellum,Processado,Bellum,Magezyn,Auroria
82b9ed76-6f14-4b73-95ac-db23167127d1700,invite,Bolong dagalera,Concluido,Worker-Bellum,Processado,Bellum,Recurso Especial,Auroria
82b9ed76-6f14-4b73-95ac-db23167127d1701,invite,Delegadozoor,Concluido,Worker-Bellum,Processado,Bellum,DRIZZY EL MEJOR,Tenebrium
82b9ed76-6f14-4b73-95ac-db23167127d1702,invite,Imbape,Concluido,Worker-Bellum,Processado,Bellum,Impabe,Bellum
82b9ed76-6f14-4b73-95ac-db23167127d1703,invite,Gutox Humilha Coitado,Concluido,Worker-Bellum,Processado,Bellum,Assassin Starc,Auroria
82b9ed76-6f14-4b73-95ac-db23167127d1704,invite,Sigy Sauerr,Concluido,Worker-Bellum,Processado,Bellum,Hot Absolut,Belaria
82b9ed76-6f14-4b73-95ac-db23167127d1705,invite,Senhor zoro,Concluido,Worker-Bellum,Processado,Bellum,Gambetta bombest ,Bellum
82b9ed76-6f14-4b73-95ac-db23167127d1706,invite,Jiustozton,Concluido,Worker-Bellum,Processado,Bellum,Jiuston tejas,Auroria
82b9ed76-6f14-4b73-95ac-db23167127d1707,invite,Carnica Lixo,Concluido,Worker-Bellum,Processado,Bellum,Marleitinho,Vesperia
82b9ed76-6f14-4b73-95ac-db23167127d1708,invite,Cafferino,Concluido,Worker-Bellum,Processado,Bellum,Hax Rajadao,Bellum
82b9ed76-6f14-4b73-95ac-db23167127d1709,invite,Kamikazy Honeshot,Concluido,Worker-Bellum,Processado,Bellum,Bullseyesz Nikity,Auroria
82b9ed76-6f14-4b73-95ac-db23167127d1710,invite,Vemcotoco,Concluido,Worker-Bellum,Processado,Bellum,Smiithys,Auroria
82b9ed76-6f14-4b73-95ac-db23167127d1711,invite,Penozo Grego,Concluido,Worker-Bellum,Processado,Bellum,Antthony,Auroria
82b9ed76-6f14-4b73-95ac-db23167127d1712,invite,Penozo Grego,Concluido,Worker-Bellum,Processado,Bellum,Antthony,Auroria
82b9ed76-6f14-4b73-95ac-db23167127d1713,invite,Panzonenbellum,Concluido,Worker-Bellum,Processado,Bellum,PANZON FULLTANK,Auroria
82b9ed76-6f14-4b73-95ac-db23167127d1763,invite,Ppzord,Concluido,Worker-Bellum,Processado,Bellum,Ppborderlindo,Vesperia
82b9ed76-6f14-4b73-95ac-db23167127d1767,invite,Baphomet Bellum,Concluido,Worker-Bellum,Processado,Bellum,Baphomet Blessings,Tenebrium
82b9ed76-6f14-4b73-95ac-db23167127d1771,invite,Volki Belum,Concluido,Worker-Bellum,Processado,Bellum,Enzo Shellpatrocina,Auroria
82b9ed76-6f14-4b73-95ac-db23167127d1773,invite,Bene Barbosa,Concluido,Worker-Bellum,Processado,Bellum,Mudano,Auroria
82b9ed76-6f14-4b73-95ac-db23167127d1774,invite,Chelster,Concluido,Worker-Bellum,Processado,Bellum,Mudano,Bellum
82b9ed76-6f14-4b73-95ac-db23167127d1781,invite,Evil dinasty ,Concluido,Worker-Bellum,Processado,Bellum,Evil on auroria ,Auroria
82b9ed76-6f14-4b73-95ac-db23167127d1789,invite,Siena de bandido,Concluido,Worker-Bellum,Processado,Bellum,Marechal Gustavo ,Auroria
82b9ed76-6f14-4b73-95ac-db23167127d1791,invite,Fee kamikaze,Concluido,Worker-Bellum,Processado,Bellum,Machuca,Auroria
82b9ed76-6f14-4b73-95ac-db23167127d1796,invite,Ziiqo,Concluido,Worker-Bellum,Processado,Bellum,Hot Absolut,Bellum
82b9ed76-6f14-4b73-95ac-db23167127d1797,invite,Verizel,Concluido,Worker-Bellum,Processado,Bellum,Lukao Skulls Bones,Vesperia
82b9ed76-6f14-4b73-95ac-db23167127d1801,invite,Siena de bandido,Concluido,Worker-Bellum,Processado,Bellum,Archer Bueno,Auroria
82b9ed76-6f14-4b73-95ac-db23167127d1803,invite,Allastor Moody ,Concluido,Worker-Bellum,Processado,Bellum,Negoo doce ,Auroria
82b9ed76-6f14-4b73-95ac-db23167127d1810,invite,Script Code,Concluido,Worker-Bellum,Processado,Bellum,Shadow Jezim,Vesperia
82b9ed76-6f14-4b73-95ac-db23167127d1816,invite,Maker do salinhas ,Concluido,Worker-Bellum,Processado,Bellum,Veriel ,Bellum
82b9ed76-6f14-4b73-95ac-db23167127d1818,invite,Panzonenbellum,Concluido,Worker-Bellum,Processado,Bellum,Panzon Fulltank,Auroria
82b9ed76-6f14-4b73-95ac-db23167127d1821,invite,Capivarias De Gelo,Concluido,Worker-Bellum,Processado,Bellum,Lady Cateline,Bellum
82b9ed76-6f14-4b73-95ac-db23167127d1823,invite,Pipz,Concluido,Worker-Bellum,Processado,Bellum,Pipz,Bellum
82b9ed76-6f14-4b73-95ac-db23167127d1824,invite,Chapito paramax,Concluido,Worker-Bellum,Processado,Bellum,Chapito de monk,Bellum
82b9ed76-6f14-4b73-95ac-db23167127d1825,invite,Chapito Curandero,Concluido,Worker-Bellum,Processado,Bellum,Chapito de monk,Bellum
82b9ed76-6f14-4b73-95ac-db23167127d1054,invite,Mataele,Concluido,Worker-Tenebrium,Processado,Tenebrium,?,?
82b9ed76-6f14-4b73-95ac-db23167127d1082,invite,Toka terrortwo,Concluido,Worker-Tenebrium,Processado,Tenebrium,Toka terror,Auroria
82b9ed76-6f14-4b73-95ac-db23167127d1140,invite,Jospa Biola,Concluido,Worker-Tenebrium,Processado,Tenebrium,Izanaa,Bellum
82b9ed76-6f14-4b73-95ac-db23167127d1212,invite,Gecco Beckerpatrocina,Concluido,Worker-Tenebrium,Processado,Tenebrium,Atropella,Bellum
82b9ed76-6f14-4b73-95ac-db23167127d1217,invite,Mazao Vesperia,Concluido,Worker-Tenebrium,Processado,Tenebrium,Mazao Auroria,Auroria
82b9ed76-6f14-4b73-95ac-db23167127d1223,invite,Elder druid ,Concluido,Worker-Tenebrium,Processado,Tenebrium,Vesperia,Zavatyy
82b9ed76-6f14-4b73-95ac-db23167127d1224,invite,Vibrakripy,Concluido,Worker-Tenebrium,Processado,Tenebrium,Bellum,Seeker 
82b9ed76-6f14-4b73-95ac-db23167127d1225,invite,Vibrakripy,Concluido,Worker-Tenebrium,Processado,Tenebrium,Bellum,Seeker 
82b9ed76-6f14-4b73-95ac-db23167127d1533,invite,Veiigaar,Concluido,Worker-Tenebrium,Processado,Tenebrium,Cachhero,Bellum
82b9ed76-6f14-4b73-95ac-db23167127d1536,invite,Gustavin Is Back,Concluido,Worker-Tenebrium,Processado,Tenebrium,Drakon Kyogou,Vesperia
82b9ed76-6f14-4b73-95ac-db23167127d1540,invite,Foykannabis,Concluido,Worker-Tenebrium,Processado,Tenebrium,Foyknight,Auroria
82b9ed76-6f14-4b73-95ac-db23167127d1541,invite,Foykonha,Concluido,Worker-Tenebrium,Processado,Tenebrium,Foyknight,Auroria
82b9ed76-6f14-4b73-95ac-db23167127d1548,invite,Debilitador Racha Cuca,Concluido,Worker-Tenebrium,Processado,Tenebrium,Mrkin Saagaz,Bellum
82b9ed76-6f14-4b73-95ac-db23167127d1561,invite,Iago Jamaicano,Concluido,Worker-Tenebrium,Processado,Tenebrium,Raafofinho,Tenebrium
82b9ed76-6f14-4b73-95ac-db23167127d1563,invite,Druidao Atormentador,Concluido,Worker-Tenebrium,Processado,Tenebrium,Rapha karalevoiskky,Bellum
82b9ed76-6f14-4b73-95ac-db23167127d1568,invite,Luca Badoer,Concluido,Worker-Tenebrium,Processado,Tenebrium,Riio Sea Devil,Auroria
82b9ed76-6f14-4b73-95ac-db23167127d1714,invite,Tomoupushtomei,Concluido,Worker-Tenebrium,Processado,Tenebrium,Bombadao on Spectrum,Bellum
82b9ed76-6f14-4b73-95ac-db23167127d1715,invite,Tomoupushtomei,Concluido,Worker-Tenebrium,Processado,Tenebrium,Bombadao on Spectrum,Bellum
82b9ed76-6f14-4b73-95ac-db23167127d1716,invite,Soldier Citizen,Concluido,Worker-Tenebrium,Processado,Tenebrium,Poncinha oz ,Bellum
82b9ed76-6f14-4b73-95ac-db23167127d1717,invite,Burroo do Lula,Concluido,Worker-Tenebrium,Processado,Tenebrium,Dioclezio,Auroria
82b9ed76-6f14-4b73-95ac-db23167127d1718,invite,Cury isso back,Concluido,Worker-Tenebrium,Processado,Tenebrium,Machuca,Auroria
82b9ed76-6f14-4b73-95ac-db23167127d1719,invite,Capivara Lutadora De Capoeira,Concluido,Worker-Tenebrium,Processado,Tenebrium,Soul Kriver,Auroria
82b9ed76-6f14-4b73-95ac-db23167127d1720,invite,Skeptikz,Concluido,Worker-Tenebrium,Processado,Tenebrium,Only Massacree ,Auroria
82b9ed76-6f14-4b73-95ac-db23167127d1721,invite,Flitz Getinhome,Concluido,Worker-Tenebrium,Processado,Tenebrium,Recurso Especial,Auroria
82b9ed76-6f14-4b73-95ac-db23167127d1722,invite,Soldier Citizen,Concluido,Worker-Tenebrium,Processado,Tenebrium,Poncinha Oz,Bellum
82b9ed76-6f14-4b73-95ac-db23167127d1723,invite,Chapoulintreis,Concluido,Worker-Tenebrium,Processado,Tenebrium,Godzillaz,Auroria
82b9ed76-6f14-4b73-95ac-db23167127d1724,invite,Cury isso back,Concluido,Worker-Tenebrium,Processado,Tenebrium,Machuca,Auroria
82b9ed76-6f14-4b73-95ac-db23167127d1725,invite,Capivara Lutadora De Capoeira,Concluido,Worker-Tenebrium,Processado,Tenebrium,Soul Kriver,Auroria
82b9ed76-6f14-4b73-95ac-db23167127d1726,invite,Skeptikz,Concluido,Worker-Tenebrium,Processado,Tenebrium,Only Massacree ,Auroria
82b9ed76-6f14-4b73-95ac-db23167127d1727,invite,Flitz Getinhome,Concluido,Worker-Tenebrium,Processado,Tenebrium,Recurso Especial,Auroria
82b9ed76-6f14-4b73-95ac-db23167127d1728,invite,Soldier Citizen,Concluido,Worker-Tenebrium,Processado,Tenebrium,Poncinha Oz,Bellum
82b9ed76-6f14-4b73-95ac-db23167127d1729,invite,Chapoulintreis,Concluido,Worker-Tenebrium,Processado,Tenebrium,Godzillaz,Auroria
82b9ed76-6f14-4b73-95ac-db23167127d1730,invite,Trevis Te Nebrium,Concluido,Worker-Tenebrium,Processado,Tenebrium,Trevis Arch,Auroria
82b9ed76-6f14-4b73-95ac-db23167127d1731,invite,Melo de Paramax,Concluido,Worker-Tenebrium,Processado,Tenebrium,Rn Original,Vesperia
82b9ed76-6f14-4b73-95ac-db23167127d1732,invite,Mage Sagaz,Concluido,Worker-Tenebrium,Processado,Tenebrium,Gambetta bombest ,Bellum
82b9ed76-6f14-4b73-95ac-db23167127d1733,invite,Tablazoshoy,Concluido,Worker-Tenebrium,Processado,Tenebrium,Jiuston tejas,Auroria
82b9ed76-6f14-4b73-95ac-db23167127d1734,invite,Volki tenebrium,Concluido,Worker-Tenebrium,Processado,Tenebrium,Enzo Shellpatrocina,Auroria
82b9ed76-6f14-4b73-95ac-db23167127d1735,invite,sonny,Concluido,Worker-Tenebrium,Processado,Tenebrium,Boltada Ferroz,Auroria
82b9ed76-6f14-4b73-95ac-db23167127d1736,invite,Trevis Te Nebrium,Concluido,Worker-Tenebrium,Processado,Tenebrium,Trevis Arch,Auroria
82b9ed76-6f14-4b73-95ac-db23167127d1737,invite,Cude Ktioro,Concluido,Worker-Tenebrium,Processado,Tenebrium,Calma Por Favor,Bellum
82b9ed76-6f14-4b73-95ac-db23167127d1738,invite,sonny,Concluido,Worker-Tenebrium,Processado,Tenebrium,Boltada Ferroz,Auroria
82b9ed76-6f14-4b73-95ac-db23167127d1739,invite,Ppmolotovljev,Concluido,Worker-Tenebrium,Processado,Tenebrium,Ppborderlindo,Vesperia
82b9ed76-6f14-4b73-95ac-db23167127d1740,invite,True Teaching,Concluido,Worker-Tenebrium,Processado,Tenebrium,SKELTH IMPROVED,Bellum
82b9ed76-6f14-4b73-95ac-db23167127d1741,invite,Goodlol,Concluido,Worker-Tenebrium,Processado,Tenebrium,Smiithys,Auroria
82b9ed76-6f14-4b73-95ac-db23167127d1761,invite,Lola Tenebroza,Concluido,Worker-Tenebrium,Processado,Tenebrium,Lola Palloza,Auroria
82b9ed76-6f14-4b73-95ac-db23167127d1782,invite,Evil on tenebrium ,Concluido,Worker-Tenebrium,Processado,Tenebrium,Evil on auroria ,Auroria
82b9ed76-6f14-4b73-95ac-db23167127d1786,invite,Cude Ktioro,Concluido,Worker-Tenebrium,Processado,Tenebrium,Calma Por Favor,Bellum
82b9ed76-6f14-4b73-95ac-db23167127d1788,invite,Artigo Um Sete Um,Concluido,Worker-Tenebrium,Processado,Tenebrium,Imbape,Bellum
82b9ed76-6f14-4b73-95ac-db23167127d1793,invite,Cury is back,Concluido,Worker-Tenebrium,Processado,Tenebrium,Machuca,Auroria
82b9ed76-6f14-4b73-95ac-db23167127d1812,invite,Euestouaqui Evoceestaai,Concluido,Worker-Tenebrium,Processado,Tenebrium,Shadow Jezim,Vesperia
82b9ed76-6f14-4b73-95ac-db23167127d1822,invite,Scorpiao Return,Concluido,Worker-Tenebrium,Processado,Tenebrium,Cyrostore,Bellum
82b9ed76-6f14-4b73-95ac-db23167127d1260,invite,Geladoo Dparamaxx,Concluido,Worker-Vesperia,Processado,Vesperia,Healler Is Back,Tenebrium
82b9ed76-6f14-4b73-95ac-db23167127d1267,invite,force tank,Concluido,Worker-Vesperia,Processado,Vesperia,MAKERS PARA SER ACEITOS NOS SEGUINTES MUNDOS. - Google Planilhas,Bellum
82b9ed76-6f14-4b73-95ac-db23167127d1275,invite,Attack Vesp,Concluido,Worker-Vesperia,Processado,Vesperia,MAKERS PARA SER ACEITOS NOS SEGUINTES MUNDOS. - Google Planilhas,Bellum
82b9ed76-6f14-4b73-95ac-db23167127d1371,invite,Natii Amora,Concluido,Worker-Vesperia,Processado,Vesperia,Bellum,Chuko
82b9ed76-6f14-4b73-95ac-db23167127d1372,invite,Natii amora,Concluido,Worker-Vesperia,Processado,Vesperia,Bellum,Chuko
82b9ed76-6f14-4b73-95ac-db23167127d1385,invite,Jowzerah ED,Concluido,Worker-Vesperia,Processado,Vesperia,Atropella,Bellum
82b9ed76-6f14-4b73-95ac-db23167127d1572,invite,Veygard Obliterator,Concluido,Worker-Vesperia,Processado,Vesperia,Bjorn Obliterator,Vesperia
82b9ed76-6f14-4b73-95ac-db23167127d1574,invite,Dlzin matou voltou,Concluido,Worker-Vesperia,Processado,Vesperia,Bombadao on Spectrum,Bellum
82b9ed76-6f14-4b73-95ac-db23167127d1575,invite,Dracon Killer,Concluido,Worker-Vesperia,Processado,Vesperia,Cihpra,Bellum
82b9ed76-6f14-4b73-95ac-db23167127d1576,invite,Dracon Killer,Concluido,Worker-Vesperia,Processado,Vesperia,Cihpra,Bellum
82b9ed76-6f14-4b73-95ac-db23167127d1578,invite,Drakon Killer,Concluido,Worker-Vesperia,Processado,Vesperia,Drakon Killer,Vesperia
82b9ed76-6f14-4b73-95ac-db23167127d1581,invite,Drakon Kyogou,Concluido,Worker-Vesperia,Processado,Vesperia,Drakon Kyogou,Vesperia
82b9ed76-6f14-4b73-95ac-db23167127d1582,invite,Riickzera Fazeroquene,Concluido,Worker-Vesperia,Processado,Vesperia,Drakon Kyogou,Vesperia
82b9ed76-6f14-4b73-95ac-db23167127d1584,invite,Seilamano Sohvim,Concluido,Worker-Vesperia,Processado,Vesperia,Felipera Borges,Vesperia
82b9ed76-6f14-4b73-95ac-db23167127d1586,invite,Fightter,Concluido,Worker-Vesperia,Processado,Vesperia,Foyknight,Auroria
82b9ed76-6f14-4b73-95ac-db23167127d1598,invite,Kboomby Ed,Concluido,Worker-Vesperia,Processado,Vesperia,Queridinho Do Chefe,Vesperia
82b9ed76-6f14-4b73-95ac-db23167127d1607,invite,Sia Slash,Concluido,Worker-Vesperia,Processado,Vesperia,Rapha karalevoiskky,Bellum
82b9ed76-6f14-4b73-95ac-db23167127d1608,invite,Sia Slash,Concluido,Worker-Vesperia,Processado,Vesperia,Rapha karalevoiskky,Bellum
82b9ed76-6f14-4b73-95ac-db23167127d1609,invite,Spirit Scourage,Concluido,Worker-Vesperia,Processado,Vesperia,Spirit Slayer,Vesperia
82b9ed76-6f14-4b73-95ac-db23167127d1614,invite,Thundrak Cazador Vesperia,Concluido,Worker-Vesperia,Processado,Vesperia,Thundrak,Bellum
82b9ed76-6f14-4b73-95ac-db23167127d1615,invite,Thundrak Cazador Vesperia,Concluido,Worker-Vesperia,Processado,Vesperia,Thundrak,Bellum
82b9ed76-6f14-4b73-95ac-db23167127d1616,invite,Trevis Vesperia,Concluido,Worker-Vesperia,Processado,Vesperia,Trevis Arch,Auroria
82b9ed76-6f14-4b73-95ac-db23167127d1617,invite,Trevis Vesperia,Concluido,Worker-Vesperia,Processado,Vesperia,Trevis Arch,Auroria
82b9ed76-6f14-4b73-95ac-db23167127d1628,invite,Core hurb,Concluido,Worker-Vesperia,Processado,Vesperia,Machuca,Auroria
82b9ed76-6f14-4b73-95ac-db23167127d1638,invite,Flitz Buscaemcasa,Concluido,Worker-Vesperia,Processado,Vesperia,Recurso Especial,Auroria
82b9ed76-6f14-4b73-95ac-db23167127d1643,invite,Euerrei Perdao,Concluido,Worker-Vesperia,Processado,Vesperia,Miyukki,Auroria
82b9ed76-6f14-4b73-95ac-db23167127d1646,invite,Lipe Mage overlord,Concluido,Worker-Vesperia,Processado,Vesperia,Pescotapa Trembolado,Vesperia
82b9ed76-6f14-4b73-95ac-db23167127d1648,invite,Taco palitos,Concluido,Worker-Vesperia,Processado,Vesperia,Imbape,Vesperia
82b9ed76-6f14-4b73-95ac-db23167127d1742,invite,Core hurb,Concluido,Worker-Vesperia,Processado,Vesperia,Machuca,Auroria
82b9ed76-6f14-4b73-95ac-db23167127d1743,invite,Flitz Buscaemcasa,Concluido,Worker-Vesperia,Processado,Vesperia,Recurso Especial,Auroria
82b9ed76-6f14-4b73-95ac-db23167127d1744,invite,Euerrei Perdao,Concluido,Worker-Vesperia,Processado,Vesperia,Miyukki,Auroria
82b9ed76-6f14-4b73-95ac-db23167127d1745,invite,Lipe Mage overlord,Concluido,Worker-Vesperia,Processado,Vesperia,Pescotapa Trembolado,Vesperia
82b9ed76-6f14-4b73-95ac-db23167127d1746,invite,Taco palitos,Concluido,Worker-Vesperia,Processado,Vesperia,Imbape,Vesperia
82b9ed76-6f14-4b73-95ac-db23167127d1747,invite,Taco palitos,Concluido,Worker-Vesperia,Processado,Vesperia,Imbape,Bellum
82b9ed76-6f14-4b73-95ac-db23167127d1748,invite,Basalroom,Concluido,Worker-Vesperia,Processado,Vesperia,Gambetta bombest ,Auroria
82b9ed76-6f14-4b73-95ac-db23167127d1749,invite,Elmofles,Concluido,Worker-Vesperia,Processado,Vesperia,Jiuston tejas,Vesperia
82b9ed76-6f14-4b73-95ac-db23167127d1750,invite,sonny,Concluido,Worker-Vesperia,Processado,Vesperia,Guru On Vesperia,Vesperia
82b9ed76-6f14-4b73-95ac-db23167127d1751,invite,Calminha Amigos,Concluido,Worker-Vesperia,Processado,Vesperia,Calma Por Favor,Bellum
82b9ed76-6f14-4b73-95ac-db23167127d1752,invite,Elmofles ,Concluido,Worker-Vesperia,Processado,Vesperia,Jiuston Tejas,Auroria
82b9ed76-6f14-4b73-95ac-db23167127d1753,invite,Kratoflam,Concluido,Worker-Vesperia,Processado,Vesperia,SKELTH IMPROVED,Belaria
82b9ed76-6f14-4b73-95ac-db23167127d1754,invite,Kratoflam,Concluido,Worker-Vesperia,Processado,Vesperia,SKELTH IMPROVED,Bellum
82b9ed76-6f14-4b73-95ac-db23167127d1755,invite,Bill Destrutor,Concluido,Worker-Vesperia,Processado,Vesperia,Bullseyesz Nikity,Auroria
82b9ed76-6f14-4b73-95ac-db23167127d1756,invite,Ballafenix,Concluido,Worker-Vesperia,Processado,Vesperia,Balla love,Bellum
82b9ed76-6f14-4b73-95ac-db23167127d1757,invite,Volki Vesperia,Concluido,Worker-Vesperia,Processado,Vesperia,Enzo Shellpatrocina,Vesperia
82b9ed76-6f14-4b73-95ac-db23167127d1758,invite,Vemparafoodd,Concluido,Worker-Vesperia,Processado,Vesperia,Smiithys,Auroria
82b9ed76-6f14-4b73-95ac-db23167127d1759,invite,Gudark monkzada,Concluido,Worker-Vesperia,Processado,Vesperia,Gudarkness Catarina ,Vesperia
82b9ed76-6f14-4b73-95ac-db23167127d1768,invite,Baphomet Vesperia,Concluido,Worker-Vesperia,Processado,Vesperia,Baphomet Blessings,Tenebrium
82b9ed76-6f14-4b73-95ac-db23167127d1779,invite,Magic drake,Concluido,Worker-Vesperia,Processado,Vesperia,Evil on auroria ,Auroria
82b9ed76-6f14-4b73-95ac-db23167127d1785,invite,Calminha Amigos,Concluido,Worker-Vesperia,Processado,Vesperia,Calma Por Favor,Bellum
82b9ed76-6f14-4b73-95ac-db23167127d1802,invite,Elmofles,Concluido,Worker-Vesperia,Processado,Vesperia,Jiuston Tejas,Auroria
82b9ed76-6f14-4b73-95ac-db23167127d1808,invite,New Ervaa,Concluido,Worker-Vesperia,Processado,Vesperia,Hangloose,Bellum
82b9ed76-6f14-4b73-95ac-db23167127d1809,invite,Shadow Jezim,Concluido,Worker-Vesperia,Processado,Vesperia,Shadow Jezim,Vesperia
82b9ed76-6f14-4b73-95ac-db23167127d1811,invite,Jezim Rpzada,Concluido,Worker-Vesperia,Processado,Vesperia,Shadow Jezim,Vesperia
82b9ed76-6f14-4b73-95ac-db23167127d1819,invite,Bolota Edziin,Concluido,Worker-Vesperia,Processado,Vesperia,Mila Queen,Auroria
bc9334f0-e77a-4026-9b82-752ca537886e,invite,Voiisz,Concluido,Worker-Auroria,Processado,Auroria,Oliveira opressor,Auroria
da86bd58-947a-407f-8588-f84ea5095137,invite,Bolota Auroria,Concluido,Worker-Auroria,Processado,Auroria,Mila Queen,Auroria
82b9ed76-6f14-4b73-95ac-db23167127d1835,invite,Raukarius Takeena,Concluido,Worker-Auroria,Processado,Auroria,Rakz Skies,Tenebrium
bdaa3b48-5b01-4536-8de5-d5ebf1f8a973,invite,Auroriaxd,Concluido,Worker-Auroria,Processado,Auroria,Czwlyvictt,Auroria
c6592b45-6e21-46c4-817e-6d8494daf96f,invite,Johny Verme,Concluido,Worker-Auroria,Processado,Auroria,Barbasz,Auroria
57b1c589-0820-4892-b18e-cc7ae6c35b7b,invite,Assombra,Concluido,Worker-Auroria,Processado,Auroria,Assombra,Auroria
a34a8000-739f-4a68-95b0-3543d27a5989,invite,Tati Kumenu,Concluido,Worker-Auroria,Processado,Auroria,Tati Kumenu,Auroria
ee9107b3-20fc-4308-a978-c5042e3d3c13,invite,Lee Xei Ro,Concluido,Worker-Auroria,Processado,Auroria,Jiuston Tejas,Auroria
73ae1922-1325-4f42-bf95-766d2af9989c,invite,Assombra,Concluido,Worker-Auroria,Processado,Auroria,Assombra,Auroria
122455f5-dc25-4066-acea-a1218c5dc0ee,invite,Chichon knight,Concluido,Worker-Auroria,Processado,Auroria,Chucky babalao,Auroria
47b82a29-57b9-495c-a32a-e6fe55facbb6,invite,Piracicabano renault master,Concluido,Worker-Auroria,Processado,Auroria,Piracicabano ,Auroria
42930050-9896-4967-96e1-a2a574d71de2,invite,Bobmaconha,Concluido,Worker-Auroria,Processado,Auroria,Ragnar Papershield,Vesperia
a0745d77-c68c-4af5-bbc4-b8852999fd17,invite,Grurgon,Concluido,Worker-Belaria,Processado,Belaria,Rakz Skies,Tenebrium
09dc9827-23dc-4d9b-9604-62990a11ce4b,invite,Belariaxd,Concluido,Worker-Belaria,Processado,Belaria,Czwlyvictt,Belaria
646dc335-2588-47ad-910c-9abbeaed6e88,invite,Ek sofrida,Concluido,Worker-Belaria,Processado,Belaria,Vasq,Bellum
fb75a7a3-847a-4bc0-80d3-499437127419,invite,Ek sofrido,Concluido,Worker-Belaria,Processado,Belaria,Vasq,Bellum
7b454949-6f0e-492c-b2bc-07f04ee61e1b,invite,Michelin,Concluido,Worker-Belaria,Processado,Belaria,Meatkezin,Tenebrium
7769a9bd-5676-49f5-901a-edc633a9151d,invite,Andrees,Concluido,Worker-Belaria,Processado,Belaria,Akbidpeidah,Vesperia
39865e86-b192-4615-9972-0f8ca3bc7777,invite,Ek Sofrido,Concluido,Worker-Belaria,Processado,Belaria,Vasq,Bellum
ac9438fb-5cfb-4aa3-af47-3612e96152b6,invite,Maker do salinhas ,Concluido,Worker-Bellum,Processado,Bellum,Veriel ,Bellum
49c2b189-9625-4392-a510-0420cefa5b8a,invite,Panzonenbellum,Concluido,Worker-Bellum,Processado,Bellum,Panzon Fulltank,Auroria
c47aa2c3-bbc4-4073-8f62-daf38c4c60af,invite,Capivarias De Gelo,Concluido,Worker-Bellum,Processado,Bellum,Lady Cateline,Bellum
77e513a8-56eb-46f3-af8a-2772a4eaa14a,invite,Pipz,Concluido,Worker-Bellum,Processado,Bellum,Pipz,Bellum
c18cea9a-c154-4247-8888-e07264c24ff5,invite,Chapito paramax,Concluido,Worker-Bellum,Processado,Bellum,Chapito de monk,Bellum
8cbc1c2d-d68c-405e-870f-3bb9fce82b36,invite,Chapito Curandero,Concluido,Worker-Bellum,Processado,Bellum,Chapito de monk,Bellum
3266c03d-9d1a-4102-a326-efee3fce8c9b,invite,Munoz,Concluido,Worker-Bellum,Processado,Bellum,Munoz Cuiudo,Bellum
558f813b-9b38-4aa9-acfc-d710629c7295,invite,Spare Infury,Concluido,Worker-Bellum,Processado,Bellum,Rakz Skies,Tenebrium
5d77f131-7ef9-45b0-b792-f6ef027358a1,invite,Fabia Curatudo,Concluido,Worker-Bellum,Processado,Bellum,Czwlyvictt,Bellum
6e0a9c18-ca1b-40d3-b80e-0fe7ea9c2405,invite,Peguei peka ,Concluido,Worker-Bellum,Processado,Bellum,Amoraa rp,Bellum
f6362266-def1-4370-b39d-84e49c290293,invite,Peguei peka,Concluido,Worker-Bellum,Processado,Bellum,Amoraa rp,Vesperia
d7951128-467f-4dae-8837-d2e72544794e,invite,Yasmin Asbollah,Concluido,Worker-Bellum,Processado,Bellum,Yasmin Asbollah,Bellum
dac0f268-5dfb-48e1-935d-95e6bdb60588,invite,Caipirapora,Concluido,Worker-Bellum,Processado,Bellum,Chriss Stars ,Auroria
b46524e3-a166-4d63-a555-b6487eccceea,invite,Educao Grimoriano,Concluido,Worker-Bellum,Processado,Bellum,Veriel,Bellum
4dad9084-e613-48d4-b8ae-3bbda87ac3ce,invite,Maconha Cansada,Concluido,Worker-Bellum,Processado,Bellum,Ragnar Papershield,Vesperia
117ef92a-9f8e-4217-966e-abdd91913735,invite,Yamii Sukehiiro,Concluido,Worker-Bellum,Processado,Bellum,Ragnar Papershield,Vesperia
92153c85-cf09-4a53-8cb0-0e539378c7dd,invite,Scorpiao Return,Concluido,Worker-Tenebrium,Processado,Tenebrium,Cyrostore,Bellum
053b8e4e-3811-4d8b-81d4-86ecb812f950,invite,Makerzadas,Concluido,Worker-Tenebrium,Processado,Tenebrium,Munoz Cuiudo,Bellum
9888e2a1-3d28-4272-bfb4-46f994f78e39,invite,Baita Monk,Concluido,Worker-Tenebrium,Processado,Tenebrium,Cassin Obemvenceu,Vesperia
a7228f70-0914-4582-b8cc-c61e84b5ebe0,invite,Bolota Edziin,Concluido,Worker-Vesperia,Processado,Vesperia,Mila Queen,Auroria
b56dad47-1983-4c49-8d46-1489c4df7421,invite,Master Artagnan,Concluido,Worker-Vesperia,Processado,Vesperia,Rakz Skies,Tenebrium
7ec06485-f4dd-48bf-8916-f4a24c155b65,invite,Osama biin Ladenn,Concluido,Worker-Vesperia,Processado,Vesperia,Czwlyvictt,Vesperia
c551710c-cc34-4796-8991-19dbc0e4aaf1,invite,Bolota Edziin,Concluido,Worker-Vesperia,Processado,Vesperia,Mila Queen,Auroria
9b32aa42-9955-4c5a-85f5-18c2596bdc6b,invite,Gp Sio,Concluido,Worker-Vesperia,Processado,Vesperia,Brn Catarina,Vesperia
99d4bc3e-ca3f-4bc5-a830-ecb983ce1c13,invite,Bolota Edziin,Concluido,Worker-Vesperia,Processado,Vesperia,Mila Queen,Auroria
2fe3d4b7-719a-494c-912e-b1c71b157656,invite,Onyxbow,Concluido,Worker-Vesperia,Processado,Vesperia,Nenex,Vesperia
bb8f8af0-fadd-40dc-b533-e8ab1acb9e11,invite,Hibless,Concluido,Worker-Auroria,Processado,Auroria,Pinguim Atomico,Vesperia
5beb7a3b-14d7-4611-9404-989de791922d,invite,Skystalker,Concluido,Worker-Auroria,Processado,Auroria,Old Reed,Auroria
cc298241-9a18-4f2a-909c-f1fd9b722869,invite,Awakened,Concluido,Worker-Auroria,Processado,Auroria,Thor Mentha,Auroria
4be66a30-1408-4326-8987-2096ebd6fa39,invite,Gotokidd,Concluido,Worker-Auroria,Processado,Auroria,Azythar,Auroria
151fb47f-4fe4-4610-886f-522cc922af88,invite,Escanor lothbrok,Concluido,Worker-Auroria,Processado,Auroria,Heyin ,Auroria
a984ed5b-e45d-48be-80bf-7a5cc9ab83be,invite,Ek Sofrido,Concluido,Worker-Belaria,Processado,Belaria,Vasq,Bellum
d03ce17e-9c32-4b10-80df-61bccfe8e5ef,invite,Maconha Cansada,Concluido,Worker-Belaria,Processado,Belaria,Ragnar Papershield,Belaria
4f320095-3532-4574-9863-0b3d23b78e15,invite,Faltou Desse Mundo,Concluido,Worker-Belaria,Processado,Belaria,Pinguim Atomico,Vesperia
5b0d2e74-249a-45af-b5d2-a1ef11acc518,invite,calma na alma,Concluido,Worker-Bellum,Processado,Bellum,Ragnar Papershield,Vesperia
5f9b1f64-cbe8-4d8a-bd76-79518cb31f08,invite,Sandro Warmonster,Concluido,Worker-Bellum,Processado,Bellum,SKELTH IMPROVED,Bellum
5a3850cd-c3af-4c0d-ad53-e862c24c0075,invite,Blessfull,Concluido,Worker-Bellum,Processado,Bellum,Pinguim Atomico,Vesperia
bccc9bc1-ddc5-4f8e-99ed-0fa2d3004644,invite,Sandro Warmonster,Concluido,Worker-Bellum,Processado,Bellum,SKELTH IMPROVED,Bellum
7afe0656-3625-44af-9a95-12e236ad3445,invite,Executares,Concluido,Worker-Bellum,Processado,Tenebrium,Pinguim Atomico,Vesperia
14d50428-decd-40d3-91bb-b5d6c856934b,invite,Josnaldinho,Concluido,Worker-Tenebrium,Processado,Tenebrium,Drakon Killer,Vesperia
279fcf9c-f308-4413-91fd-39ea11c8c60c,invite,Btrading,Concluido,Worker-Tenebrium,Processado,Tenebrium,Miyukki,Auroria
210e9fa8-7b5d-45a1-aa6c-a026fe73b3f0,invite,Monario,Concluido,Worker-Vesperia,Processado,Vesperia,Mometti,Vesperia
0844f58f-165c-44a8-9f02-625ea5338e59,invite,Mometti cura rindo,Concluido,Worker-Vesperia,Processado,Vesperia,Mometti,Vesperia
c3621439-42ad-4361-ae70-bdc26b9b72c6,invite,Drevony Tankmode,Concluido,Worker-Vesperia,Processado,Vesperia,Drevony Bombao,Vesperia
52179573-ee5e-48d4-9b7a-8d844bce7bab,invite,Isolda Holyfury,Concluido,Worker-Auroria,Processado,Auroria,Isolda Holyfury,Auroria
c5153bb6-7aa1-48f1-a7c0-a7015d0b3dd8,invite,Ghost Hax,Concluido,Worker-Auroria,Processado,Auroria,Ghost Hax,Auroria
923e7573-c0c1-4048-ac31-ad01e7fdec8d,invite,No Soy Luxoon,Concluido,Worker-Auroria,Processado,Auroria,Isolda Holyfury,Auroria
55006b64-80fd-4814-900d-41b3d00613c4,invite,Auroriaxd,Concluido,Worker-Auroria,Processado,Auroria,Czwlyvictt,Tenebrium
cd665dba-5fbc-43f2-853f-ebbc3a1c00e8,invite,Niino Rda,Concluido,Worker-Auroria,Processado,Auroria,nino rda,Tenebrium
7163dd51-5d6f-4537-9a81-64fae93782c7,invite,Hellink,Concluido,Worker-Auroria,Processado,Auroria,Paul Wicked,Tenebrium
a2dbaa85-e2d3-4aba-9aba-cf7a9e8f0bdf,invite,Taj Mahalz,Concluido,Worker-Auroria,Processado,Auroria,Dis Troys Paladino,Auroria
dc16440f-7578-4d62-a667-4d16e05bd011,invite,Druida Trembolado,Concluido,Worker-Auroria,Processado,Auroria,Pescotapa Trembolado,Auroria
ef795fe5-c020-48dd-98fd-9500c6708929,invite,Reeboki,Concluido,Worker-Auroria,Processado,Auroria,Jubaoo Macae,Tenebrium
a8acceee-563b-47c7-bc3d-7902b7d40cd1,invite,Rod Thunderbolt,Concluido,Worker-Auroria,Processado,Auroria,Rod Thunderbolt,Auroria
65e388ac-fdde-4d0e-9d71-b15beb6e2743,invite,mrk simple patrocina,Concluido,Worker-Auroria,Processado,Auroria,mrk simple patrocina,Auroria
ff256be3-19db-40f1-8541-ded97e97005f,invite,Kratos Auroria,Concluido,Worker-Auroria,Processado,Auroria,Isolda Holyfury,Auroria
1a643400-fcd1-42b7-bdb8-196bb195833f,invite,No Soy Luxoon,Concluido,Worker-Auroria,Processado,Auroria,Isolda Holyfury,Auroria
a8b0727b-a02c-4c08-8db1-8f9b6f71004b,invite,Tuzaa,Concluido,Worker-Auroria,Processado,Auroria,Laida,Auroria
0326e69a-b4d2-42d1-95c0-161b176febdb,invite,Farming Aura,Concluido,Worker-Belaria,Processado,Belaria,Isolda Holyfury,Auroria
a82353e2-222d-4126-b1b0-fbcaf294ead0,invite,Paracetamoul,Concluido,Worker-Belaria,Processado,Belaria,Ghost Hax,Belaria
7998c216-44c1-47b5-a6d8-6222ded4b4e6,invite,Belariaxd,Concluido,Worker-Belaria,Processado,Belaria,Czwlyvictt,Tenebrium
12cf5421-3a53-4416-b271-8d06700aa456,invite,Stumbox,Concluido,Worker-Belaria,Processado,Belaria,Paul Wicked,Tenebrium
5a14b81e-4275-4ba4-ad3d-7f647d003ba9,invite,Piccolo Bate Fofo,Concluido,Worker-Belaria,Processado,Belaria,Carlos Saviolii,Tenebrium
05792116-479a-45c3-9d63-8764d83642e9,invite,Exura Pixx,Concluido,Worker-Belaria,Processado,Belaria,Pescotapa Trembolado,Auroria
b274cdcd-79b5-4946-9126-a9de0fa3b73f,invite,Alacazem,Concluido,Worker-Belaria,Processado,Belaria,Celline,Tenebrium
b3f15506-a15f-4ea6-a825-4d85eb689f00,invite,Farming Aura,Concluido,Worker-Belaria,Processado,Belaria,Isolda Holyfury,Auroria
2c8309ec-4d9a-408d-a3ff-8eb35b4e3dc5,invite,Ceifeiro Braga,Concluido,Worker-Bellum,Processado,Bellum,Isolda Holyfury,Auroria
205eada2-d894-4685-a8ff-5caced48e2f8,invite,Fabia Curatudo,Concluido,Worker-Bellum,Processado,Bellum,Czwlyvictt,Tenebrium
eccf57ec-23ca-4725-8936-d19c8bf27eac,invite,Complexo Multirao,Concluido,Worker-Bellum,Processado,Bellum,Nino Rda,Tenebrium
021f14e5-c747-4f9e-8c25-5c919400b902,invite,Aura Quatro,Concluido,Worker-Bellum,Processado,Bellum,Joaoziinhow,Bellum
e01eef59-167d-4042-8074-566a39ac1ac0,invite,Vexloc,Concluido,Worker-Bellum,Processado,Bellum,Carlos Saviolii,Tenebrium
2e12dd85-dc22-491d-b6c7-efd90b5c1bd5,invite,Ismex Crazy,Concluido,Worker-Bellum,Processado,Bellum,Carlos Saviolii,Tenebrium
2477b086-b604-4cba-a315-d9a0a73ac821,invite,Firminox Porrada Seca,Concluido,Worker-Bellum,Processado,Bellum,Firminox Errejota,Tenebrium
48e05463-5f59-466b-a571-ab2e7b043ac1,invite,Mouteast,Concluido,Worker-Bellum,Processado,Bellum,Imbape,Bellum
4bb40dc5-b57f-47f5-a877-b1879d5e2853,invite,Berolok,Concluido,Worker-Bellum,Processado,Bellum,Celline,Tenebrium
ef8c18aa-1b2b-4503-aef8-3668ea7bb4d2,invite,Ceifeiro braga,Concluido,Worker-Bellum,Processado,Bellum,Isolda Holyfury,Auroria
0988b921-54b6-453e-9f75-be333d8cfec2,invite,Ze Corre Nao,Concluido,Worker-Tenebrium,Processado,Tenebrium,Isolda Holyfury,Auroria
02066637-2310-4106-beaf-af6a7a60dc30,invite,Ghoost Hax Tenebrium,Concluido,Worker-Tenebrium,Processado,Tenebrium,Ghost Hax,Tenebrium
7069d6bf-6da0-42d3-b274-1e6bc8573939,invite,Riickzeraa Tenebroso,Concluido,Worker-Tenebrium,Processado,Tenebrium,Pescotapa Trembolado,Auroria
9a9eafc1-a250-44cf-bd62-01d7abada285,invite,Druid Of Fire,Concluido,Worker-Vesperia,Processado,Vesperia,Isolda Holyfury,Auroria
ebca6123-5118-4e65-a8d4-0c018b8d7038,invite,Ghost Vesperiia,Concluido,Worker-Vesperia,Processado,Vesperia,Ghost Hax,Vesperia
c590a671-3660-4190-a39f-d89e6d030fea,invite,Osama biin Ladenn,Concluido,Worker-Vesperia,Processado,Vesperia,Czwlyvictt,Tenebrium
787633f4-af9f-4658-8e05-2b3417da9079,invite,Stumb,Concluido,Worker-Vesperia,Processado,Vesperia,Paul Wicked,Tenebrium
e3ea0fbd-cd7c-44f1-8f37-f41fcd738ff6,invite,Islanderson,Concluido,Worker-Vesperia,Processado,Vesperia,Japaum Reformed,Bellum
cc32ef48-a329-4072-b28a-72e3212e563d,invite,Lipe mage overlord,Concluido,Worker-Vesperia,Processado,Vesperia,Pescotapa Trembolado,Auroria
5caf7556-b606-47aa-ab4c-7df9382c557c,invite,Alacazum,Concluido,Worker-Vesperia,Processado,Vesperia,Celline,Tenebrium
088367bc-2217-4a7c-812e-950b248ba8cf,invite,Gorokidd,Concluido,Worker-Auroria,Processado,Auroria,351913187564,Whatsapp
1000b4be-767e-4b7c-8ee8-234ebb5833bb,invite,Druid Of Fire,Concluido,Worker-Vesperia,Processado,Vesperia,Isolda Holyfury,Auroria
b1fadd19-ad7f-44be-a40b-360b7ae6e3d1,invite,Vodbke,Concluido,Worker-Auroria,Processado,Auroria,Pitbull Aurafaull,Bellum
65aa71d3-6932-427e-9410-a73ddd6e3124,invite,Joaozito,Concluido,Worker-Auroria,Processado,Auroria,Joaozer,Tenebrium
7c35e98b-0505-45ae-a462-81910dbf6012,invite,Re Requiem,Concluido,Worker-Auroria,Processado,Auroria,Joaoziinhow,Bellum
f78b8106-98c1-4a0d-8533-4964dbe18ad3,invite,everton druid,Concluido,Worker-Auroria,Processado,Auroria,Feehalves,Tenebrium
fe56545c-d602-48c7-ab1b-21dcc7b5d84a,invite,Boul Safamilia,Concluido,Worker-Auroria,Processado,Auroria,Elder Panxor,Auroria
c04386d2-2e60-4768-9eec-9f78ded8de90,invite,Prostinoia,Concluido,Worker-Belaria,Processado,Belaria,Prikles Catarina,Vesperia
d61dab46-141e-4bda-9d74-ce307b2e012e,invite,Alice Belarium,Concluido,Worker-Belaria,Processado,Belaria,Elder Panxor,Auroria
c431da3e-ee36-4a45-b322-186de2e25197,invite,Gsmazon,Concluido,Worker-Belaria,Processado,Belaria,Yankee,Belaria
1190800d-e409-40dc-ae26-3b8a7847b766,invite,Freitoviissk,Concluido,Worker-Bellum,Processado,Bellum,Akemie,Auroria
b87c35be-6a8d-4d26-9845-13b812c9ee8d,invite,Joaozito bala,Concluido,Worker-Bellum,Processado,Bellum,Joaozer,Tenebrium
b0e634d9-973e-46b6-8f97-576bd944eecd,invite,Aura Quatro,Concluido,Worker-Bellum,Processado,Bellum,Joaoziinhow,Bellum
6417c855-10ec-4efe-bc27-481f38f7694f,invite,Hoddorzs Paralyzer,Concluido,Worker-Bellum,Processado,Bellum,Thimaguin,Auroria
d794b838-5385-4d28-9b1e-60b118dae44a,invite,Arquimedzinho,Concluido,Worker-Bellum,Processado,Bellum,Keidann Loko ,Bellum
ec0249ad-28df-4d0d-a920-a581666625dd,invite,Rush to rush,Concluido,Worker-Bellum,Processado,Bellum,Datti,Tenebrium
cc3dd8fe-2dc3-483a-90b6-2b7d63a256ce,invite,Diegovick Maigod,Concluido,Worker-Bellum,Processado,Bellum,jimmy neverdie,Bellum
382941d4-1c5b-4191-a5ec-41d85f426512,invite,Ynw Melly,Concluido,Worker-Bellum,Processado,Bellum,Bryzou,Tenebrium
45a027bf-fb5b-44de-8467-0fda0f26f6ad,invite,blockatudo,Concluido,Worker-Bellum,Processado,Bellum,Diana el Mejor,Tenebrium
0d689863-2e0c-47ee-98ad-b55d7a0431f9,invite,Allicee,Concluido,Worker-Bellum,Processado,Bellum,Elder Panxor,Auroria
eb12c5e8-2303-4db1-bcce-e2d0e796b364,invite,Hoddorzs Paralyzer,Concluido,Worker-Bellum,Processado,Bellum,Thimaguin,Auroria
a5ef445c-0685-4846-9e00-db54fbf44137,invite,Xzty,Concluido,Worker-Bellum,Processado,Bellum,Yankee,Auroria
a53a58e6-b488-4c00-a33c-7be33c8723fc,invite,Reclzzx,Concluido,Worker-Bellum,Processado,Bellum,Yankee,Auroria
508c003d-faba-45e7-b226-d74c6f6d7609,invite,Joaomartin,Concluido,Worker-Tenebrium,Processado,Tenebrium,Joaozer,Tenebrium
be65d4e5-fcc7-4fcf-aae1-376b4a9f320c,invite,Kabeto Mazin,Concluido,Worker-Tenebrium,Processado,Tenebrium,Joaoziinhow,Bellum
8a5def87-a358-4ba0-82ed-9b9af3bdbbd7,invite,Druid Mixito,Concluido,Worker-Tenebrium,Processado,Tenebrium,Thimaguin,Auroria
5ff2a1c9-f08a-4b77-97ae-016de0e9e737,invite,Jorgisz,Concluido,Worker-Tenebrium,Processado,Tenebrium,Feehalves,Tenebrium
4a840757-ec03-437f-a25b-99d9afd3d3c8,invite,Ynw Melly,Concluido,Worker-Tenebrium,Processado,Tenebrium,Bryzou,Tenebrium
ba526b1f-611c-470f-964e-f34949f1cd7b,invite,Alice Tenebriam,Concluido,Worker-Tenebrium,Processado,Tenebrium,Elder Panxor,Auroria
7ce3c8ed-932f-4cdd-8a38-88db037769b1,invite,Druid Mixito,Concluido,Worker-Tenebrium,Processado,Tenebrium,Thimaguin,Auroria
db3058c5-a7cd-4ce2-9533-8e79a7fa9720,invite,Fuiiveumaa,Concluido,Worker-Tenebrium,Processado,Tenebrium,Yankee,Auroria
a1ff0b47-0591-4eb7-96fb-32611cc2d541,invite,Joaozeerah,Concluido,Worker-Vesperia,Processado,Vesperia,Joaozer,Tenebrium
de2e4f90-6ae2-4ac7-8634-6141ba23e5a9,invite,Sabuoor Flecha,Concluido,Worker-Vesperia,Processado,Vesperia,Joaoziinhow,Bellum
f5034384-4a5e-48a0-ab49-3ba1cb5da2e0,invite,Haxi Vespeliberator,Concluido,Worker-Vesperia,Processado,Vesperia,Thimaguin,Auroria
91c9bfa7-5f65-4864-9256-1ca1f8d5a020,invite,Kapa Kamikaze,Concluido,Worker-Vesperia,Processado,Vesperia,Feehalves,Tenebrium
ee418b7c-d296-4d54-8758-a1ec782199d0,invite,Alice Vesper,Concluido,Worker-Vesperia,Processado,Vesperia,Elder Panxor,Auroria
d0cdd04e-3aab-478e-9b82-4e84884fc4f7,invite,Haxi Vespeliberator,Concluido,Worker-Vesperia,Processado,Vesperia,Thimaguin,Auroria
683f0659-8690-409c-9bca-243b81f2d099,invite,Pyromancer Infernal,Concluido,Worker-Vesperia,Processado,Vesperia,Yankee,Vesperia
553f5347-cce2-46e9-aefb-c435e7368af2,invite,Cra Cudo,Concluido,Worker-Belaria,Processado,Belaria,joaoziinho,Bellum
74887700-bf75-4d64-863c-d731ac71b419,invite,Tacador Flexa,Concluido,Worker-Bellum,Processado,Bellum,Druid Valhalla,Bellum
cbb46a29-a814-4937-916b-20db771be899,invite,Lucky Maratonista,Concluido,Worker-Bellum,Processado,Bellum,Alex Zao,Auroria
3ad9031a-090a-4b31-a337-5d86352e1321,invite,Sky Of Athena,Concluido,Worker-Vesperia,Processado,Vesperia,Lucid Dreams ,Vesperia
f442aa95-e3be-4b51-af50-7ecd7cd2070d,invite,Curintia Cavaleiro,Concluido,Worker-Auroria,Processado,Auroria,Curintia Cavaleiro,Auroria
f4cd7e3e-3af1-4edf-86c1-8dd02c0cae75,invite,Cast Flow,Concluido,Worker-Auroria,Processado,Auroria,Curintia Cavaleiro,Auroria
7525c797-7d7c-4f0d-b19d-93b6e5b706e1,invite,Rgr Theboss,Concluido,Worker-Auroria,Processado,Auroria,Mrkin Saagaz,Bellum
d7878e7f-99a9-4c4c-a2e5-2e22cb1fc7c5,invite,Tex Sudden bolter,Concluido,Worker-Auroria,Processado,Auroria,Tex Sudden bolter,Auroria
bc376a47-9566-404c-b0cf-f0837385a9e4,invite,Rgr Theboss,Concluido,Worker-Auroria,Processado,Auroria,Mrkin Saagaz,Auroria
13ac5170-5ada-49ec-bfbd-866888bd7eb3,invite,Tuzaa,Concluido,Worker-Auroria,Processado,Auroria,Laida,Auroria
99a9f834-99c8-48a4-891b-7d792f1afe5b,invite,Isshinn,Concluido,Worker-Auroria,Processado,Auroria,Rapha Karalevoiskky,Bellum
89f47690-e923-4873-a628-0ca1279346a4,invite,Rgr Theboss,Concluido,Worker-Auroria,Processado,Auroria,Mrkin Saagaz,Auroria
d025fe1a-a59e-4503-a82e-7ca5fe3d7937,invite,Rheizsk,Concluido,Worker-Auroria,Processado,Auroria,Rei Do Exori,Belaria
8a1a92c6-3365-4581-aefa-d85fc5eea370,invite,Bombinhaopen,Concluido,Worker-Auroria,Processado,Auroria,Mad hat,Bellum
5ffe0b5b-b07d-405c-b74e-8d7649c45717,invite,Elder Narfroy,Concluido,Worker-Auroria,Processado,Auroria,In Memory Manchas,Auroria
a1e4e75e-fc6c-42db-84d8-38924c6ce018,invite,Bigoditcho,Concluido,Worker-Auroria,Processado,Auroria,Marborao,Tenebrium
06f8912a-807e-441f-828d-73d397975012,invite,Vodbke,Concluido,Worker-Auroria,Processado,Auroria,Pitbull Aurafaull,Bellum
023d0247-f10c-459a-98fa-2159075734ed,invite,Hadyn Sagaz,Concluido,Worker-Auroria,Processado,Auroria,Hadyn Sagaz ,Auroria
8fff78f1-d621-48d2-8110-117947a759df,invite,Kitty Bomb,Concluido,Worker-Auroria,Processado,Auroria,Pinguim Atomico,Vesperia
d7a9e91b-82ed-4a77-9ac9-5f3be59e708e,invite,Belarianz,Concluido,Worker-Auroria,Processado,Belaria,Eldrazi Legendary Creature,Bellum
750aed97-055f-4cb9-8d08-e82ca137977e,invite,Falckzs on belaria,Concluido,Worker-Belaria,Processado,Belaria,x,Belaria
23cb10d1-b178-4c0d-8d63-98e825bb9682,invite,Dareu Druid,Concluido,Worker-Belaria,Processado,Belaria,Phaeellziin,Belaria
75e98447-3f31-49b3-aa36-f5d1400494aa,invite,Dareu Druid,Concluido,Worker-Belaria,Processado,Belaria,Phaeellziin,Belaria
aa6a4f29-a135-4594-9e09-e58e04956f17,invite,Druidi Vesgo,Concluido,Worker-Belaria,Processado,Belaria,Patrick Vimdeitabuna,Bellum
b4389bd7-143e-49d9-af85-e696d3aecc12,invite,Betiza lucida,Concluido,Worker-Belaria,Processado,Belaria,Marborao,Tenebrium
8a391c81-e7e8-4cc9-bba9-32859f79b8d4,invite,Jalim Curei,Concluido,Worker-Belaria,Processado,Belaria,Pinguim Atomico,Vesperia
14b9b94d-ba8d-4082-a2c3-6dded7617605,invite,Crf Zona Oest,Concluido,Worker-Belaria,Processado,Bellum,Yankee,Auroria
863bfec7-f1d5-4e68-8a9b-19b5d7c35195,invite,Leeloox,Concluido,Worker-Bellum,Processado,Bellum,x,Auroria
9effe1be-b00d-46ee-ad17-8e9f204a3008,invite,Falckzs on Bellum,Concluido,Worker-Bellum,Processado,Bellum,x,Belaria
f209648d-7475-4fd0-851c-d0721716781c,invite,Luxsca,Concluido,Worker-Bellum,Processado,Bellum,Patrick Vimdeitabuna,Bellum
c9da79ad-2162-40cb-9272-43681750d3a2,invite,Blindao Deboxado,Concluido,Worker-Bellum,Processado,Bellum,Nebril,Auroria
eca51953-ba08-47aa-bbde-705e54d94d35,invite,Morikage,Concluido,Worker-Bellum,Processado,Bellum,Rin Nanakura,Auroria
ccf9b64f-8ec0-4f88-b84d-b2b9e87912c7,invite,Mediota del'toro,Concluido,Worker-Bellum,Processado,Bellum,Marborao,Tenebrium
15ec6244-e9eb-41c4-bce3-c582fe434338,invite,Vibraad,Concluido,Worker-Bellum,Processado,Tenebrium,Tolkiem Dreamer,Bellum
4e6dd221-87bd-4e6e-bd19-1a9bb5e5d34b,invite,Bombinhabattle,Concluido,Worker-Tenebrium,Processado,Tenebrium,Mad Hat ,Bellum
f8d2b39f-fe5d-4174-a297-b59da539e934,invite,Tycuro Nodedo,Concluido,Worker-Tenebrium,Processado,Tenebrium,Patrick Vimdeitabuna,Bellum
d1492648-d5e8-4e0d-a7b9-918d594379b7,invite,Zuko Paladino,Concluido,Worker-Auroria,Processado,Auroria,Zuko Paladino,Auroria
3dcd5d62-6f4d-4f7f-8bc1-332891c4ea3f,invite,Smoked On Auroria,Concluido,Worker-Auroria,Processado,Auroria,Theiceismoked,Bellum
bc886b03-81c2-459b-9c5c-a1d85b3a20de,invite,Zuko Paladino,Concluido,Worker-Auroria,Processado,Auroria,Zuko Paladino,Auroria
f075fe61-3413-4c06-b066-7dc4d4053a67,invite,Joaozito,Concluido,Worker-Auroria,Processado,Auroria,Joaozer,Tenebrium
89787d49-c896-48b8-a472-7b64516331ab,invite,Hadyn Sagaz ,Concluido,Worker-Auroria,Processado,Auroria,Hadyn Sagaz ,Auroria
8f800c55-85a6-4b12-8883-03be9df90af1,invite,Ryukong On Auroria,Concluido,Worker-Auroria,Processado,Auroria,Nirvek,Belaria
1d5f7f2b-f3d4-45fd-a726-79196d554387,invite,Zuko Paladino,Concluido,Worker-Auroria,Processado,Auroria,Zuko Paladino,Auroria
9d72dd9d-b8f5-4af3-a50d-a2b888a3658d,invite,Doutor Estranhu,Concluido,Worker-Auroria,Processado,Auroria,Arka Wrathborn,Vesperia
fef697c9-309c-49c7-982c-2520cf3c813b,invite,ferreira paladin piracicabano renalt master,Concluido,Worker-Auroria,Processado,Auroria,ferreira paladin,Auroria
cd91bb5e-0b68-427f-a5f2-d436f67061d3,invite,Kit Do Zero,Concluido,Worker-Auroria,Processado,Auroria,Kit Do Zero,Auroria
4fb426b1-98c7-4c80-99dd-f6f9a8e17534,invite,Pipao openview,Concluido,Worker-Auroria,Processado,Auroria,Pipao Openview,Auroria
6b8470e2-aa76-4fda-8888-eb5f65554e97,invite,Lord Serafim,Concluido,Worker-Auroria,Processado,Auroria,Ryu Vnzl,Auroria
d0007379-dad2-4a01-af68-12e446a77a88,invite,Zuko Paladino,Concluido,Worker-Auroria,Processado,Auroria,Zuko Paladino,Auroria
5d03e9f5-1d50-4e72-814c-d7dbf2ade9d3,invite,Betiza psicologa,Concluido,Worker-Auroria,Processado,Auroria,Marborao,Tenebrium
83e7cd8b-6f53-4e4d-b74b-c9cacc1f93d0,invite,ferreira paladin,Concluido,Worker-Vesperia,Processado,Auroria,ferreira paladin,Auroria
c3603de6-c51c-4055-a0c6-6107a8f6d19e,invite,Nirvek,Concluido,Worker-Belaria,Processado,Belaria,Nirvek,Belaria
e721aeb3-5487-4ba5-b4c9-ceacca3fade9,invite,Ryukong On Belaria,Concluido,Worker-Belaria,Processado,Belaria,Nirvek,Belaria
8ca21f38-6a72-4801-b90d-489e488d378c,invite,verlloren Paralyze,Concluido,Worker-Belaria,Processado,Belaria,Finardi Arrogante,Auroria
36122fd3-fedb-4600-bf0e-4daf0f7a1fb8,invite,Gordao asmatico,Concluido,Worker-Belaria,Processado,Belaria,Killmas,Auroria
3b6f0124-c0a3-45de-a3e4-7fa472ae5397,invite,Senhor Govan,Concluido,Worker-Belaria,Processado,Belaria,Osh Rada,Auroria
484544c7-afb5-4d01-8ec5-e0a4d0ba56a6,invite,Smoked On Bellum,Concluido,Worker-Bellum,Processado,Bellum,Theiceismoked,Bellum
4c6ecd76-57af-426f-a183-71cf81215365,invite,Ryukong On Bellum,Concluido,Worker-Bellum,Processado,Bellum,Nirvek,Bellum
d14c19d3-aa86-4d23-9ac4-b2062e872008,invite,Safada poucapica,Concluido,Worker-Bellum,Processado,Bellum,Arka Wrathborn,Vesperia
fad4cb50-805d-4236-b748-b7bf06284798,invite,Jack Sucuri,Concluido,Worker-Bellum,Processado,Bellum,Jack Sucuri,Bellum
e4f54448-3743-4dbb-83ef-aa04cbb1edf6,invite,Pallycaipira,Concluido,Worker-Bellum,Processado,Bellum,Killmas ,Auroria
ba0ccb84-85cc-4efb-960c-099de7e9f16c,invite,Haxihaxi Bellum,Concluido,Worker-Bellum,Processado,Bellum,Thimaguin,Auroria
bb82ac51-493e-429c-a863-17f22be2c437,invite,Druidekzy,Concluido,Worker-Bellum,Processado,Bellum,Druidekzy,Bellum
2f84e58d-69f0-41df-b913-6902c1f2eaa5,invite,Dehonlydeh,Concluido,Worker-Bellum,Processado,Bellum,Osh Rada,Bellum
0d972901-437a-48de-8958-fd3e2981c0b4,invite,Condos Shipetias,Concluido,Worker-Tenebrium,Processado,Tenebrium,Chapeleiiro Maluco ,Auroria
676c20a7-14de-4f95-9def-c8657dc0fe27,invite,Smoked On Tenebrium,Concluido,Worker-Tenebrium,Processado,Tenebrium,Theiceismoked,Bellum
2f027994-082d-4097-a30f-92a9e8e789d7,invite,Ryukong On Tenebrium,Concluido,Worker-Tenebrium,Processado,Tenebrium,Nirvek,Belaria
62702a6a-9d20-444a-892b-dddb11057c80,invite,stardust on rubinot,Concluido,Worker-Tenebrium,Processado,Tenebrium,Mortt,Auroria
d7e7a37b-acfe-4d8c-9b5b-0f0b7c863d2e,invite,stardust on rubinot,Concluido,Worker-Tenebrium,Processado,Tenebrium,Mortt,Auroria
97456f6b-a40a-4ca6-b08b-c034c082c763,invite,Stardust On Rubinot,Concluido,Worker-Tenebrium,Processado,Tenebrium,Mortt,Auroria
ea27dd2b-948f-41e9-b237-2e483e0e87e1,invite,Keetu Ed,Concluido,Worker-Tenebrium,Processado,Tenebrium,Abelha Perigosa,Vesperia
535af6af-e153-42e8-b06f-480468eadf94,invite,Dropou Bow,Concluido,Worker-Tenebrium,Processado,Tenebrium,Arka Wrathborn,Vesperia
3930a71e-2949-4c5c-bfd4-7c90d719feb7,invite,Keetu Ed,Concluido,Worker-Tenebrium,Processado,Tenebrium,Abelha Perigosa,Vesperia
3201e9dc-fef2-412e-b7ac-4de2d6ddb888,invite,Glomer,Concluido,Worker-Tenebrium,Processado,Tenebrium,Killmas ,Auroria
5f4e1da7-49c6-4803-8b6f-54c1dc1da0e9,invite,Haxi Atormentado,Concluido,Worker-Tenebrium,Processado,Tenebrium,Thimaguin,Auroria
88ef7557-12c4-47de-b8a1-6aabf38c1d93,invite,Auradois,Concluido,Worker-Tenebrium,Processado,Tenebrium,Osh Rada,Tenebrium
f3b3bd1a-329b-4854-9887-7938d83016fa,invite,Keetu Ed,Concluido,Worker-Tenebrium,Processado,Tenebrium,Abelha Perigosa,Vesperia
c417f1fc-3e2b-4fda-9772-861c130f8e5d,invite,piracicabano,Concluido,Worker-Auroria,Processado,Auroria,ferreira paladin,Auroria
551786dd-921e-4a6d-9d26-4f9385d090f6,invite,renault master,Concluido,Worker-Auroria,Processado,Auroria,ferreira paladin,Auroria
fab3755e-4e61-4ecc-bf53-3fda9c9b608e,invite,Zig Vespera,Concluido,Worker-Auroria,Processado,Auroria,Ziig Zag,Auroria
2f668adb-f3e7-4cc2-a85d-a3bb5ec60408,invite,Magistrate Monk,Concluido,Worker-Auroria,Processado,Auroria,Franky Raskolnikov,Auroria
e3f9ba87-06a6-4a16-b507-eabed99584a4,invite,Kvespar,Concluido,Worker-Auroria,Processado,Auroria,oyster perpetual,Auroria
caf14007-2ccb-404f-a998-199daee69c90,invite,Jinxvs,Concluido,Worker-Auroria,Processado,Auroria,Miyukki,Auroria
46f68a73-8780-4ce5-9d7f-b627958b0587,invite,Smoked On Belaria,Concluido,Worker-Belaria,Processado,Belaria,Theiceismoked,Bellum
68e7c690-e302-407c-8d65-33a04d828e04,invite,Kryssfal,Concluido,Worker-Belaria,Processado,Belaria,Faelstorm,Auroria
622bcf57-db9f-403d-8c4e-29cf15922286,invite,Zig Belaria,Concluido,Worker-Belaria,Processado,Belaria,Ziig Zag,Auroria
458ec827-d9a6-4739-a5a9-26d35e40f4e2,invite,Charuto Mecanico,Concluido,Worker-Belaria,Processado,Belaria,x,Auroria
93ba2dac-c906-4793-8ddc-fb863fa536ef,invite,Neurozyh,Concluido,Worker-Belaria,Processado,Belaria,x,Auroria
ddba29f3-db93-4571-a128-78318dec0d18,invite,Krysfal Buscaemcasa,Concluido,Worker-Bellum,Processado,Bellum,Faelstorm,Auroria
a143dc08-10cf-4165-96ec-b50a1f42519d,invite,Stu Lee,Concluido,Worker-Bellum,Processado,Bellum,Faelstorm,Auroria
024d1fb0-c290-4f48-bb8a-dfa71806877d,invite,Zig Bellum,Concluido,Worker-Bellum,Processado,Bellum,Ziig Zag,Auroria
498a888c-72c2-465b-84df-41bba6f6671f,invite,Lakittaao on rubinot,Concluido,Worker-Bellum,Processado,Bellum,oyster perpetual,Auroria
7aed9e85-d2a8-4ee0-9689-fe08e924ccba,invite,Filgas,Concluido,Worker-Bellum,Processado,Bellum,x,Auroria
6c5e74e0-85d8-4139-bdb0-e2d641bd29ab,invite,Royal Zig,Concluido,Worker-Tenebrium,Processado,Tenebrium,Ziig Zag,Auroria
e87e5852-16f9-436a-94d4-2cecd9d128c5,invite,Chupisgole,Concluido,Worker-Tenebrium,Processado,Tenebrium,x,Auroria
88af9a5d-e136-4334-b27b-6009b03488b3,invite,Smoked On Vesperia,Concluido,Worker-Vesperia,Processado,Vesperia,Theiceismoked,Bellum
ecf15b86-8927-417d-a4f2-eec11c7ac3d8,invite,Ryukong On Vesperia,Concluido,Worker-Vesperia,Processado,Vesperia,Nirvek,Vesperia
dabf7a6c-9d01-49e5-8805-243999f4ece1,invite,Coltzerah On Vesperia,Concluido,Worker-Vesperia,Processado,Vesperia,Finardi Arrogante,Auroria
6d158c97-6536-4007-8dd1-d9e25737d689,invite,Marboro red,Concluido,Worker-Vesperia,Processado,Vesperia,Marborao,Tenebrium
4cc5cfd5-6ab9-4390-bd2d-4c3c8e951084,invite,Murruguinha brava,Concluido,Worker-Vesperia,Processado,Vesperia,Killmas ,Auroria
de88b655-9b00-4e12-94f4-6ec8a3f78351,invite,Poto On Vesperia,Concluido,Worker-Vesperia,Processado,Vesperia,Druidekzy,Bellum
acf63db7-0e3c-4121-a481-11ef8097dec4,invite,Marboro Red,Concluido,Worker-Vesperia,Processado,Vesperia,Marborao,Tenebrium
19d560c4-7fbc-4b83-9b28-e8840d752d83,invite,Aszus,Concluido,Worker-Vesperia,Processado,Vesperia,Osh Rada,Auroria
e1b9b2ff-b3cc-416a-b139-f902c34a5317,invite,Marboro red,Concluido,Worker-Vesperia,Processado,Vesperia,Marborao,Tenebrium
edd2e447-179e-41e2-ae08-e659e80c8041,invite,Bocca Preta,Concluido,Worker-Vesperia,Processado,Vesperia,Faelstorm,Auroria
60937fe1-d3dd-4734-a9c1-f4534625ae30,invite,Zig Bomb,Concluido,Worker-Vesperia,Processado,Vesperia,Ziig Zag,Auroria
0d73b357-40e3-4a5c-b951-1fc84d0263b6,invite,Marboro red,Concluido,Worker-Vesperia,Processado,Vesperia,Marborao,Tenebrium
10abe1d8-524c-4f04-bc1b-ee6d34970208,invite,Nusk,Concluido,Worker-Vesperia,Processado,Vesperia,Pega Tanke,Vesperia
1ee49971-a3ba-4e7e-8626-d5029a56dcd6,invite,Aszus,Concluido,Worker-Vesperia,Processado,Vesperia,Osh Rada,Vesperia
8ff1c8a7-557f-4c1a-b9a3-568931c9181c,invite,Marboro red,Concluido,Worker-Vesperia,Processado,Vesperia,Marborao,Tenebrium
541f3a46-07b7-4b58-adea-4fc73364bf0e,invite,Shellzinho,Concluido,Worker-Vesperia,Processado,Vesperia,Baruk,Auroria
f916ff3e-0c7e-4e63-965d-651df78161e9,invite,Murruguinha Brava,Concluido,Worker-Vesperia,Processado,Vesperia,Killmas ,Auroria
01d3b796-fc1e-4a78-aa5b-525646889697,invite,Zepequeno Galego,Concluido,Worker-Vesperia,Processado,Vesperia,x,Auroria
caf1687d-89cf-4bff-9bae-b761c3316b93,invite,Elite Panxor,Concluido,Worker-Auroria,Processado,Auroria,Elder Panxor,Auroria
0b67a140-b695-4d09-bd1b-936c50c4ab40,invite,Royal Panxor,Concluido,Worker-Auroria,Processado,Auroria,Elder Panxor,Auroria
e3ff9c96-04d1-462c-92e0-483f4256cb88,invite,Kvespar,Concluido,Worker-Auroria,Processado,Auroria,oyster perpetual,Auroria
15c79eb5-2921-4614-a315-9364f8e4b351,invite,ferreira paladin,Concluido,Worker-Auroria,Processado,Auroria,ferreira paladin,Auroria
afe25992-5990-4963-9424-a9ce25a8d663,invite,piracicabano,Concluido,Worker-Auroria,Processado,Auroria,ferreira paladin,Auroria
91165087-c497-4ac2-9522-6e0cb93f55b1,invite,renault master,Concluido,Worker-Auroria,Processado,Auroria,ferreira paladin,Auroria
05aef8f6-0dde-4eff-8516-722bf76a9104,invite,Zig Vespera,Concluido,Worker-Auroria,Processado,Auroria,Ziig Zag,Auroria
baa6a634-df27-4392-a415-896a2a73e2bd,invite,Magistrate Monk,Concluido,Worker-Auroria,Processado,Auroria,Franky Raskolnikov,Auroria
8fd16c40-7338-4ecf-9ba3-9931f5ef0064,invite,Kvespar,Concluido,Worker-Auroria,Processado,Auroria,oyster perpetual,Auroria
90d2dfa9-73f9-47d9-b1ba-0d7a5c32c805,invite,Jinxvs,Concluido,Worker-Auroria,Processado,Auroria,Miyukki,Auroria
460c1e6b-cc6b-43d1-8478-42392bcbede2,invite,Poto On Aureria,Concluido,Worker-Auroria,Processado,Auroria,Druidekzy,Bellum
d4efcca6-39df-4325-a588-0d14b83be770,invite,Poto On Auroria,Concluido,Worker-Auroria,Processado,Auroria,Druidekzy,Auroria
fa94b0c8-60d0-47e3-ab82-eb62bdaa8bf1,invite,Duke Nukkem Grimera,Concluido,Worker-Belaria,Processado,Belaria,Barizzon,Bellum
8352f6f1-3a3b-44a9-be20-7a3584730777,invite,Slur on belaria,Concluido,Worker-Belaria,Processado,Belaria,Pipao openview,Auroria
cd4f7783-3696-4390-a424-2420a9edaead,invite,Vinao Defender,Concluido,Worker-Belaria,Processado,Belaria,Viinao,Auroria
c9a8e057-9709-4207-badf-96ab319bc593,invite,Orvix,Concluido,Worker-Belaria,Processado,Belaria,Japa Antipetista,Auroria
dea93462-792e-47d5-ae96-c8426289507a,invite,Kryssfal,Concluido,Worker-Belaria,Processado,Belaria,Faelstorm,Auroria
547354eb-d5d7-42b1-bce2-7201cd386f84,invite,Zig Belaria,Concluido,Worker-Belaria,Processado,Belaria,Ziig Zag,Auroria
25d97d9f-6309-41b4-8eaf-47cae9fb30a3,invite,Charuto Mecanico,Concluido,Worker-Belaria,Processado,Belaria,x,Auroria
2f78bedb-b7be-45ff-b18f-274b3b5e7b11,invite,Neurozyh,Concluido,Worker-Belaria,Processado,Belaria,x,Auroria
f548e50c-d161-4681-bf53-cfb023c51912,invite,Poto On Belaria ,Concluido,Worker-Belaria,Processado,Belaria,Druidekzy,Bellum
bee253f9-699c-4deb-bf5f-b3edc2b898ba,invite,Orvix,Concluido,Worker-Belaria,Processado,Belaria,Japa Antipetista,Auroria
781d7512-5633-49bd-bf30-062f702fa0fc,invite,Amansa loco ,Concluido,Worker-Bellum,Processado,Bellum,Pipao openview,Auroria
5d7d8fda-8c04-47a9-96a2-2ce301ba20ad,invite,Lakittaao on rubinot,Concluido,Worker-Bellum,Processado,Bellum,oyster perpetual,Bellum
0e0a1c78-35a0-4816-a968-bbc57520bb5d,invite,Japa On Spectrum,Concluido,Worker-Bellum,Processado,Bellum,Japa Antipetista,Auroria
247afc94-bf8d-4677-893b-3c3bcfbb4f17,invite,Vinaob,Concluido,Worker-Bellum,Processado,Bellum,Viinao,Auroria
62c668e1-553a-45d8-b15b-36305bb11bb0,invite,Krysfal Buscaemcasa,Concluido,Worker-Bellum,Processado,Bellum,Faelstorm,Auroria
d3eb8455-4d48-4440-8eb4-185ff61e7a9c,invite,Stu Lee,Concluido,Worker-Bellum,Processado,Bellum,Faelstorm,Auroria
80143887-99e0-40c1-a2ba-15cc7454cba2,invite,Zig Bellum,Concluido,Worker-Bellum,Processado,Bellum,Ziig Zag,Auroria
cd558a97-1d2c-4252-b6f0-f2a9ddb093f3,invite,Lakittaao on rubinot,Concluido,Worker-Bellum,Processado,Bellum,oyster perpetual,Auroria
75fbeda4-6ec9-4036-82f6-87d80fdfde4e,invite,Filgas,Concluido,Worker-Bellum,Processado,Bellum,x,Auroria
35598bb2-77d8-49ad-9a41-548f23e960d6,invite,Japa On Spectrum,Concluido,Worker-Bellum,Processado,Bellum,Japa Antipetista,Bellum
a4fb3479-a677-4605-8d96-6b30f5f0fbef,invite,Makerzao Pippao ,Concluido,Worker-Tenebrium,Processado,Tenebrium,Pipao openview,Auroria
0ea6473f-48fa-4f2f-955f-78f457b6351b,invite,Antipetista Bomba,Concluido,Worker-Tenebrium,Processado,Tenebrium,Japa Antipetista,Auroria
a14ec959-f8f0-4cc6-8bec-70e9b67cad82,invite,Vinaot,Concluido,Worker-Tenebrium,Processado,Tenebrium,Viinao,Auroria
b4de6719-bc7a-4409-be8e-aaef5b0498b3,invite,Royal Zig,Concluido,Worker-Tenebrium,Processado,Tenebrium,Ziig Zag,Auroria
9c090530-b6f0-4988-a2e0-e093fd2c0f1e,invite,Chupisgole,Concluido,Worker-Tenebrium,Processado,Tenebrium,x,Auroria
ebce7a78-5204-4105-95fe-5bb4a172f7dc,invite,Poto On Tenebrium,Concluido,Worker-Tenebrium,Processado,Tenebrium,Druidekzy,Bellum
980775b2-0a08-44cb-a54c-3bf47339ea73,invite,Antipetista Bomba,Concluido,Worker-Tenebrium,Processado,Tenebrium,Japa Antipetista,Auroria
0a381def-775d-4bd7-bc23-c7a474ab3d33,invite,Marboro red,Concluido,Worker-Vesperia,Processado,Vesperia,Marborao,Tenebrium
07d3a9e9-983b-4a3f-a9d1-4cb31fc60de6,invite,Bomba Skypatrocina,Concluido,Worker-Vesperia,Processado,Vesperia,Japa Antipetista,Auroria
89e4d856-aa34-48c5-b11b-556d476aa9d4,invite,Vinaov,Concluido,Worker-Vesperia,Processado,Vesperia,Viinao,Vesperia
ac8cd18c-46e1-45dc-9991-425bfef101ef,invite,Marboro red,Concluido,Worker-Vesperia,Processado,Vesperia,Marborao,Tenebrium
7d6b7c93-56f8-4e00-8cd5-bb3e9208f787,invite,Bocca Preta,Concluido,Worker-Vesperia,Processado,Vesperia,Faelstorm,Auroria
d323a1b2-4eb1-4bcd-8012-c49159d96ee2,invite,Zig Bomb,Concluido,Worker-Vesperia,Processado,Vesperia,Ziig Zag,Auroria
56800578-7568-4126-9e1c-5ef9a4678a6e,invite,Marboro red,Concluido,Worker-Vesperia,Processado,Vesperia,Marborao,Tenebrium
e1d3ceb9-64db-42ff-823d-9dcfd5bf4bf9,invite,Nusk,Concluido,Worker-Vesperia,Processado,Vesperia,Pega Tanke,Vesperia
70a3cdfc-d60b-4af0-ba1d-91ed98a828d2,invite,Aszus,Concluido,Worker-Vesperia,Processado,Vesperia,Osh Rada,Vesperia
8b16306f-05d0-4885-8bbe-342873bc5330,invite,Marboro red,Concluido,Worker-Vesperia,Processado,Vesperia,Marborao,Tenebrium
a25a227d-334e-41f1-9f16-3644193b8746,invite,Shellzinho,Concluido,Worker-Vesperia,Processado,Vesperia,Baruk,Auroria
488660ae-3537-4b22-8514-9e72cbf78418,invite,Murruguinha Brava,Concluido,Worker-Vesperia,Processado,Vesperia,Killmas ,Auroria
0d3dfd84-8743-4b8b-a802-aaaf6a54fc89,invite,Zepequeno Galego,Concluido,Worker-Vesperia,Processado,Vesperia,x,Auroria
71087e70-b1fc-48cd-9842-ed83a1715783,invite,Bomba Skypatrocina,Concluido,Worker-Vesperia,Processado,Vesperia,Japa Antipetista,Vesperia
e27de005-7be5-4817-a01f-dff86dfb4542,invite,Elite Panxor,Concluido,Worker-Auroria,Processado,Auroria,Elder Panxor,Auroria
7d3888cc-3735-4f36-a94c-d4885ed2bb12,invite,Royal Panxor,Concluido,Worker-Auroria,Processado,Auroria,Elder Panxor,Auroria
7f006f6f-33e9-41b9-8785-689d0af876c7,invite,Kvespar,Concluido,Worker-Auroria,Processado,Auroria,oyster perpetual,Auroria
43b87817-b2e6-4037-9ccf-702432be04ad,invite,ferreira paladin,Concluido,Worker-Auroria,Processado,Auroria,ferreira paladin,Auroria
6b1a8895-3304-4b82-b8f4-fdc13e3fa74e,invite,piracicabano,Concluido,Worker-Auroria,Processado,Auroria,ferreira paladin,Auroria
351dcb45-1f16-46c7-be70-44adfc4b4595,invite,renault master,Concluido,Worker-Auroria,Processado,Auroria,ferreira paladin,Auroria
8e01e53b-cf40-4b97-b0fb-124ac7d19860,invite,Zig Vespera,Concluido,Worker-Auroria,Processado,Auroria,Ziig Zag,Auroria
abe9dd57-016b-41d6-bf1a-079f8be1593e,invite,Magistrate Monk,Concluido,Worker-Auroria,Processado,Auroria,Franky Raskolnikov,Auroria
879a4701-5504-42d4-9221-92a390d9fcb2,invite,Kvespar,Concluido,Worker-Auroria,Processado,Auroria,oyster perpetual,Auroria
10d31313-0f98-4228-8dd5-b4d91a91bfe0,invite,Jinxvs,Concluido,Worker-Auroria,Processado,Auroria,Miyukki,Auroria
f8fc3ab2-c8dd-4803-a688-b8c2d3bd417f,invite,Poto On Aureria,Concluido,Worker-Auroria,Processado,Auroria,Druidekzy,Bellum
8c33252f-238f-414e-a0b9-ad68b0e01a61,invite,Poto On Auroria,Concluido,Worker-Auroria,Processado,Auroria,Druidekzy,Auroria
f22c1880-47c8-414f-917a-0d0038cb9e3e,invite,Magistrate Monk,Concluido,Worker-Auroria,Processado,Auroria,Franky Raskolnikov,Auroria
c774e950-553b-4c0e-b348-778ec0d7e376,invite,Cruelzao,Concluido,Worker-Auroria,Processado,Auroria,Markin saagaz,Auroria
5a6ea0f2-bc31-4acc-96a9-55490b085962,invite,Zeno Ed,Concluido,Worker-Auroria,Processado,Auroria,Panzon Fulltank,Auroria
b902e57e-75b4-4f8c-8bb0-526d0cec2dc0,invite,denm,Concluido,Worker-Auroria,Processado,Auroria,Orsolettaw,Auroria
9573efd9-e0f0-4e94-a463-52b89f843cf4,invite,Ms Duseko,Concluido,Worker-Auroria,Processado,Auroria,Pipao Openview,Auroria
71951631-0541-4480-84dd-47e2b9306112,invite,Louco De Aurora,Concluido,Worker-Auroria,Processado,Auroria,Alex Testo Alta,Bellum
41c9b9b6-4ad4-4768-89b8-7de53ce003f9,invite,Bandido Bomba Um,Concluido,Worker-Auroria,Processado,Auroria,chemist,Auroria
929d19a5-24c4-4f7a-8a2e-53a69dd1c479,invite,Metamorph,Concluido,Worker-Auroria,Processado,Auroria,Curintia Cavaleiro,Auroria
f9279582-f35c-41fc-b683-c05a6754cd02,invite,Major Sd,Concluido,Worker-Auroria,Processado,Auroria,Dimebeck,Auroria
1bcc610d-55ee-4b55-b881-95c775e55d6d,invite,Zeno Ed,Concluido,Worker-Auroria,Processado,Auroria,Panzon Fulltank,Auroria
7030492b-34ce-4cd0-8048-4b99f24e9594,invite,Antsxcial,Concluido,Worker-Auroria,Processado,Auroria,Ark diamond ,Vesperia
2fb84f93-57e4-42a3-9342-30b8080c51bc,invite,Ms Duseko,Concluido,Worker-Auroria,Processado,Auroria,Pipao Openview,Auroria
a1b535c2-e3d9-4632-9eb7-613bda3ecb56,invite,Envycore,Concluido,Worker-Auroria,Processado,Auroria,Gol di Roberth,Auroria
962fa32b-d9b9-46ea-baa1-16a59bfc01f5,invite,Duke Nukkem Grimera,Concluido,Worker-Auroria,Processado,Belaria,Barizzon,Bellum
f278d8eb-3b13-4eb8-87ce-b50a074754f8,invite,Slur on belaria,Concluido,Worker-Belaria,Processado,Belaria,Pipao openview,Auroria
b49a00bd-c8c6-467c-9267-f8c3c94f04ab,invite,Vinao Defender,Concluido,Worker-Belaria,Processado,Belaria,Viinao,Auroria
ab03865d-4168-4543-bdc9-889f2aacac33,invite,Orvix,Concluido,Worker-Belaria,Processado,Belaria,Japa Antipetista,Auroria
14b25642-6e12-4279-a07a-540270b7246f,invite,Kryssfal,Concluido,Worker-Belaria,Processado,Belaria,Faelstorm,Auroria
6f2f3e90-0218-4f2f-ad36-d9a859e8bb53,invite,Zig Belaria,Concluido,Worker-Belaria,Processado,Belaria,Ziig Zag,Auroria
ce4047fa-279e-42a6-95f9-c102a377a404,invite,Charuto Mecanico,Concluido,Worker-Belaria,Processado,Belaria,x,Auroria
56e31797-2096-4a43-ac8d-31915c708225,invite,Neurozyh,Concluido,Worker-Belaria,Processado,Belaria,x,Auroria
c5207dd5-7635-4012-9abc-7260b5a32c0a,invite,Poto On Belaria ,Concluido,Worker-Belaria,Processado,Belaria,Druidekzy,Bellum
957573b1-f180-4d67-bd3c-da746a7bd0d1,invite,Orvix,Concluido,Worker-Belaria,Processado,Belaria,Japa Antipetista,Auroria
98d98e86-2923-4bae-9ec9-b03c544b031e,invite,Verlloren Paralyse,Concluido,Worker-Belaria,Processado,Belaria,Finardi Arrogante,Auroria
4aeb5cfa-63b2-4fda-9b56-5a612ad0a940,invite,the ivandragon,Concluido,Worker-Belaria,Processado,Belaria,Orsolettaw,Auroria
0b266a3c-df20-413c-9e87-fd765caf6eb6,invite,Paralize Bombao,Concluido,Worker-Belaria,Processado,Belaria,Dezvix Campeao,Auroria
c6733a54-3808-4459-b787-3e88939686dc,invite,Paralize Bombao,Concluido,Worker-Belaria,Processado,Belaria,Devzix Campeao,Auroria
8646ad9a-0aed-488c-ad6f-0308fa8a9089,invite,Curintia Curandeiro,Concluido,Worker-Belaria,Processado,Belaria,Curintia Cavaleiro,Auroria
d10a6345-ed77-420c-9388-f32e158b2f77,invite,Morgana Blood,Concluido,Worker-Belaria,Processado,Belaria,Dimebeck,Auroria
10410c42-b210-41cd-ab9e-bbff494eea1a,invite,Suponho,Concluido,Worker-Belaria,Processado,Belaria,Hootler,Auroria
2ae24eeb-b11d-48b3-b29e-3f8151784d76,invite,Fui Ubrigaduafazer,Concluido,Worker-Belaria,Processado,Belaria,Heal Glock,Tenebrium
d3e0b0fa-9269-41c4-b476-d240ba334eb6,invite,Nerso Belaria,Concluido,Worker-Belaria,Processado,Belaria,Nerso Nightmare,Belaria
220b5715-c4d7-4df9-b058-5210779eb5c4,invite,Amansa loco ,Concluido,Worker-Belaria,Processado,Bellum,Pipao openview,Auroria
50192bb8-021b-4dfb-b2cc-333f81d1a6ff,invite,	 Lakittaao on rubinot,Concluido,Worker-Bellum,Processado,Bellum,oyster perpetual,Bellum
8dba94b4-1c27-4013-a6e4-48c601051115,invite,Japa On Spectrum,Concluido,Worker-Bellum,Processado,Bellum,Japa Antipetista,Auroria
1f2f6f2a-e406-400c-8481-e1a84963aa06,invite,Vinaob,Concluido,Worker-Bellum,Processado,Bellum,Viinao,Auroria
1eaac999-648d-4e5c-921d-15275f5de12e,invite,Krysfal Buscaemcasa,Concluido,Worker-Bellum,Processado,Bellum,Faelstorm,Auroria
48cec7de-8037-41e0-b1a7-7131c8a0e34b,invite,Stu Lee,Concluido,Worker-Bellum,Processado,Bellum,Faelstorm,Auroria
eec3334e-ec5b-4be2-b0ef-a78fb4fc397f,invite,Zig Bellum,Concluido,Worker-Bellum,Processado,Bellum,Ziig Zag,Auroria
045065b8-a198-45eb-81ec-5f0dbd53e0b3,invite,Lakittaao on rubinot,Concluido,Worker-Bellum,Processado,Bellum,oyster perpetual,Auroria
022f8a27-3148-4d01-8c99-8884372acf6d,invite,Filgas,Concluido,Worker-Bellum,Processado,Bellum,x,Auroria
da288acf-4651-4844-851c-bb2f08678639,invite,Japa On Spectrum,Concluido,Worker-Bellum,Processado,Bellum,Japa Antipetista,Bellum
d0055958-99c1-441b-9191-3ef1d40f59cc,invite,Sorcerzenho,Concluido,Worker-Bellum,Processado,Bellum,Orsolettaw,Auroria
eedfe33e-15ce-4628-9a38-8e2747ac8f38,invite,Elder The Paralizer,Concluido,Worker-Bellum,Processado,Bellum,Dezvix Campeao,Auroria
fcb30f8a-cb40-49ab-b5ba-cc8645da95df,invite,Elder The Paralizer,Concluido,Worker-Bellum,Processado,Bellum,Devzix Campeao,Auroria
6acacead-17aa-4111-9b83-b928e549cdcf,invite,Tio Trevas,Concluido,Worker-Bellum,Processado,Bellum,Tio Hex,Bellum
41e4eefa-79d7-47ab-937d-8954079291a3,invite,Colizaoo,Concluido,Worker-Bellum,Processado,Bellum,Colizaoo,Bellum
e7a69bdb-a50c-42e4-b0d0-392eeb3d3ba0,invite,Dimezera,Concluido,Worker-Bellum,Processado,Bellum,Dimebeck,Auroria
0bd66160-e846-4e45-a3c9-5b4ae7dc649e,invite,Zeroum Bombinha,Concluido,Worker-Bellum,Processado,Bellum,Hootler,Auroria
f7c39135-0bf4-48d8-ac45-0597aef0af55,invite,Daddys Family,Concluido,Worker-Bellum,Processado,Bellum,Heal Glock,Tenebrium
c9230f32-e685-4840-bcd9-1ca49ae48266,invite,frisanco,Concluido,Worker-Bellum,Processado,Bellum,Metamorph,Auroria
f7ffe40b-8d5d-4e56-915b-42ff03de0138,invite,Makerzao Pippao ,Concluido,Worker-Bellum,Processado,Tenebrium,Pipao openview,Auroria
ba336b9c-a8bb-4fab-baa4-a7481bedfe2d,invite,Antipetista Bomba,Concluido,Worker-Tenebrium,Processado,Tenebrium,Japa Antipetista,Auroria
a0a3fa1f-b934-4d7a-9e2a-9a5aaa5a4ad2,invite,Vinaot,Concluido,Worker-Tenebrium,Processado,Tenebrium,Viinao,Auroria
19029626-59db-450b-bbe8-c0c87dd920b2,invite,Royal Zig,Concluido,Worker-Tenebrium,Processado,Tenebrium,Ziig Zag,Auroria
8d4fdc60-55d5-489a-bbd9-bfc419d6fd44,invite,Chupisgole,Concluido,Worker-Tenebrium,Processado,Tenebrium,x,Auroria
4b3113b6-5bdf-440a-a42a-610b7419b484,invite,Poto On Tenebrium,Concluido,Worker-Tenebrium,Processado,Tenebrium,Druidekzy,Bellum
727810b5-48f3-4c23-8445-d62d22151afa,invite,Antipetista Bomba,Concluido,Worker-Tenebrium,Processado,Tenebrium,Japa Antipetista,Auroria
9148a620-6342-409f-8e61-b9607c499c0f,invite,Monge loide,Concluido,Worker-Tenebrium,Processado,Tenebrium,Monge loide,Tenebrium
4295b01b-3b8a-4be0-9e6e-77378a6c21cc,invite,tonhao tenebrista,Concluido,Worker-Tenebrium,Processado,Tenebrium,Orsolettaw,Auroria
04caf481-8278-4630-a69a-70bd6a57e0b9,invite,Druidzix Tacaparalyze,Concluido,Worker-Tenebrium,Processado,Tenebrium,Devzix Campeao,Auroria
937d3b27-6c33-43c1-a24e-610ed45a1292,invite,Lux Abracadabrao,Concluido,Worker-Tenebrium,Processado,Tenebrium,Curintia Cavaleiro,Auroria
15b50b1a-cfec-4813-9670-d63b7b46ddc1,invite,Vtge Culture,Concluido,Worker-Tenebrium,Processado,Tenebrium,Dimebeck,Auroria
2770a884-68ca-42b8-a975-d31397775662,invite,Masacre In Tenebrium,Concluido,Worker-Tenebrium,Processado,Tenebrium,Hootler,Auroria
7471032b-f79f-453f-976e-81ec67a944a6,invite,Marboro red,Concluido,Worker-Vesperia,Processado,Vesperia,Marborao,Tenebrium
8663cc92-ea73-4e68-b487-76f7e01d2e9c,invite,Bomba Skypatrocina,Concluido,Worker-Vesperia,Processado,Vesperia,Japa Antipetista,Auroria
c5dcfab7-8b3c-4f01-91f6-737bab892b65,invite,Vinaov,Concluido,Worker-Vesperia,Processado,Vesperia,Viinao,Vesperia
bb6e2f99-05b4-4eb9-9d3e-d0b63f97ec36,invite,Marboro red,Concluido,Worker-Vesperia,Processado,Vesperia,Marborao,Tenebrium
14899310-fecb-4631-9da0-29eeef785acd,invite,Bocca Preta,Concluido,Worker-Vesperia,Processado,Vesperia,Faelstorm,Auroria
06851224-1fe0-4fd9-9116-bff3aeb980f5,invite,Zig Bomb,Concluido,Worker-Vesperia,Processado,Vesperia,Ziig Zag,Auroria
79e43790-ecb9-45ea-843d-fd2199f7c9cd,invite,Marboro red,Concluido,Worker-Vesperia,Processado,Vesperia,Marborao,Tenebrium
f59ed910-71e0-4809-8b0a-1f5582e69d02,invite,Nusk,Concluido,Worker-Vesperia,Processado,Vesperia,Pega Tanke,Vesperia
220420fa-5bcb-41d3-ad91-166fa7d311e0,invite,Aszus,Concluido,Worker-Vesperia,Processado,Vesperia,Osh Rada,Vesperia
89230856-9958-4111-ac57-b14f0e49f1b0,invite,Marboro red,Concluido,Worker-Vesperia,Processado,Vesperia,Marborao,Tenebrium
722aacd2-1b96-4419-984c-b51e7adf3804,invite,Shellzinho,Concluido,Worker-Vesperia,Processado,Vesperia,Baruk,Auroria
6aacf05d-9b06-44eb-b8cd-d0f0e5149f7f,invite,Murruguinha Brava,Concluido,Worker-Vesperia,Processado,Vesperia,Killmas ,Auroria
816a7013-c8fe-4f29-9df0-fc90030c4120,invite,Zepequeno Galego,Concluido,Worker-Vesperia,Processado,Vesperia,x,Auroria
b506a6d6-0fe3-481d-b166-8e66741244f5,invite,Bomba Skypatrocina,Concluido,Worker-Vesperia,Processado,Vesperia,Japa Antipetista,Vesperia
1deac613-e608-46c2-a363-0ca3661bdddf,invite,Maker te sola,Concluido,Worker-Vesperia,Processado,Vesperia,Abadia ,Bellum
0e8a1309-a930-4ccf-83d1-583df75b50a1,invite,Master Duck,Concluido,Worker-Vesperia,Processado,Vesperia,Placenta,Bellum
9a59c3b6-0144-4b2c-9c22-e95bab0e47e5,invite,Mainquing ed,Concluido,Worker-Vesperia,Processado,Vesperia,Monte loide,Tenebrium
6f581e3f-b56d-406c-9222-a69c72b9a683,invite,del rey on,Concluido,Worker-Vesperia,Processado,Vesperia,Orsolettaw,Auroria
324faad2-760d-4138-9e0c-3f869b90314a,invite,Predozix On Vesperia,Concluido,Worker-Vesperia,Processado,Vesperia,Devzix Campeao,Auroria
e0b3ff58-5e6a-45d0-83d6-9ba1db13bbfe,invite,Malveria Bombao,Concluido,Worker-Vesperia,Processado,Vesperia,Devzix Campeao,Auroria
d0acbd90-8b38-4771-8950-a00b97e54ef1,invite,Droga Morri,Concluido,Worker-Vesperia,Processado,Vesperia,Pipao Openview,Auroria
5f2f2755-45ae-43ec-83d7-405ec61e56e5,invite,Terror Bope Panq,Concluido,Worker-Vesperia,Processado,Vesperia,Cyrostore,Bellum
e40ffcfc-abaf-4441-a3d8-d0eea7a8c36f,invite,Alex Testo Baixa,Concluido,Worker-Vesperia,Processado,Vesperia,Alex Testo Alta,Bellum
5e76a9bb-d9e2-496e-a553-418f67945577,invite,Sessionoff,Concluido,Worker-Vesperia,Processado,Vesperia,Session,Bellum
fc062125-729a-4d50-80b4-82ae568a157f,invite,Baskura Ed,Concluido,Worker-Vesperia,Processado,Vesperia,Curintia Cavaleiro,Auroria
58e6fff7-f5cc-4288-8bcc-e2c902b9d730,invite,Shadow Smoke,Concluido,Worker-Vesperia,Processado,Vesperia,Dimebeck,Auroria
5072f253-b912-4414-ba1a-69a4ada9e524,invite,Aka Klaus,Concluido,Worker-Vesperia,Processado,Vesperia,Hootler,Auroria
d7571b62-a7fa-46dc-8471-9b976e7ac052,invite,Heal On Vesperian,Concluido,Worker-Vesperia,Processado,Vesperia,Heal Glock,Vesperia
eb397aa0-2285-443c-a08a-66270ff2e938,invite,Baskura Ed,Concluido,Worker-Vesperia,Processado,Vesperia,Metamorph,Auroria
4482c6cb-633b-401f-8d12-daaa393a73e0,invite,Pablo Vegetti Nightmare,Concluido,Worker-Vesperia,Processado,Vesperia,Nerso Nightmare,Vesperia
af745286-0100-4fcc-b330-fa3959c58ce7,invite,Upa Parado,Concluido,Worker-Tenebrium,Processado,Auroria,Nerso Nightmare,Auroria
2ad126c0-d021-475f-a5bc-9846d6ec41a0,invite,Kit warwin ,Concluido,Worker-Auroria,Processado,Auroria,Kit warwin ,Auroria
7c9d434c-52a1-4edf-8a5f-828101c43514,invite,Batata Rafous,Concluido,Worker-Auroria,Processado,Auroria,Barash,Bellum
10f6841b-47cd-40bf-82fe-97ca2b6302e9,invite,Cwb Igui,Concluido,Worker-Auroria,Processado,Auroria,Cwb Ek,Bellum
4fd66e3a-120a-43b7-99f9-f0d60d83817e,invite,Ditcheva Auroria,Concluido,Worker-Auroria,Processado,Auroria,Dakota Ditcheva,Bellum
0fb21aec-1927-4b6c-9c00-96a0bb957e79,invite,Kerry Kaberga,Concluido,Worker-Auroria,Processado,Auroria,Druidezky,Bellum
b2d98624-c963-4991-94ce-42fa08967319,invite,Ceazera,Concluido,Worker-Auroria,Processado,Auroria,Ceazera,Auroria
5f0a7e25-1a76-450a-a4e0-cbf53ebc87a2,invite,Major Sd,Concluido,Worker-Auroria,Processado,Auroria,Dimebeck,Auroria
25f0c3d5-1561-4041-84f7-1e10b7296662,invite,mestre deboxe,Concluido,Worker-Auroria,Processado,Auroria,Tayna showza,Vesperia
48c66807-d14c-4abb-a574-f09b281cb770,invite,Lord Jashiramus,Concluido,Worker-Auroria,Processado,Auroria,Godzzer,Auroria
ee5701a5-6396-4208-ac24-9e9587bbd521,invite,Royal Rock ,Concluido,Worker-Auroria,Processado,Auroria,Bucha Paladin ,Vesperia
8c8d916a-d5df-491e-88b3-5c39b48f6715,invite,Zlatan Ibrahimoviic,Concluido,Worker-Auroria,Processado,Auroria,Pizza Hut,Bellum
26cca31f-b1e6-4fbf-8dd1-f0e96026c72e,invite,Smoking Paliteiro,Concluido,Worker-Auroria,Processado,Auroria,bevz cachaceiro,Bellum
ae3f24a2-22b6-4d0b-beec-79a4537b7525,invite,Poko Killer,Concluido,Worker-Auroria,Processado,Auroria,Saenz Dragonheart,Vesperia
8a5fead4-6d21-4213-825c-7c7acbeecf6a,invite,Fox Mind,Concluido,Worker-Auroria,Processado,Auroria,Fox Mind,Auroria
3f9dcbe7-1466-4f4e-b534-000c159acd4e,invite,Kzintareth,Concluido,Worker-Auroria,Processado,Auroria,Vinizsz,Auroria
0dbc1267-de40-462a-81fd-7dfe71ccd1c1,invite,Gor dones,Concluido,Worker-Auroria,Processado,Auroria,Gor dones,Auroria
b13c7c8b-c92e-41a2-9dbc-7b150b716997,invite,Andre Rendafixa,Concluido,Worker-Auroria,Processado,Auroria,Kit warwin ,Auroria
74b07a61-0401-43dc-b926-0616fd71b4fd,invite,Admiral Zero,Concluido,Worker-Auroria,Processado,Auroria,Marshal Huckleberry,Auroria
2bad12e4-98cb-42a5-a7e3-e251e9de8d5d,invite,Cwb Igui,Concluido,Worker-Auroria,Processado,Auroria,Cwb Ek,Bellum
fda57f49-bd91-498c-a30b-b2798bfa522b,invite,Andre Rendafixa,Concluido,Worker-Auroria,Processado,Auroria,Kit Warwin ,Auroria
2e396e78-a9e4-4fdf-8710-327e3474d515,invite,Feijão Texasteam,Concluido,Worker-Auroria,Processado,Auroria,Feiijao Texasteam,Auroria
2ef90baa-4f30-42a9-a5b0-c4261699dd9d,invite,Wolf Paladin,Concluido,Worker-Auroria,Processado,Auroria,Ziig Zag,Auroria
3895282a-550a-4858-a510-3156a03fe586,invite,Alabasto,Concluido,Worker-Auroria,Processado,Auroria,Banzay Mage,Auroria
a2876257-1ebe-4264-8a5a-90f22d7549e7,invite,Bicho Vai Pegar,Concluido,Worker-Auroria,Processado,Auroria,Manda Audiio,Bellum
eba861e9-b9cc-4cfb-b3fa-c789f6f6c71a,invite,Churreia,Concluido,Worker-Auroria,Processado,Auroria,Cassin obemvenceu,Vesperia
55e8478f-975a-4173-9c1d-211ed7131649,invite,Motoboy de verão ,Concluido,Worker-Auroria,Processado,Auroria,Motonoia,Bellum
bc1ec419-063b-4d7c-9c80-bea30b760553,invite,Lucky Strike Double,Concluido,Worker-Auroria,Processado,Auroria,Lucky Strike Double,Auroria
8c3ee260-1ef3-4d62-a209-168b43424a9f,invite,Crie so pra te fazer red,Concluido,Worker-Auroria,Processado,Auroria,Izanaa,Bellum
b8095572-4ee0-40c0-aed4-4864455e2c01,invite,Sweetzinhasz,Concluido,Worker-Auroria,Processado,Auroria,Sweetzinha,Bellum
1a5c84d8-9bb0-43a2-bdc8-d708c502ee12,invite,Segurafull Segurafull,Concluido,Worker-Auroria,Processado,Auroria,Vini,Bellum
ffedf3e2-b756-4b65-a7de-14f2e7e4bc76,invite,Zaackross,Concluido,Worker-Belaria,Processado,Belaria,Barash,Bellum
cfabba47-4a3e-4ce4-9aaa-9533f8fa1edf,invite,Ditcheva Belaria,Concluido,Worker-Belaria,Processado,Belaria,Dakota Ditcheva,Bellum
baed5648-5abe-40cf-9710-ab6a6141496e,invite,Gwen Ellis,Concluido,Worker-Belaria,Processado,Belaria,Cwb Ek,Bellum
835fb846-ccfa-4c79-970c-318014ba559c,invite,Famizz,Concluido,Worker-Belaria,Processado,Belaria,Tavaao,Vesperia
358f1674-68f4-4ea5-8183-790216bd6c61,invite,Tum The Wicked,Concluido,Worker-Belaria,Processado,Belaria,Amora Gilgamesh,Vesperia
286d7ebb-a5b2-40ed-96a8-6ea030177d4a,invite,whiz storm,Concluido,Worker-Belaria,Processado,Belaria,tayna showza,Vesperia
e7ad386d-187e-4460-9ec7-bbe656f5af68,invite,Otto Makerzin,Concluido,Worker-Belaria,Processado,Belaria,Otto Lara,Vesperia
ba5f0797-b54f-4016-9a06-42acb1419914,invite,Feeh paralyze,Concluido,Worker-Belaria,Processado,Belaria,Ark diamond,Belaria
6a23a382-22ea-4d1e-81f2-6eb4a4e539f6,invite,Druid bomba Vesperia,Concluido,Worker-Belaria,Processado,Belaria,Vrenk Valhalla,Vesperia
9992193c-d4b9-40bd-953c-c89d42685c96,invite,Nininhoz Maker,Concluido,Worker-Belaria,Processado,Belaria,Saenz Dragonheart,Belaria
3b91aa3b-3372-4fd8-941d-15a61c6bc21d,invite,Sandy do Junior,Concluido,Worker-Belaria,Processado,Belaria,King Punish,Vesperia
f3038149-fc1b-46f6-aa62-7fb3d39c0db1,invite,Tefim Naveslandia,Concluido,Worker-Belaria,Processado,Belaria,tefim catarina,Vesperia
a576fd8c-3976-444b-a70f-adc10fa3fa45,invite,Lil lewis,Concluido,Worker-Belaria,Processado,Belaria,Papito Chulozorde,Vesperia
ff65b9c9-7125-4de2-944f-93ca1939940f,invite,Me cura caraio,Concluido,Worker-Belaria,Processado,Belaria,Paulin Fucklove,Belaria
338eac97-8dc7-4eb8-b4df-4113c401eb56,invite,Magic Mushrooms,Concluido,Worker-Belaria,Processado,Belaria,DAbl Iw,Bellum
59bb7af6-7c1c-4d95-85ec-12d92f20a9f3,invite,Vladmir Top,Concluido,Worker-Belaria,Processado,Belaria,Cezrath Monarch,Vesperia
799c60cf-a01d-4960-ab51-229ca4e4b31e,invite,Xaall,Concluido,Worker-Belaria,Processado,Belaria,Gor dones,Auroria
e4175a39-0982-4c79-a18c-32cd96cbfbe9,invite,Domador de Poneii,Concluido,Worker-Belaria,Processado,Belaria,Bow De Fogo,Vesperia
e1655817-3488-4d62-8e2e-c729c8c24b3e,invite,Gwen Ellis,Concluido,Worker-Belaria,Processado,Belaria,Cwb Ek,Bellum
2fcae794-0efe-4b30-a2ad-8e86e2d6f6bb,invite,Navyseal Bira,Concluido,Worker-Belaria,Processado,Belaria,Dan Alves,Vesperia
09b589e0-0a7b-424d-bf74-3771e772cdf0,invite,Bicho Ta Pegano,Concluido,Worker-Belaria,Processado,Belaria,Manda Audiio,Belaria
ca06f331-7c4e-4296-894b-4e42ac96b167,invite,Maceio Bombinha,Concluido,Worker-Belaria,Processado,Belaria,Lucky Strike Double,Auroria
c7ee00be-e467-49e1-8692-959f27fea0d7,invite,Mano Kabulozo,Concluido,Worker-Belaria,Processado,Belaria,Vini,Bellum
e74c3106-1c67-48db-a002-4f7780d77c29,invite,Ftz,Concluido,Worker-Bellum,Processado,Bellum,Elfus Franciozi,Auroria
b7328412-2bfc-4f80-b668-5cd40c8df4e1,invite,Miyazono,Concluido,Worker-Bellum,Processado,Bellum,Lyipeh,Bellum
dab25f19-6892-4aae-9040-f45efd964a3b,invite,Xubilubiluh,Concluido,Worker-Bellum,Processado,Bellum,Rigas,Bellum
697ed59f-1593-4e52-ba16-5cfbd4e8af38,invite,Lords sos,Concluido,Worker-Bellum,Processado,Bellum,Rigas,Bellum
6c5e0613-e208-485c-8b79-4cdd6eda821f,invite,pig alado bellum,Concluido,Worker-Bellum,Processado,Bellum,tayna showza,Vesperia
3bfde362-ff22-45dd-a215-ba4362ab0318,invite,Mago Roxo,Concluido,Worker-Bellum,Processado,Bellum,Sildekiinhow,Bellum
7ac1c956-298e-43f5-94f0-9ec8ec2398f5,invite,Master Mister Pela,Concluido,Worker-Bellum,Processado,Bellum,Pelucon,Auroria
26a5046f-07d9-4122-b772-e5a923764f19,invite,Jashis Ed,Concluido,Worker-Bellum,Processado,Bellum,Godzzer,Auroria
e30cc7c9-3522-4bd4-a9ce-87f807c7293a,invite,Mago Roxo,Concluido,Worker-Bellum,Processado,Bellum,Sildekiinhow,Bellum
6d249367-c149-4ac6-942e-f97f9c941349,invite,Canalha macloud,Concluido,Worker-Bellum,Processado,Bellum,Ark diamond ,Vesperia
1d597feb-ddb7-4b3b-91ca-59036bc557f6,invite,Igaumzord,Concluido,Worker-Bellum,Processado,Bellum,Igaumzord,Bellum
e86eaa4a-7e0c-4789-a7ce-9526ac28fff3,invite,Mago Roxo,Concluido,Worker-Bellum,Processado,Bellum,Sildekiinhow,Bellum
a46ef971-d67e-46ba-85b1-1eec3e5cc1d0,invite,Ajaxz,Concluido,Worker-Bellum,Processado,Bellum,Saenz Dragonheart,Vesperia
64424435-3284-4569-a417-33d95001b0b6,invite,Mago Roxo,Concluido,Worker-Bellum,Processado,Bellum,Sildekiinhow,Bellum
87e61fe2-31f9-4a5e-b7e2-253d373fe9f7,invite,Istripulia,Concluido,Worker-Bellum,Processado,Bellum,Grilero de Spectrum,Bellum
294453c2-8fdf-4e60-900c-d3f63518e3e1,invite,Ixxtora,Concluido,Worker-Bellum,Processado,Bellum,Grilero de Spectrum,Bellum
7abe3c20-dfac-4bca-a4fd-60e568a59eb9,invite,Hg Opipinellas,Concluido,Worker-Bellum,Processado,Bellum,Gor dones,Auroria
6e9dfe25-51b6-4e61-a69c-ffcc8dfa7037,invite,Hubobi,Concluido,Worker-Bellum,Processado,Bellum,Luizin King ,Auroria
b6cd15a8-d4d4-49a6-b2f7-a70f65fbd2ad,invite,Toma frecha,Concluido,Worker-Bellum,Processado,Bellum,Luizin King ,Auroria
04a31462-efc9-45fb-a2af-ac5aabece137,invite,Korean lieutenant,Concluido,Worker-Bellum,Processado,Bellum,King Fuzzy Fortin,Auroria
786d07c0-5410-4d41-943f-03a2051f7205,invite,Netao Gyn,Concluido,Worker-Bellum,Processado,Bellum,Agro Gyn,Bellum
c920f777-3d25-44a1-be60-15fb511c9fb4,invite,Neto Gyn,Concluido,Worker-Bellum,Processado,Bellum,Agro Gyn,Bellum
6460c114-140c-479d-8594-2a2ea12ed09f,invite,Dr messe,Concluido,Worker-Bellum,Processado,Bellum,Dr messe,Bellum
31c1016d-f501-4c91-a7fa-778f9a5bd759,invite,Cavaleiro Byxu,Concluido,Worker-Bellum,Processado,Bellum,Cassin Obemvenceu,Vesperia
83ce332c-1b1a-4ba4-91ed-965ac1b8f651,invite,Ainn Luizera,Concluido,Worker-Bellum,Processado,Bellum,Ainn Luizera,Bellum
b073ebd2-126e-4a8d-afe6-d4c53e7070f1,invite,Rhakvor,Concluido,Worker-Bellum,Processado,Bellum,Royal Gwynbleidd,Bellum
d110071b-0755-439e-adc1-cd357e3a43a9,invite,Óleo mobil ,Concluido,Worker-Bellum,Processado,Bellum,Motonoia,Bellum
e4fcb3a0-2f1d-4001-b808-d62e31a1a04a,invite,Surf na Lyze,Concluido,Worker-Bellum,Processado,Bellum,Lucky Strike Double,Auroria
70bc3448-1d1a-4daf-b295-ddeb2287e2fc,invite,Nerso Tenebra,Concluido,Worker-Tenebrium,Processado,Tenebrium,Nerso Nightmare,Tenebrium
581b155f-44e1-48f2-951e-a2b61cb11910,invite,Whrum,Concluido,Worker-Tenebrium,Processado,Tenebrium,Placenta,Bellum
410384af-eac0-46db-8562-4d2710f18278,invite,Whrum,Concluido,Worker-Tenebrium,Processado,Tenebrium,Placenta,Bellum
439542e8-afe6-4d50-8783-99a4cd8b785a,invite,Whrum,Concluido,Worker-Tenebrium,Processado,Tenebrium,Placenta,Bellum
3dd98601-3460-4a09-94b8-ecbb84ae73d6,invite,Cap Levi Ackerman,Concluido,Worker-Tenebrium,Processado,Tenebrium,Pelucon,Auroria
fa71b359-356b-4fd3-9114-01c042501964,invite,Jashi Errepe,Concluido,Worker-Tenebrium,Processado,Tenebrium,Goddzer,Auroria
7c047c78-4c29-4325-afca-6d5322c5a8d5,invite,Schixy,Concluido,Worker-Tenebrium,Processado,Tenebrium,Ark diamond,Vesperia
b66b3397-33f7-410e-a3cb-d64ff0c2bb49,invite,Pig Alado Tenebrium,Concluido,Worker-Tenebrium,Processado,Tenebrium,Igr On Bellum,Auroria
905cfe85-b3f7-4586-bd7e-39f7e3deed73,invite,Dumbinhoo Sorcc,Concluido,Worker-Tenebrium,Processado,Tenebrium,Pizza Hut,Bellum
2ee8ffa8-8128-439d-890d-1eda7ebe953d,invite,Lacoste Flow,Concluido,Worker-Tenebrium,Processado,Tenebrium,Saenz Dragonheart,Vesperia
49dad089-a5d5-43fc-ae5a-13af477524e3,invite,Nininhoz,Concluido,Worker-Tenebrium,Processado,Tenebrium,Saenz Dragonheart,Vesperia
447704fa-68b5-4f1a-af61-7398a602303c,invite,Porko Pally,Concluido,Worker-Tenebrium,Processado,Tenebrium,Saenz Dragonheart,Vesperia
e3c53475-9fde-4935-93cd-2a4c7974a570,invite,Siruppi,Concluido,Worker-Tenebrium,Processado,Tenebrium,DAbl Iw,Bellum
06248f91-8b74-4ffa-b181-7feb343c1f5b,invite,Owai Da Trembolona,Concluido,Worker-Tenebrium,Processado,Tenebrium,Gor dones,Auroria
00f5ae3e-f2df-4097-88bf-d757ee957c3f,invite,Motonoia sempatrocinio,Concluido,Worker-Tenebrium,Processado,Tenebrium,Motonoia,Bellum
71cd3d8d-d6cd-44d4-8a00-86dd0460392a,invite,Cruelrjj,Concluido,Worker-Tenebrium,Processado,Tenebrium,Lucky Strike Double,Auroria
50638f80-3eff-4a8f-a003-19bba337df46,invite,Tavin Dark Flaglisc,Concluido,Worker-Tenebrium,Processado,Tenebrium,Vini,Bellum
329d16c3-cf35-42fe-9d7a-b25c1733cf1f,invite,Druidao Gandalf,Concluido,Worker-Vesperia,Processado,Vesperia,Don Japa,Bellum
a710b186-6c89-41ae-b4d3-2592bc6f102d,invite,Master Duck,Concluido,Worker-Vesperia,Processado,Vesperia,Placenta,Bellum
26314420-8154-402a-843e-3fd13880d037,invite,Ditcheva Vesperia,Concluido,Worker-Vesperia,Processado,Vesperia,Dakota Ditcheva,Bellum
b442c66b-b6d0-4ede-8cdd-a4222e9bd18e,invite,Nosoydasher,Concluido,Worker-Vesperia,Processado,Vesperia,Iguinraxi,Bellum
a0f439ae-df91-458c-9433-f3c8774cdcdb,invite,Druidao Gandalf,Concluido,Worker-Vesperia,Processado,Vesperia,Don Japa,Bellum
92354451-e6c1-4f31-87b5-654f65abca4b,invite,Mew mew,Concluido,Worker-Vesperia,Processado,Vesperia,Mew mew,Vesperia
d4889a56-20bf-467a-8db7-1d985a36d401,invite,Knightrico,Concluido,Worker-Vesperia,Processado,Vesperia,Ceazera,Auroria
327edd6e-add3-44a3-a241-79b75500ae56,invite,Tayna showza,Concluido,Worker-Vesperia,Processado,Vesperia,Tayna showza,Vesperia
568baee9-7449-48c6-86ff-0a235339a9c5,invite,Lyonardo,Concluido,Worker-Vesperia,Processado,Vesperia,Tayna showza,Vesperia
c91ab030-b4c0-4cbb-ae0e-daa35c00902d,invite,Saenz Dragonheart,Concluido,Worker-Vesperia,Processado,Vesperia,Saenz Dragonheart,Vesperia
d3838d5d-ac16-4f4b-a811-53c2b916a69a,invite,Arriba Villa,Concluido,Worker-Vesperia,Processado,Vesperia,Saenz Dragonheart,Vesperia
22b3c824-d4d3-4185-b55e-98d473fb1660,invite,Nosoydasher,Concluido,Worker-Vesperia,Processado,Vesperia,Iguinraxi,Bellum
9d48fe55-03f2-4ebb-91fe-771d786128d4,invite,Anderson kamikaze,Concluido,Worker-Vesperia,Processado,Vesperia,Ark diamond,Vesperia
f43d31a4-4d9d-4568-9201-e40e47d1943a,invite,Mage Deboxado,Concluido,Worker-Vesperia,Processado,Vesperia,DAbl Iw,Bellum
c88594f6-69f3-4a90-8ce7-f43543ed9623,invite,Druidao Gandalf,Concluido,Worker-Vesperia,Processado,Vesperia,Don Japa,Bellum
d4b2f072-4525-4d04-bd50-c9ce3ea11b41,invite,Jenny Bad,Concluido,Worker-Vesperia,Processado,Vesperia,Gor dones,Vesperia
a2bea150-5a34-4753-ae0e-59eca89e7066,invite,Dandrok,Concluido,Worker-Vesperia,Processado,Vesperia,Dandrok,Vesperia
f1df9cd5-cf6e-4356-af6f-6d50f311d918,invite,Exana Flam,Concluido,Worker-Vesperia,Processado,Vesperia,Lucky Strike Double,Auroria
95378ddf-71c7-4971-a176-7a1bffb7592f,invite,Traque,Concluido,Worker-Vesperia,Processado,Vesperia,Vini,Bellum
290729c7-28e3-43e6-aaee-4caad218a3e8,invite,Heiisenbergg,Concluido,Worker-Vesperia,Processado,Vesperia,Vini,Vesperia
01a901e6-85c7-48ed-b7d1-f8848e4ea6c6,invite,Amigo Joe,Concluido,Worker-Auroria,Processado,Auroria,Chucky Babalao,Auroria
02fe4241-c258-463b-b0f0-f7d2c0f8ff20,invite,Legolas Haze,Concluido,Worker-Auroria,Processado,Auroria,Yankee,Auroria
154c2c1f-0568-4179-9c80-8a9fa12ac313,invite,Akilles Tenente ,Concluido,Worker-Auroria,Processado,Auroria,Akilles Tenente,Auroria
fabdcd00-d78b-4930-a9ec-2aba962669c1,invite,Legolas Haze,Concluido,Worker-Auroria,Processado,Auroria,Yankee,Auroria
71b9d7e3-3a36-4c01-8f56-ff6d242f02f8,invite,King Neol,Concluido,Worker-Auroria,Processado,Auroria,Fofeckzinha,Auroria
11a027ef-9b84-4c28-8921-53a467a32e12,invite,Tavinho The Best,Concluido,Worker-Auroria,Processado,Auroria,Lucky Strike Double,Auroria
637618a9-8a80-43b3-a0ad-6130ea40fb79,invite,El Mago Pedron,Concluido,Worker-Auroria,Processado,Auroria,Rhyco Deletado,Auroria
3422a09d-0465-472a-b82e-21b101709dba,invite,Eu Queridinhoo,Concluido,Worker-Auroria,Processado,Auroria,Old Feithzor,Vesperia
3b543540-8f16-4bb6-9567-b8304147fe70,invite,Tonhao Birrento,Concluido,Worker-Auroria,Processado,Auroria,Tonhaoziinhow,Bellum
10ffaa12-8af6-414b-89c2-5c3ac6e6b957,invite,Doctor Craziiy,Concluido,Worker-Auroria,Processado,Auroria,Doctor Craziiy,Auroria
263d5dc9-23bd-425a-b7e1-662818785585,invite,kaleend,Concluido,Worker-Auroria,Processado,Auroria,Doctor Craziiy,Auroria
1616d442-3754-4622-859b-15850180803b,invite,Starzin Doente,Concluido,Worker-Auroria,Processado,Auroria,Felpolas,Auroria
4e399c9c-4027-488f-ba56-ab6e1606a7ba,invite,Silvazl,Concluido,Worker-Auroria,Processado,Auroria,Notorious Evill,Auroria
4138786e-a418-4f3a-8db3-8a60836c8838,invite,Auroriou,Concluido,Worker-Auroria,Processado,Auroria,Nusk,Vesperia
41e2e7d1-c749-4a74-977a-bb780580cbd7,invite,Tonhao Birrento,Concluido,Worker-Belaria,Processado,Auroria,Tonhaoziinhow,Bellum
18468dab-79fa-4b59-b8ea-aff2e2535776,invite,Tavinho The Best,Concluido,Worker-Auroria,Processado,Auroria,Lucky Strike Double,Auroria
24cee3b8-00eb-48a8-a21f-713ec81e013f,invite,Joe Druid,Concluido,Worker-Belaria,Processado,Belaria,Chucky Babalao,Auroria
e6fdebda-4339-4173-bc62-16697f0318f4,invite,Cyrostore bel,Concluido,Worker-Belaria,Processado,Belaria,Cyrostore,Bellum
2a2fbd6e-8d70-4a28-97bb-5038062a011e,invite,Tininho death row ,Concluido,Worker-Belaria,Processado,Belaria,Pepper Shaw,Vesperia
c04eb1ea-a0cf-480b-b7be-6f09bc5983bd,invite,Picure ,Concluido,Worker-Belaria,Processado,Belaria,Pepper Shaw,Vesperia
024764e3-0a12-46e7-8771-38cd17a8730c,invite,Ainpara,Concluido,Worker-Belaria,Processado,Belaria,Tavin LastChance,Belaria
abbfbd33-e1b0-4988-82fb-a31ae2cd1614,invite,Lippe de La Muerte,Concluido,Worker-Belaria,Processado,Belaria,Tonhaoziinhow,Bellum
993680e0-d5be-4bea-85bc-7b4ab070b405,invite,Kedicu,Concluido,Worker-Belaria,Processado,Belaria,Doctor Craziiy,Auroria
bf371ea2-fca8-4943-ab06-4bc5771b33a4,invite,TACADOR DI BOMBAUM ,Concluido,Worker-Belaria,Processado,Belaria,Angeelous,Bellum
215275a4-6e0c-482b-9318-46d496cc8eda,invite,Vivious,Concluido,Worker-Belaria,Processado,Belaria,Thank God,Vesperia
08b065a8-8e68-42a1-81a9-70d8dd08c1a3,invite,Lippe de La Muerte,Concluido,Worker-Belaria,Processado,Belaria,Tonhaoziinhow,Bellum
988b4a4c-ce82-484f-8918-7e9fa606dbf7,invite,Picure,Concluido,Worker-Belaria,Processado,Belaria,Pepper Shaw,Vesperia
205d5b12-c7a6-460f-b353-64f3db63ec3b,invite,Lippe de La Muerte,Concluido,Worker-Belaria,Processado,Belaria,Tonhaoziinhow,Bellum
4f66edca-c325-4c59-b5bb-07777bf53275,invite,Murrugao Ranger Vermelho,Concluido,Worker-Belaria,Processado,Belaria,Old Myzrak Return,Vesperia
cd13383c-8801-4d30-ae97-419ecc5f2f0f,invite,Neol Hiperativo,Concluido,Worker-Tenebrium,Processado,Tenebrium,Chucky Babalao,Tenebrium
a7f78606-d991-4dd9-b98d-723e8ea13549,invite,Scorpiao Return,Concluido,Worker-Tenebrium,Processado,Tenebrium,Cyrostore,Bellum
12489386-264e-4701-b93a-417b5e42fded,invite,Hero The Boss,Concluido,Worker-Tenebrium,Processado,Tenebrium,Raridade the boss,Vesperia
80540ebb-bc77-4b74-96ee-d38ba149b344,invite,Mage Bombz,Concluido,Worker-Tenebrium,Processado,Tenebrium,Tonhaoziinhow,Bellum
ef7f0045-51c2-4619-9476-2f48e34785ae,invite,Tuzcin,Concluido,Worker-Bellum,Processado,Bellum,Chucky Babalao,Auroria
b44bd88b-550d-41d9-accb-ea67ce95a04d,invite,Princesinha do Time,Concluido,Worker-Tenebrium,Processado,Tenebrium,Tetta,Bellum
54ebb05f-bb45-42ae-b062-11d46307c458,invite,Ayacozi,Concluido,Worker-Bellum,Processado,Bellum,Lu Kao,Bellum
826b1236-57a3-4861-b134-8a7742d64774,invite,Danqtb,Concluido,Worker-Bellum,Processado,Bellum,Lipizinhow,Bellum
f63f5caa-1b66-40d0-b25a-8cadf557c7c8,invite,Danqts,Concluido,Worker-Bellum,Processado,Bellum,Lipizinhow,Bellum
02981a95-5f4c-485d-899b-62db60685739,invite,Danqtx,Concluido,Worker-Bellum,Processado,Bellum,Lipizinhow,Bellum
2dc08f56-12bf-4e67-a58e-36d0fbb304ed,invite,Kedico Belum,Concluido,Worker-Bellum,Processado,Bellum,Doctor Craziiy,Auroria
64ee9edb-256c-4316-b0b3-356381b9ac8e,invite,Omarkitcoloca,Concluido,Worker-Bellum,Processado,Bellum,Old Myzrak Return,Vesperia
6223ad0c-efdb-4c79-81aa-b4987da062b8,invite,Psilocibino,Concluido,Worker-Bellum,Processado,Bellum,Tonhaoziinhow,Bellum
fe9a788f-1f75-48fc-8e3e-37d7bc143798,invite,Roki,Concluido,Worker-Bellum,Processado,Bellum,Tonhaoziinhow,Bellum
15069314-4a50-4fd3-b64d-77c0de8e9d47,invite,Sucata Bolt,Concluido,Worker-Bellum,Processado,Bellum,Bergoglio,Belaria
ee78bcee-1e05-4b26-8ca6-fd65c7e5868c,invite,Void Tonhao Ede,Concluido,Worker-Bellum,Processado,Bellum,Tonhaoziinhow,Bellum
3c404406-0ff6-455e-8649-e9443016dadf,invite,Canalha Macloud,Concluido,Worker-Bellum,Processado,Bellum,Ark diamond,Vesperia
adc027f0-2df1-4a10-91a1-4f8fd380fedd,invite,Bicho Vai Pegar,Concluido,Worker-Auroria,Processado,Auroria,Manda Audiio,Bellum
07c04c97-2461-4173-990f-8207b7c2a86e,invite,Archer Obstined,Concluido,Worker-Auroria,Processado,Auroria,Angeelous,Bellum
3f9463cb-c13c-4bbe-906e-3b0d90c368e3,invite,Kinhoaol,Concluido,Worker-Auroria,Processado,Auroria,Kinhobad,Bellum
5aa184c5-1b0b-4bc8-b099-33e957dc52b2,invite,farmo auras,Concluido,Worker-Auroria,Processado,Auroria,Dediinho,Auroria
c7d7b242-4803-41e0-ab2e-e00c0c54223f,invite,Celestian Druid,Concluido,Worker-Auroria,Processado,Auroria,Vini,Bellum
d967de3a-2d7a-41e9-8586-90bafe0d6cc0,invite,Lady Beatrice,Concluido,Worker-Auroria,Processado,Auroria,Kaisa Caitlyn,Bellum
38963f4b-eb95-4819-966c-a9039f539411,invite,Everton Druid,Concluido,Worker-Auroria,Processado,Auroria,Feehalves,Tenebrium
03665d30-a6ab-49e2-af2e-dda341764376,invite,Admiral Zero,Concluido,Worker-Auroria,Processado,Auroria,Marshal Huckleberry,Auroria
d3a3a120-9f01-42af-a97e-4a81b3d05665,invite,Joe Vesper,Concluido,Worker-Vesperia,Processado,Vesperia,Chucky Babalao,Auroria
962df5da-d861-41b5-9825-0ec61e3f9bd4,invite,Thoreds Ferngale,Concluido,Worker-Vesperia,Processado,Vesperia,Abelha Perigosa,Vesperia
6a1f0853-9965-4cbb-8c70-ecf37e3ab9d9,invite,Murilin Cura Poco,Concluido,Worker-Vesperia,Processado,Vesperia,Raridade the boss,Vesperia
7072cccc-8322-4b81-8e27-b1d8409a0d30,invite,Thoreds Ferngale,Concluido,Worker-Vesperia,Processado,Vesperia,Abelha Perigosa,Vesperia
820ffe1f-1f36-4b15-9a20-9999993446df,invite,Thoreds Ferngale,Concluido,Worker-Vesperia,Processado,Vesperia,Abelha Perigosa,Vesperia
130211d0-0b50-431d-a2a1-982d8982d82b,invite,Rhankor,Concluido,Worker-Vesperia,Processado,Vesperia,Tetta,Bellum
308e3987-1ed3-43bb-b3e3-df9a7d46117f,invite,Tonhao Vesperiano,Concluido,Worker-Vesperia,Processado,Vesperia,Tonhaoziinhow,Bellum
579a65cf-50b8-4a55-9e7f-1b892f46e904,invite,Kedico Vesperia,Concluido,Worker-Vesperia,Processado,Vesperia,Doctor Craziiy,Auroria
2cdeb46a-afe5-4408-aa92-9d294c4e9c48,invite,Farra Maluko,Concluido,Worker-Vesperia,Processado,Vesperia,Angeelous,Bellum
aef2fef2-3324-4d33-916b-707d92df6c6e,invite,Ikora Blessed,Concluido,Worker-Vesperia,Processado,Vesperia,Ikora Queen,Vesperia
a4508b43-548f-4d4d-b968-f1774eba2ce2,invite,Sage Star,Concluido,Worker-Vesperia,Processado,Vesperia,Ikora Queen,Vesperia
beb44460-ece2-43fb-ba0d-c434f651cc89,invite,Aracozenho,Concluido,Worker-Vesperia,Processado,Vesperia,Araco King,Vesperia
e75cc1e5-97e8-44cb-8581-f0c05ca8b7f8,invite,Krayvem,Concluido,Worker-Vesperia,Processado,Vesperia,tayna showza,Vesperia
230da4aa-8fda-40d3-9fb8-bb2c36dddd45,invite,Drevony Tankmode,Concluido,Worker-Vesperia,Processado,Vesperia,Drevony Tankmode,Vesperia
31a55246-6146-4630-bbb4-1f719d9deec0,invite,Drevony Tankmode,Concluido,Worker-Vesperia,Processado,Vesperia,Drevony Bombao,Bellum
ac6f5df2-dc56-48d7-86d5-f3d58c3c1608,invite,Tonhao Vesperiano,Concluido,Worker-Vesperia,Processado,Vesperia,Tonhaoziinhow,Bellum
7bbb3729-25f2-4c22-b66e-9e7d489b6d12,invite,Ikora Blessed,Concluido,Worker-Vesperia,Processado,Vesperia,Ikora Queen,Vesperia
3c704cc0-c973-4e41-9635-d7d954747b9d,invite,Aracozenho,Concluido,Worker-Vesperia,Processado,Vesperia,Araco King,Vesperia
fcadf7d2-394a-41f6-aec6-f1d4cba3df8e,invite,Sage Star,Concluido,Worker-Vesperia,Processado,Vesperia,Ikora Queen,Vesperia
dd25d7b3-7c4a-46bf-be81-0560e235bbf2,invite,Rawyer,Concluido,Worker-Auroria,Processado,Auroria,The Fastshot,Auroria
84caf2e6-620a-473b-827e-cd837d1b6b23,invite,Hasbulla Salamaleco,Concluido,Worker-Auroria,Processado,Auroria,Hare Ogygia,Bellum
31a2c73c-ac88-4908-9df2-30ebf15197e3,invite,Heavenly Fist,Concluido,Worker-Auroria,Processado,Auroria,Azythar,Auroria
8b5fb49c-a1ab-4a0b-ac94-e445b18a4cad,invite,Yakut mago,Concluido,Worker-Auroria,Processado,Auroria,Bruninhoo,Auroria
d30c6c55-1665-4ef2-b39a-50e77c7a81e7,invite,Treino en aurora,Concluido,Worker-Auroria,Processado,Auroria,Megatrom,Vesperia
658b7771-3057-4129-8004-ad10722a62ce,invite,Archer Obstined,Concluido,Worker-Auroria,Processado,Auroria,Angeelous,Bellum
ab3c1ffd-cf2c-4177-a9c1-447a419a4910,invite,Pedro Xibatinha,Concluido,Worker-Auroria,Processado,Auroria,Jiuston tejas,Auroria
f1624d11-0f25-4195-8f92-6fe7a5489d91,invite,Cat Black Knight,Concluido,Worker-Auroria,Processado,Auroria,cat black ofc,Auroria
24777115-42a9-4606-9bd0-6972bf01d1da,invite,Chapeleiro Lutank,Concluido,Worker-Auroria,Processado,Auroria,Opziitoo Neverlight,Auroria
daa52a8a-2db7-450e-a3cf-0154a9a87714,invite,Trolzinho Ek,Concluido,Worker-Auroria,Processado,Auroria,Trolzinho,Auroria
4d48ff06-0754-4124-bc9e-997c4dcf4aab,invite,Archer Obstined,Concluido,Worker-Auroria,Processado,Auroria,Angeelous,Bellum
43ca23bc-1e66-48e2-9fd3-9943d4533f9b,invite,Bicho Ta Pegano,Concluido,Worker-Belaria,Processado,Belaria,Manda Audiio,Bellum
6380f719-2bb8-410f-9e46-7760ca3dc0f7,invite,Jack Of Shanera,Concluido,Worker-Belaria,Processado,Belaria,Camaell,Auroria
7e120c8e-a5d6-49c4-9576-1448ec3c78ab,invite,Hellzerd,Concluido,Worker-Belaria,Processado,Belaria,Joseziin Doido,Bellum
2ff81b88-2255-4c04-b4fa-fd4b1fa952f1,invite,Wanted Veloster,Concluido,Worker-Belaria,Processado,Belaria,Kinhobad,Bellum
05e5c1be-1374-45e8-b149-f04b21c00d80,invite,Squeruke On Belaria,Concluido,Worker-Belaria,Processado,Belaria,Dunklen,Bellum
29385ce3-9af7-497d-86ff-934c52aa8835,invite,Omagrinho,Concluido,Worker-Belaria,Processado,Belaria,PowerShot Bruto,Auroria
16820013-7916-49e6-a902-fa127c40b2a9,invite,Raiodesol,Concluido,Worker-Belaria,Processado,Belaria,Feehalves,Tenebrium
86964bd6-79d9-47aa-aa3d-28b8ac3d01fe,invite,Prostinoia,Concluido,Worker-Belaria,Processado,Belaria,Prikles Catarina,Vesperia
ed9e39b7-0df0-4368-aef9-a0549e1edb6b,invite,Entrega da Shein,Concluido,Worker-Belaria,Processado,Belaria,Iguinraxi,Bellum
2ac7fff9-a94b-4aad-ae0e-6b30e7740cc9,invite,Feuuzeira,Concluido,Worker-Belaria,Processado,Belaria,Marllin Masflam,Vesperia
525e7e3e-736e-4acb-9ddd-fa1766844aaf,invite,Tabuleiro do nortee,Concluido,Worker-Belaria,Processado,Belaria,Ponney lovewar,Vesperia
73def3d7-ba80-41de-8a98-1dc8f8bc15ad,invite,Scalyz Bomba,Concluido,Worker-Belaria,Processado,Belaria,Scalyz Ogygia,Bellum
b86bfaaa-e071-4251-9f81-5c1ebf92b5df,invite,Mago on Spectrum,Concluido,Worker-Belaria,Processado,Belaria,Adir Arka,Vesperia
84be00b2-470f-42dd-af4f-2c5e810dc85e,invite,Papato Varolero,Concluido,Worker-Belaria,Processado,Belaria,Lady Galadriiel,Vesperia
e05a85f0-89aa-4afc-a133-6af6c758ee49,invite,Omagrinho,Concluido,Worker-Belaria,Processado,Belaria,PowerShot Bruto,Auroria
194213cb-681e-46a0-8e3b-be464e3cfbc6,invite,Barbixa Deathrow,Concluido,Worker-Belaria,Processado,Belaria,Barbasz,Vesperia
867a89dd-2509-4038-b48c-562f224c68d3,invite,Omagrinho,Concluido,Worker-Belaria,Processado,Belaria,Powershot Bruto,Auroria
5f8f79ed-6471-49ab-b30e-cf97949ac194,invite,Elemento Infernal,Concluido,Worker-Belaria,Processado,Belaria,Coutintanka,Vesperia
5bdd5f3f-d4eb-4a49-805b-09cef31c0919,invite,Sante,Concluido,Worker-Bellum,Processado,Bellum,Felipinho Boladinho,Bellum
d16be7b1-5e32-4715-8aa9-c9cedad6be50,invite,Biscato,Concluido,Worker-Bellum,Processado,Bellum,Brisa curta,Bellum
9dff5e8e-0383-4047-9fe1-748af38fa454,invite,Leo Quentao,Concluido,Worker-Bellum,Processado,Bellum,Camaell,Auroria
ba8186fc-63ee-428e-a8fa-fbf9db81e384,invite,Nephian Darksoul,Concluido,Worker-Bellum,Processado,Bellum,Kung Jin,Bellum
529ce83c-1b01-4ed9-9e02-5882f289ad9b,invite,Guelito Abravanel,Concluido,Worker-Bellum,Processado,Bellum,Mudengo,Bellum
dde6220a-d21b-40eb-8e87-9a8ecfb348e4,invite,Miller Franca,Concluido,Worker-Bellum,Processado,Bellum,PowerShot Bruto,Auroria
b8d12986-61be-49b9-b262-6f6d237cc8ac,invite,Artyz Kiler,Concluido,Worker-Bellum,Processado,Bellum,dediinho,Auroria
34f54ab1-2645-4240-85d6-253c5eebd309,invite,King Stano,Concluido,Worker-Bellum,Processado,Bellum,Kaisa Caitlyn,Bellum
420719ff-fcdc-4aea-96d6-ec41d09c38d2,invite,Tuczin,Concluido,Worker-Bellum,Processado,Bellum,Chucky Babalao,Auroria
d1c58404-5021-43d4-a298-c0396907c865,invite,Eyes of Eagle,Concluido,Worker-Bellum,Processado,Bellum,Sildekiinhow,Bellum
2511f938-29ee-4e81-858b-42195324e9da,invite,Mega Mago,Concluido,Worker-Bellum,Processado,Bellum,Megatrom,Vesperia
b53493bc-aad4-47fa-8a3d-499aae7aadfe,invite,Miller Franca,Concluido,Worker-Bellum,Processado,Bellum,PowerShot Bruto,Auroria
ca53d444-8ce9-4df4-b679-b198311bfb17,invite,Bicho Vai Pegar,Concluido,Worker-Vesperia,Processado,Auroria,Manda Audiio,Bellum
863a8ee8-d493-4b57-ba5d-2ac02c8bbc94,invite,Archer Obstined,Concluido,Worker-Auroria,Processado,Auroria,Angeelous,Bellum
8d739e6a-ef83-4d44-8b02-81d201ff195c,invite,Kinhoaol,Concluido,Worker-Auroria,Processado,Auroria,Kinhobad,Bellum
7da29c16-a964-4870-acca-015d66fb8bed,invite,farmo auras,Concluido,Worker-Auroria,Processado,Auroria,Dediinho,Auroria
373ca7f0-085f-4311-9b21-277037519614,invite,Celestian Druid,Concluido,Worker-Auroria,Processado,Auroria,Vini,Bellum
da34222f-cf40-4e51-ae9a-65b0a22f2f18,invite,Lady Beatrice,Concluido,Worker-Auroria,Processado,Auroria,Kaisa Caitlyn,Bellum
4aed050d-0612-4a72-81a4-d96bcb77a361,invite,Everton Druid,Concluido,Worker-Auroria,Processado,Auroria,Feehalves,Tenebrium
fcbcc5ba-97c8-4d05-972c-c78cb02ab024,invite,Admiral Zero,Concluido,Worker-Auroria,Processado,Auroria,Marshal Huckleberry,Auroria
0475ddcf-538d-4651-89db-bb5bab39225a,invite,Rawyer,Concluido,Worker-Auroria,Processado,Auroria,The Fastshot,Auroria
bafb778c-d30a-4965-af7a-fd33c79b9995,invite,Hasbulla Salamaleco,Concluido,Worker-Auroria,Processado,Auroria,Hare Ogygia,Bellum
43274843-be0e-4b7a-adde-acb1c1004a86,invite,Heavenly Fist,Concluido,Worker-Auroria,Processado,Auroria,Azythar,Auroria
05fa78cf-04f8-4dcf-a127-7059054df1c1,invite,Yakut mago,Concluido,Worker-Auroria,Processado,Auroria,Bruninhoo,Auroria
c6c3c1ed-6d5f-4a1a-be58-e6f132e951d2,invite,Treino en aurora,Concluido,Worker-Auroria,Processado,Auroria,Megatrom,Vesperia
c8ebb472-f455-4c71-8b85-b3783b734d9e,invite,Archer Obstined,Concluido,Worker-Auroria,Processado,Auroria,Angeelous,Bellum
0ab66479-8f19-43f4-9b81-7df59f62e7e3,invite,Pedro Xibatinha,Concluido,Worker-Auroria,Processado,Auroria,Jiuston tejas,Auroria
13dd91ef-6f91-49a9-ba47-ff1348877fb3,invite,Cat Black Knight,Concluido,Worker-Auroria,Processado,Auroria,cat black ofc,Auroria
e1455830-f465-4f68-a9a3-4c21fa1e5538,invite,Chapeleiro Lutank,Concluido,Worker-Auroria,Processado,Auroria,Opziitoo Neverlight,Auroria
b63f2d4a-61e5-4d05-b769-7082f95e5f49,invite,Trolzinho Ek,Concluido,Worker-Auroria,Processado,Auroria,Trolzinho,Auroria
dff00117-4cb0-4cb0-a27c-b02fad771a28,invite,Archer Obstined,Concluido,Worker-Auroria,Processado,Auroria,Angeelous,Bellum
17999457-51ea-4fa5-ad1d-70d94400bf52,invite,Owlcoruja Ksfull,Concluido,Worker-Auroria,Processado,Auroria,The Fastshot,Auroria
9d4ec844-276a-4c8b-b87b-c1b563c748c4,invite,Ayerugin,Concluido,Worker-Auroria,Processado,Auroria,Holographic,Auroria
c2828e35-00dd-4fd7-9d16-1e4547d4a06e,invite,Chapeleiro Magico,Concluido,Worker-Auroria,Processado,Auroria,Dark Vil,Auroria
a741e815-99a2-487e-b5aa-9c122e8e6288,invite,Lucaas Henrique,Concluido,Worker-Auroria,Processado,Auroria,Sildekiinhow,Auroria
7fb89381-902f-47cc-9d19-a2f2b762629b,invite,Bicho Ta Pegano,Concluido,Worker-Auroria,Processado,Belaria,Manda Audiio,Bellum
a473bee4-56a3-4499-b502-2894a82969c1,invite,Igao Tres,Concluido,Worker-Vesperia,Processado,Vesperia,Joseziin doido,Bellum
af5f6b28-bac4-4907-b838-4637b09927c3,invite,Anisosa,Concluido,Worker-Vesperia,Processado,Vesperia,PowerShot Bruto,Auroria
b625e338-1f19-4a87-bae3-1f85fddeb3fa,invite,Ed Cabulo,Concluido,Worker-Vesperia,Processado,Vesperia,dediinho,Auroria
b4af3326-91a9-412c-a12f-8140344f1552,invite,Renekton Ultimate,Concluido,Worker-Vesperia,Processado,Vesperia,Kaisa Caitlyn,Bellum
6ab8cb7f-d51f-4181-a2c7-6aeccaa67cea,invite,Kapa Kamikaze,Concluido,Worker-Vesperia,Processado,Vesperia,Feehalves,Tenebrium
1242af67-e69b-42d6-82cc-9704826dc430,invite,Renekton Ultimate,Concluido,Worker-Vesperia,Processado,Vesperia,Kaisa Caitlyn,Bellum
ee68117f-fbd4-41e3-8270-63e1f3075076,invite,Baby James,Concluido,Worker-Vesperia,Processado,Vesperia,Hare Ogygia,Bellum
2ae1d0a7-9085-4909-a5c1-772c76b398ac,invite,Luffy gear second,Concluido,Worker-Vesperia,Processado,Vesperia,Scalyz Ogygia,Bellum
49aa035f-4478-4bfe-8a12-e0d49e74aa36,invite,Anisosa,Concluido,Worker-Vesperia,Processado,Vesperia,PowerShot Bruto,Auroria
e08dbbd9-7da9-498f-a7c2-e379fd90823c,invite,Anisosa,Concluido,Worker-Vesperia,Processado,Vesperia,Powershot Bruto,Auroria
292a90ac-73d1-416d-bf56-2b316b9d16d9,invite,Jack Of Shanera,Concluido,Worker-Belaria,Processado,Belaria,Camaell,Auroria
1992cddf-d482-4759-90eb-969ae7f8fc96,invite,Hellzerd,Concluido,Worker-Belaria,Processado,Belaria,Joseziin Doido,Bellum
37d208d2-ef73-4667-8198-7a9797e08674,invite,Wanted Veloster,Concluido,Worker-Belaria,Processado,Belaria,Kinhobad,Bellum
d028bb73-a87e-4070-a88f-48979582fc84,invite,Squeruke On Belaria,Concluido,Worker-Belaria,Processado,Belaria,Dunklen,Bellum
24e62be5-f32f-41ed-9ab9-82e91b06128b,invite,Omagrinho,Concluido,Worker-Belaria,Processado,Belaria,PowerShot Bruto,Auroria
66404365-6f9e-4445-8835-8ab203dd51bc,invite,Raiodesol,Concluido,Worker-Belaria,Processado,Belaria,Feehalves,Tenebrium
6ea5acc3-7218-4c58-bd6e-92df19a773a9,invite,Prostinoia,Concluido,Worker-Belaria,Processado,Belaria,Prikles Catarina,Vesperia
f8b99ffb-d3a2-4055-a860-982a00a53ad7,invite,Entrega da Shein,Concluido,Worker-Belaria,Processado,Belaria,Iguinraxi,Bellum
27593fad-2aa6-4df1-b3d7-0cbf2ae2664c,invite,Feuuzeira,Concluido,Worker-Belaria,Processado,Belaria,Marllin Masflam,Vesperia
13642fd0-e265-4397-9a28-b272c09dee34,invite,Tabuleiro do nortee,Concluido,Worker-Belaria,Processado,Belaria,Ponney lovewar,Vesperia
319b4814-c47d-4982-b313-a5dce73319a7,invite,Scalyz Bomba,Concluido,Worker-Belaria,Processado,Belaria,Scalyz Ogygia,Bellum
c63172e6-c615-42aa-9249-e885ace455fd,invite,Mago on Spectrum,Concluido,Worker-Belaria,Processado,Belaria,Adir Arka,Vesperia
84ced9bc-fed4-4dae-af76-d5c21a85c0db,invite,Papato Varolero,Concluido,Worker-Belaria,Processado,Belaria,Lady Galadriiel,Vesperia
250e2cd9-af83-4f83-8847-bbfc7daf65fb,invite,Omagrinho,Concluido,Worker-Belaria,Processado,Belaria,PowerShot Bruto,Auroria
a0664277-51ce-4b4b-bd48-8b9f629e698f,invite,Barbixa Deathrow,Concluido,Worker-Belaria,Processado,Belaria,Barbasz,Vesperia
5ff35b5b-8169-4544-ad9d-27e3af36a0c1,invite,Omagrinho,Concluido,Worker-Belaria,Processado,Belaria,Powershot Bruto,Auroria
94259c17-4949-464a-9e21-df80b337184f,invite,Elemento Infernal,Concluido,Worker-Belaria,Processado,Belaria,Coutintanka,Vesperia
09d66a29-cb78-4d5a-9dda-975cde800892,invite,Dasher Strike,Concluido,Worker-Belaria,Processado,Belaria,Sildekiinhow,Bellum
002d2d94-d5f2-4d0e-b862-3e99fcf42a29,invite,Tired Theuszz,Concluido,Worker-Auroria,Processado,Auroria,Auroria,Finardi_
e6087f05-d627-4b0b-b8f4-45c2a86882ff,invite,Yanami,Concluido,Worker-Auroria,Processado,Auroria,Auroria,eukaiou
4663c6a9-d35a-4075-9814-7f745cd75ca7,invite,Yanami,Concluido,Worker-Auroria,Processado,Auroria,Auroria,Cat Black Ofc
3fd38ed3-12e4-49c9-8047-3fd5e3bdb358,invite,Duskzera,Concluido,Worker-Auroria,Processado,Auroria,Auroria,Camaell
1a0e65f5-9fb5-4a3c-b1e7-4b79a50b6294,invite,Vinizsz,Concluido,Worker-Auroria,Processado,Auroria,Auroria,Vinizsz
0e92292c-d30a-4083-9614-5a1ac294be50,invite,Panda Amaespeciais,Concluido,Worker-Auroria,Processado,Auroria,Auroria,Nietzschee
acf33897-bd1f-4a39-862e-a3111f639f0e,invite,Lady Bridgerton,Concluido,Worker-Auroria,Processado,Auroria,Auroria,Giba MS
31a4057b-02ea-4cb2-8090-b97ed47548b5,invite,Tired Theuszz,Concluido,Worker-Auroria,Processado,Auroria,Auroria,Finardi_
f89a55a1-788c-40e2-9a90-ca668d4f3158,invite,High Class,Concluido,Worker-Auroria,Processado,Auroria,Bellum,Badassz
9cbe8d21-3fef-45a7-99f8-506690b021ed,invite,Xandao lokoo,Concluido,Worker-Auroria,Processado,Auroria,Bellum,Slap onthe Panther
ce1795aa-d4fd-486f-a044-134a60c3c838,invite,Panda Amaespeciais,Concluido,Worker-Auroria,Processado,Auroria,Auroria,Nietzschee
143edd34-3108-46bb-9981-ce3e3f34ac8f,invite,Valcron,Concluido,Worker-Auroria,Processado,Auroria,Auroria,RenanzerAA
656f71bb-d265-422c-b60b-b04a9dae105b,invite,Nami Druida,Concluido,Worker-Belaria,Processado,Belaria,Bellum,Thaymison
c80ab6cb-1bb5-4436-9218-91409a6f23ad,invite,Esposa Trofeu,Concluido,Worker-Belaria,Processado,Belaria,Auroria,Ziig Zag
6b7b1e6f-d27e-4b4a-a3b9-d0aa075aa575,invite,Lost Ride,Concluido,Worker-Belaria,Processado,Belaria,Bellum,Barash
d688cc2c-d542-4a9d-9b40-8fbbcec74ff4,invite,Elemento Infernal,Concluido,Worker-Belaria,Processado,Belaria,Vesperia,Coutinho
44410636-a3b5-4c9f-929b-4a71644f2d03,invite,Essesvaocair,Concluido,Worker-Belaria,Processado,Belaria,Belaria,vamoqvamo
5cea5635-91e6-44b1-a252-db8a300e18c8,invite,Lost Ride,Concluido,Worker-Belaria,Processado,Belaria,Bellum,Barash
f214b594-edb6-44aa-a0d5-a115e07c29f3,invite,Malbec Vert,Concluido,Worker-Belaria,Processado,Belaria,Belaria,Badassz
24c8af4c-7d58-4250-af9a-73ff26a8c99d,invite,Bomba leath,Concluido,Worker-Belaria,Processado,Belaria,Bellum,Slap onthe Panther
10c2fd49-d020-4a5a-b997-119ba3f47eca,invite,Sante,Concluido,Worker-Auroria,Processado,Bellum,Felipinho Boladinho,Bellum
39d6db99-74cc-479d-8e80-208f2c5929a4,invite,Biscato,Concluido,Worker-Bellum,Processado,Bellum,Brisa curta,Bellum
3a9bd668-3e53-430c-84f0-81e13334b49c,invite,Leo Quentao,Concluido,Worker-Bellum,Processado,Bellum,Camaell,Auroria
c2d29f0d-7b67-4d06-ab3c-542a58817393,invite,Nephian Darksoul,Concluido,Worker-Bellum,Processado,Bellum,Kung Jin,Bellum
7e4f3cba-2e13-4b1c-8b92-04069ba86614,invite,Guelito Abravanel,Concluido,Worker-Bellum,Processado,Bellum,Mudengo,Bellum
8e8983be-a48b-4887-8eec-a9d89d973a79,invite,Miller Franca,Concluido,Worker-Bellum,Processado,Bellum,PowerShot Bruto,Auroria
9e785df1-6224-4b97-bdc5-0e255a64bf49,invite,Artyz Kiler,Concluido,Worker-Bellum,Processado,Bellum,dediinho,Auroria
6ef10d22-51d4-4dd2-ba0f-025055720c3a,invite,King Stano,Concluido,Worker-Bellum,Processado,Bellum,Kaisa Caitlyn,Bellum
5fd065ba-e537-4db7-8a31-ce1a340ae565,invite,Tuczin,Concluido,Worker-Bellum,Processado,Bellum,Chucky Babalao,Auroria
9eb6349b-e181-41ba-a00d-ed5719dde68d,invite,Eyes of Eagle,Concluido,Worker-Bellum,Processado,Bellum,Sildekiinhow,Bellum
4bd6fd58-af80-4e82-b22b-0e0131921a21,invite,Mega Mago,Concluido,Worker-Bellum,Processado,Bellum,Megatrom,Vesperia
e59dbe4f-cb02-41c2-9862-a5fb5df069a8,invite,Miller Franca,Concluido,Worker-Bellum,Processado,Bellum,PowerShot Bruto,Auroria
d2baef6f-ceb2-4a2d-b425-6f2ae4337c63,invite,Sir Neol,Concluido,Worker-Bellum,Processado,Bellum,Auroria,Finardi_
9b95ef8e-1768-44ec-b8e0-791d0e38df97,invite,Caipirapora,Concluido,Worker-Bellum,Processado,Bellum,Auroria,Chriss Stars 
8d799168-fe17-4b68-85c4-08f070d4a629,invite,Erick Fernandes,Concluido,Worker-Bellum,Processado,Bellum,Auroria,eukaiou
b15152d1-6ae1-4dc7-8f2e-bec2f34e9651,invite,Eo Frank,Concluido,Worker-Bellum,Processado,Bellum,Auroria,Ziig Zag
3226e405-753b-4b59-9e4f-4dabe1ad6ba1,invite,Kario The King,Concluido,Worker-Bellum,Processado,Bellum,Bellum,fear; 
371a219a-9098-4fec-8554-1e44f6d897d1,invite,Eosgury,Concluido,Worker-Bellum,Processado,Bellum,Bellum,Boomy
ebbfa305-9980-45fa-b388-65d8f492e0c7,invite,Korean lieutenant,Concluido,Worker-Bellum,Processado,Bellum,Auroria,Fuzzy
b63c762e-ed91-45a3-9193-bf14aad21f95,invite,Eo Frank,Concluido,Worker-Bellum,Processado,Bellum,Auroria,Ziig Zag
66e76930-230f-4af0-93b3-228bd6309b68,invite,Olaff the Farm,Concluido,Worker-Bellum,Processado,Bellum,Bellum,Rabreuzin
80cdc4b1-df07-4555-95ab-ea73504cafc9,invite,Nahfiro,Concluido,Worker-Bellum,Processado,Bellum,Bellum,Cascao Tattoo
6f9ee3ec-9d55-4320-a984-79a8da94dc44,invite,Olaff The Farm,Concluido,Worker-Bellum,Processado,Bellum,Bellum,Rabreuzin
d19fab0c-e50e-4e9c-8319-c56339c399b3,invite,Purehemp,Concluido,Worker-Bellum,Processado,Bellum,Tenebrium,Rashzika Sjpteam
2642b134-2bb0-4e03-887b-6093a80ba4fc,invite,Sir Neol,Concluido,Worker-Bellum,Processado,Bellum,Auroria,Finardi_
0af9b9cb-20a3-4969-9035-12d8d46ef191,invite,Dash Infinito,Concluido,Worker-Bellum,Processado,Bellum,Bellum,Badassz
5803d9d6-4cb6-4882-8671-1f9e6f82eb7e,invite,Lord Foxz,Concluido,Worker-Bellum,Processado,Bellum,Auroria,Brenner Lola Palloza
4f5f9afe-e614-4813-a396-65630a2b5933,invite,Kario The King,Concluido,Worker-Bellum,Processado,Bellum,Bellum,fear; 
11b30992-13b8-4a64-b52a-ed8e04e70995,invite,Kedico Tenebrium,Concluido,Worker-Vesperia,Processado,Tenebrium,Doctor Craziiy,Auroria
2dff65f6-5ddf-4435-8e5c-8ef6df4aabe5,invite,Arx Aplica Lei,Concluido,Worker-Tenebrium,Processado,Tenebrium,Angeelous,Bellum
95ea37c1-4204-4ecb-a82d-aba3730d9c6b,invite,Big Tiikeraa,Concluido,Worker-Tenebrium,Processado,Tenebrium,True Zangetsu,Vesperia
dafdb030-a955-4f51-8f49-cc3a59ac0254,invite,Dogg Old Pvp,Concluido,Worker-Tenebrium,Processado,Tenebrium,Brutall Knight,Belaria
2c0c49cd-99d4-406a-837b-8f302d409fd5,invite,Tininh death row,Concluido,Worker-Tenebrium,Processado,Tenebrium,Pepper Shaw,Vesperia
f826e675-ba5b-44d1-acb0-b83110f87fec,invite,Wax Fast Hands,Concluido,Worker-Tenebrium,Processado,Tenebrium,Notorious Evill,Auroria
9ed6d1d3-75a0-4fe4-bc5e-1c6a0d6dbab4,invite,Mage Bombz,Concluido,Worker-Tenebrium,Processado,Tenebrium,Tonhaoziinhow,Bellum
5735a275-782e-4a2c-9581-fa53c0a31613,invite,Anisosa,Concluido,Worker-Vesperia,Processado,Vesperia,PowerShot Bruto,Auroria
edd50da9-a671-427f-ba10-d0828509a80c,invite,Ed Cabulo,Concluido,Worker-Vesperia,Processado,Vesperia,dediinho,Auroria
29662bec-7b40-4560-8347-dcb249428159,invite,Renekton Ultimate,Concluido,Worker-Vesperia,Processado,Vesperia,Kaisa Caitlyn,Bellum
168d79f2-ef64-40d0-a0e4-08cbc2876a80,invite,Kapa Kamikaze,Concluido,Worker-Vesperia,Processado,Vesperia,Feehalves,Tenebrium
c64ccc89-2e97-428e-9d24-39e73f3e6cf2,invite,Renekton Ultimate,Concluido,Worker-Vesperia,Processado,Vesperia,Kaisa Caitlyn,Bellum
8a399261-76f8-41e6-8cd6-99a2770916ec,invite,Baby James,Concluido,Worker-Vesperia,Processado,Vesperia,Hare Ogygia,Bellum
e6db1056-a77f-4be4-9e4f-ed699e2ced90,invite,Luffy gear second,Concluido,Worker-Vesperia,Processado,Vesperia,Scalyz Ogygia,Bellum
3459f19c-0004-4ed9-8192-1911b5974504,invite,Anisosa,Concluido,Worker-Vesperia,Processado,Vesperia,PowerShot Bruto,Auroria
b3e79799-6bc5-47a7-8c14-15e1ef1f98b0,invite,Anisosa,Concluido,Worker-Vesperia,Processado,Vesperia,Powershot Bruto,Auroria
b6c75bde-38c6-43d9-a2bb-53bc82d2fd3c,invite,Elder Jazk,Concluido,Worker-Vesperia,Processado,Vesperia,Sildekiinhow,Bellum
cc3a2c04-56c7-4f10-b83a-2b050caaa831,invite,Petista Nato,Concluido,Worker-Tenebrium,Processado,Tenebrium,Biel Negativado,Bellum
cb09b0fa-b6e0-414e-8ab8-3678beb3ce77,invite,Lirilin,Concluido,Worker-Tenebrium,Processado,Tenebrium,Camaell,Auroria
0542dd6a-fd52-4e99-8c35-a6d02c352d94,invite,Slimzz,Concluido,Worker-Tenebrium,Processado,Tenebrium,Manda Audiio,Bellum
20d8791b-d54d-4084-8981-ae2752c29752,invite,Oh Justiceiro,Concluido,Worker-Tenebrium,Processado,Tenebrium,PowerShot Bruto,Auroria
2cc4871d-b584-41e1-969a-8c926b03aa58,invite,Ed Hards,Concluido,Worker-Tenebrium,Processado,Tenebrium,dediinho,Auroria
ed139986-17b0-4ddf-83ae-7c3beae49928,invite,Ksant Ultimate,Concluido,Worker-Tenebrium,Processado,Tenebrium,Kaisa Caitlyn,Bellum
6305333d-0148-4f9d-8efa-d86ac9936f7c,invite,Fnc On Tenebrium,Concluido,Worker-Tenebrium,Processado,Tenebrium,Feehalves,Tenebrium
dc309609-a574-411f-9fe8-1e355e78fb51,invite,Neol Hiperativo,Concluido,Worker-Tenebrium,Processado,Tenebrium,Chucky Babalao,Auroria
854f286f-f0e0-4f8b-8b78-58c974c1d2eb,invite,Arxx Aplica Lei,Concluido,Worker-Tenebrium,Processado,Tenebrium,Angeelous,Tenebrium
2cce2c3a-df75-4622-8e4b-cd29e0d37fa8,invite,Sevenzerah,Concluido,Worker-Tenebrium,Processado,Tenebrium,Iguinraxi,Bellum
0d4e7a7c-74d2-4cb3-b713-779d4dc13eeb,invite,Yuri Maker,Concluido,Worker-Tenebrium,Processado,Tenebrium,Sildekiinhow,Bellum
bd7e1fbf-55f2-49f0-bd53-611d6e769d17,invite,Neutro Boladao,Concluido,Worker-Tenebrium,Processado,Tenebrium,Megatrom,Vesperia
e5dc4bd8-78b3-48ff-95b5-b0f6bf23962f,invite,Ton Riddle,Concluido,Worker-Tenebrium,Processado,Tenebrium,Lady Galadriiel,Vesperia
ac643ad0-1a09-44e3-a06b-414f4e41319c,invite,Tininh death row,Concluido,Worker-Tenebrium,Processado,Tenebrium,Pepper Shaw,Vesperia
735a4a1f-3442-4fd4-a2cb-790b69a99f7d,invite,Oh Justiceiro,Concluido,Worker-Tenebrium,Processado,Tenebrium,Powershot Bruto,Auroria
8678e0be-c204-486f-82ec-3cbab937a23b,invite,Tininh death row,Concluido,Worker-Tenebrium,Processado,Tenebrium,Pepper Shaw,Vesperia
44c7bb2b-6975-400b-81cf-a90182fa0c13,invite,Arxx Aplica Lei,Concluido,Worker-Tenebrium,Processado,Tenebrium,Angeelous,Bellum
e1e2fd16-23ee-446e-b001-070656fa171f,invite,Lirilin,Concluido,Worker-Tenebrium,Processado,Tenebrium,Camaell,Auroria
e32e941e-bf24-4db6-9019-d7d9d5ef9dfa,invite,Slimzz,Concluido,Worker-Tenebrium,Processado,Tenebrium,Manda Audiio,Bellum
a228e595-d0ea-47ab-bbfc-fe7e7677544b,invite,Oh Justiceiro,Concluido,Worker-Tenebrium,Processado,Tenebrium,PowerShot Bruto,Auroria
55cc55f1-5427-47b1-828b-0ee52af0210a,invite,Ed Hards,Concluido,Worker-Tenebrium,Processado,Tenebrium,dediinho,Auroria
705114bb-975f-43e3-a585-7df6d3a9d3c8,invite,Ksant Ultimate,Concluido,Worker-Tenebrium,Processado,Tenebrium,Kaisa Caitlyn,Bellum
8aaa463d-8647-488e-8cca-ffda00323220,invite,Fnc On Tenebrium,Concluido,Worker-Tenebrium,Processado,Tenebrium,Feehalves,Tenebrium
564c821e-cf1a-4421-a604-be537c42510e,invite,Neol Hiperativo,Concluido,Worker-Tenebrium,Processado,Tenebrium,Chucky Babalao,Auroria
abb3ef9f-8bfe-458f-aaf9-e964c41194a3,invite,Arxx Aplica Lei,Concluido,Worker-Tenebrium,Processado,Tenebrium,Angeelous,Tenebrium
9effd1f1-c27c-42f7-a8c1-53280644d32c,invite,Sevenzerah,Concluido,Worker-Tenebrium,Processado,Tenebrium,Iguinraxi,Bellum
66926fc7-153e-4946-9676-5a7f9c34829c,invite,Yuri Maker,Concluido,Worker-Tenebrium,Processado,Tenebrium,Sildekiinhow,Bellum
3c20fec2-33a5-4db4-985a-c76e142f16ed,invite,Neutro Boladao,Concluido,Worker-Tenebrium,Processado,Tenebrium,Megatrom,Vesperia
8e3c0002-cd22-4060-b899-3f027f1eaebc,invite,Ton Riddle,Concluido,Worker-Tenebrium,Processado,Tenebrium,Lady Galadriiel,Vesperia
79aaa8a9-b745-4f9a-ac6e-cf3f0c25c388,invite,Tininh death row,Concluido,Worker-Tenebrium,Processado,Tenebrium,Pepper Shaw,Vesperia
78922542-0112-4245-91db-41cdd34dc212,invite,Oh Justiceiro,Concluido,Worker-Tenebrium,Processado,Tenebrium,Powershot Bruto,Auroria
0ebfd65c-f72c-434c-8e62-a78eeb5ed699,invite,Tininh death row,Concluido,Worker-Tenebrium,Processado,Tenebrium,Pepper Shaw,Vesperia
f2c08ec9-2a92-40d7-b3d7-fb54a118a3e1,invite,Arxx Aplica Lei,Concluido,Worker-Tenebrium,Processado,Tenebrium,Angeelous,Bellum
e87769dd-a141-42c7-a1c1-089fb032ed19,invite,Arxx Aplica Lei,Concluido,Worker-Tenebrium,Processado,Tenebrium,Angeelous,Bellum
e1ac73f8-1b8e-4144-ad95-104c75f76a71,invite,Yuri Maker,Concluido,Worker-Tenebrium,Processado,Tenebrium,Sildekiinhow,Bellum
3a55b509-f711-4c81-ba18-c3cd8581780e,invite,Healpluses,Concluido,Worker-Tenebrium,Processado,Tenebrium,Auroria,Finardi_
4221b9a4-794c-4280-97ab-e3f9815a3c31,invite,Cryspim stars,Concluido,Worker-Tenebrium,Processado,Tenebrium,Auroria,Chriss Stars 
7ed4c960-311d-4ed1-89b7-fe6ba7775c1f,invite,Yundix,Concluido,Worker-Tenebrium,Processado,Tenebrium,Vesperia,Chris1703
85493406-703c-45b2-b750-71bc601510c5,invite,Ikus,Concluido,Worker-Tenebrium,Processado,Tenebrium,Bellum,Careca
1c200342-2a84-4eb7-9a59-251bb78cf0e8,invite,Arxx Aplica Lei,Concluido,Worker-Tenebrium,Processado,Tenebrium,Bellum,Angeelous 
f3a1350d-aa50-4217-8ccb-2362ff6b94f4,invite,Jacare Reido Tormentum,Concluido,Worker-Tenebrium,Processado,Tenebrium,Auroria,Ziig Zag
2e86e7a4-2356-424f-99c9-20cb16a2bbbe,invite,Neol Hiperativo,Concluido,Worker-Tenebrium,Processado,Tenebrium,Auroria,Chucky
5e0fe857-12a9-40b9-b2a9-b02a32ac2f19,invite,Jacare Reido Tormentum,Concluido,Worker-Tenebrium,Processado,Tenebrium,Auroria,Ziig Zag
789faf1f-3dc9-483b-9a33-be1ec64032ed,invite,Rashzika Sjpteam,Concluido,Worker-Tenebrium,Processado,Tenebrium,Tenebrium,Rashzika Sjpteam
029f230a-bbf4-4d1c-a316-509ae291d635,invite,Finin De Bomdia,Concluido,Worker-Tenebrium,Processado,Tenebrium,Tenebrium,Rashzika Sjpteam
735147ed-b115-4529-b618-f14e42957770,invite,Healpluses,Concluido,Worker-Tenebrium,Processado,Tenebrium,Auroria,Finardi_
b620614e-a2a2-41be-bbe2-56049a6492dc,invite,Druid For Paralyzer,Concluido,Worker-Tenebrium,Processado,Tenebrium,Bellum,Badassz
b6b3705a-82f1-430a-97ef-643c90d7e874,invite,Cansadito Nu Pelego,Concluido,Worker-Tenebrium,Processado,Tenebrium,Tenebrium,Cascao Tattoo
43898824-1d6c-47d7-9cb1-dff02d044fd3,invite,Hellma Maria ,Concluido,Worker-Tenebrium,Processado,Tenebrium,Bellum,Slap onthe Panther
6f433fc1-283d-45fa-b360-eec898e3bb99,invite,Hellma maria,Concluido,Worker-Tenebrium,Processado,Tenebrium,Bellum,Slap onthe Panther
7be2a2f4-3ce9-407a-8529-f6f9e0b97c6e,invite,Igao Tres,Concluido,Worker-Vesperia,Processado,Vesperia,Joseziin doido,Bellum
7ff9d23e-d7de-460b-9f61-f9ee8526e2c5,invite,Frust Troll,Concluido,Worker-Vesperia,Processado,Vesperia,Vesperia,Kabuloso
e07f93fc-3b7e-4a28-8217-0c6bd6cd60df,invite,Juzzy,Concluido,Worker-Vesperia,Processado,Vesperia,Auroria,Assassin Starc
9a1bd604-bfb9-4594-8207-572620bbec7c,invite,Vesperia Doidao,Concluido,Worker-Vesperia,Processado,Vesperia,Auroria,Ziig Zag
6e487400-dd02-4aeb-b55d-10d72f587a96,invite,Bobylee,Concluido,Worker-Vesperia,Processado,Vesperia,Vesperia,Kolombiano
87f7a404-7b52-4ddb-90d7-98de701e913f,invite,Fynno,Concluido,Worker-Vesperia,Processado,Vesperia,Vesperia,Ben Obrigado Eng
20190c30-180c-421d-9acc-8390069f2da6,invite,Vamovespsup,Concluido,Worker-Vesperia,Processado,Vesperia,Vesperia,vamoqvamo
730c52cc-2378-4240-92ab-1a35be43c1a6,invite,Chocolatito Dulce,Concluido,Worker-Vesperia,Processado,Vesperia,Vesperia,Cascao Tattoo
f3d1c06c-365f-442d-ae79-c039a435315b,invite,Pao De Vaca,Concluido,Worker-Vesperia,Processado,Vesperia,Bellum,Badassz
854907d8-56c8-447d-899a-2e13c7e72508,invite,Celebridadee,Concluido,Worker-Vesperia,Processado,Vesperia,Bellum,Slap onthe Panther
bd3ccdbc-c8e7-4d7f-a2c4-08598e7b9fe0,invite,Bazuko Masacre,Concluido,Worker-Tenebrium,Processado,Auroria,Coffeesz,Auroria
ebd58ac0-0667-4089-8a62-b5040c1ade11,invite,Kaako The vidro ,Concluido,Worker-Auroria,Processado,Auroria,Don Kaako ,Bellum
214899c0-74aa-44d7-a4af-ede8df5a1f77,invite,Dona Creusa,Concluido,Worker-Auroria,Processado,Auroria,Wyster Macae,Tenebrium
405a7168-77d0-46cc-bcd4-f5b13b016c23,invite,daans monk,Concluido,Worker-Auroria,Processado,Auroria,tonhao pedrada,Auroria
e88e12c5-1c27-4c24-be05-e69a80637206,invite,Druid Curando,Concluido,Worker-Auroria,Processado,Auroria,Will The Bruxo,Bellum
5ca49cda-805a-4919-8106-706c02a8d16a,invite,Junin Tryhard,Concluido,Worker-Belaria,Processado,Belaria,Cachorro on Vesperia,Vesperia
1f536730-99ac-4f5a-9942-70a23aa2295d,invite,Zaira Ravena,Concluido,Worker-Belaria,Processado,Belaria,Kadog Returns,Tenebrium
371ee6a7-87a5-4be4-9a43-8159f5013a3c,invite,Kaako The sorcerer ,Concluido,Worker-Belaria,Processado,Belaria,Don kaako,Bellum
4e3ffdf2-acbd-4d9b-b963-1841f8cd841d,invite,Soninha Cusket,Concluido,Worker-Belaria,Processado,Belaria,Wyster Macae,Tenebrium
1c4b34a9-343d-4429-b6ce-5c7a26236e74,invite,Junin Tryhard,Concluido,Worker-Belaria,Processado,Belaria,Cachorro on Vesperia,Vesperia
e30887b8-b5de-4eba-8d19-e050eda5997f,invite,Otal Do Ze,Concluido,Worker-Belaria,Processado,Belaria,Old Jrs Rp,Tenebrium
b1d6d4bc-97b9-4955-a2ea-28b814091514,invite,Otal Do Ze,Concluido,Worker-Belaria,Processado,Belaria,Old Jrs Rp,Tenebrium
cd30a073-bc10-4ba1-925f-8d848d37bce5,invite,Ong Dos Mono Bolas,Concluido,Worker-Auroria,Processado,Belaria,Cavalo japoness,Auroria
fbe244ad-c001-419a-bcb8-1ccfa6471394,invite,Semeuzeronda,Concluido,Worker-Belaria,Processado,Belaria,Lancador de Bolts ,Bellum
,invite,semwallpfv,Finalizado,Worker-Auroria,Sucesso,Auroria,GIGIO,TESTEEEE
,invite,Carvoeiro Mestre,Finalizado,Worker-Auroria,Sucesso,Auroria,Odium Flametrow,Vesperia
,invite,"Decoyz,Akdsxz,Lady Tenebroza,Pedrinho Panq",Concluido,Worker-Auroria,Preenchimento errado,Auroria,Fera Do Mall,Auroria
,invite,Maricosonrient,Finalizado,Worker-Auroria,Sucesso,Auroria,Rodox Overlord,Vesperia
4d9818c3-1446-4f30-8cda-a6a77342c0bc,invite,Cansadito Nu Pelego,Concluido,Worker-Tenebrium,Processado,Tenebrium,Cascao Tattoo,Tenebrium
a3009f57-f79c-4b25-9410-8e16c7fc3e16,invite,Pestana Ogygia,Concluido,Worker-Tenebrium,Processado,Tenebrium,Eo cabelinho,Bellum
327f10fc-a82f-403c-95a4-79bfaaabe503,invite,Battle cigarrin,Concluido,Worker-Tenebrium,Processado,Tenebrium,Marborao,Tenebrium
a587147a-da30-4d96-b3c3-1934b2223911,invite,Cronicas de um mundo perigoso,Concluido,Worker-Tenebrium,Processado,Tenebrium,Don Kaako ,Bellum
86948bdf-d40e-418d-8412-c6cecd6bcdab,invite,wystee macae,Concluido,Worker-Tenebrium,Processado,Tenebrium,Wyster Macae,Tenebrium
e4da0887-27ae-43d1-a432-8d39f37643f2,invite,Farao da exportacao,Concluido,Worker-Tenebrium,Processado,Tenebrium,Farao da exportacao,Tenebrium
adc9bd7f-cc46-4b48-ba3e-4229ac8603d8,invite,Linrabeii,Concluido,Worker-Tenebrium,Processado,Tenebrium,Will The Bruxo,Bellum
,invite,Thepresstbalu,Finalizado,Worker-Auroria,Sucesso,Auroria,Dougziin,Bellum
,invite,Leon Ah,Finalizado,Worker-Auroria,Sucesso,Auroria,Try harder,Auroria
,invite,Leon Ah,Finalizado,Worker-Auroria,Sucesso,Auroria,Try Harder,Auroria
,invite,Maricosonrient,Finalizado,Worker-Auroria,Sucesso,Auroria,Rodox Overlord,Vesperia
,invite,Tumbzz,Finalizado,Worker-Auroria,Sucesso,Auroria,Vaexa,Vesperia
,invite,Best Atirador,Finalizado,Worker-Auroria,Sucesso,Auroria,Lost Stars,Auroria
,invite,Leon ah,Finalizado,Worker-Auroria,Sucesso,Auroria,Try harder,Auroria
,invite,Bristhan,Finalizado,Worker-Auroria,Sucesso,Auroria,Paragon Pro,Auroria
,invite,Cansado No Pelego,Finalizado,Worker-Auroria,Sucesso,Auroria,Cascao Tattoo,Bellum
,invite,Bristhan,Finalizado,Worker-Auroria,Sucesso,Auroria,Paragon Pro,Auroria
,invite,Leon Ah,Finalizado,Worker-Auroria,Sucesso,Auroria,Try Harder,Auroria
92d2d6a9-9623-4c82-826a-a7efeec0019a,invite,DEXTER MORGANN,Finalizado,Worker-Belaria,Falha: Personagem já pertence a uma guilda.,Belaria,Odium Flametrow,Vesperia
6de4638d-6264-4778-9955-bbe6d5ac3139,invite,Rick on belarian,Finalizado,Worker-Belaria,Falha: Personagem já pertence a uma guilda.,Belaria,Vaellyn return,Auroria
2046b264-c176-48c9-b2c9-b1f2f7cab0d5,invite,Geladoo Dmarineford,Finalizado,Worker-Belaria,Sucesso,Belaria,Rodox Overlord,Vesperia
4b9d2957-bb6a-4f72-9c77-da9746eccc96,invite,Mirio,Finalizado,Worker-Belaria,Falha: Personagem já pertence a uma guilda.,Belaria,Dougziin,Bellum
,invite,Negumi Fushigeto,Finalizado,Worker-Belaria,Sucesso,Belaria,Friniron,Bellum
,invite,Kingmrz,Finalizado,Worker-Belaria,Sucesso,Belaria,Try harder,Auroria
,invite,Kingmrz,Finalizado,Worker-Belaria,Falha: Timeout aguardando confirmação do convite.,Belaria,Try Harder,Auroria
,invite,Nakama Tifuro,Finalizado,Worker-Belaria,Sucesso,Belaria,Nizkcehs,Vesperia
,invite,Cashzzor On Belaria,Finalizado,Worker-Belaria,Falha: Personagem já pertence a uma guilda.,Belaria,Aim Botter,Auroria
,invite,Geladoo Dmarineford,Finalizado,Worker-Belaria,Falha: Personagem já possui convite pendente.,Belaria,Rodox Overlord,Vesperia
,invite,Spectrum Sangraa,Finalizado,Worker-Belaria,Sucesso,Belaria,Vaexa,Vesperia
,invite,Kingmrz,Finalizado,Worker-Belaria,Falha: Timeout aguardando confirmação do convite.,Belaria,Try harder,Auroria
,invite,Pombo On Spectrum,Finalizado,Worker-Belaria,Sucesso,Belaria,Pombo Mata Rindo,Tenebrium
,invite,Kingmrz,Finalizado,Worker-Belaria,Falha: Timeout aguardando confirmação do convite.,Belaria,Try Harder,Auroria
,invite,Vinicius Rambo ,Finalizado,Worker-Bellum,Sucesso,Bellum,Poto Not Fingers ,Bellum
,invite,Oleo mobil,Finalizado,Worker-Bellum,Falha: Personagem já pertence a uma guilda.,Bellum,Motonoia,Bellum
,invite,Rhiian Macae,Finalizado,Worker-Bellum,Falha: Personagem já pertence a uma guilda.,Bellum,Wyster Macae,Tenebrium
,invite,Rhian de ek,Finalizado,Worker-Bellum,Falha: Personagem já pertence a uma guilda.,Bellum,Wyster Macae,Bellum
,invite,Khalell,Finalizado,Worker-Bellum,Sucesso,Bellum,Odium Flametrow,Vesperia
,invite,Vaellynono,Finalizado,Worker-Bellum,Sucesso,Bellum,Vaellyn return,Auroria
,invite,Osvaldo Porradinha,Finalizado,Worker-Bellum,Falha: Personagem já pertence a uma guilda.,Bellum,Madshot,Bellum
,invite,Spectrum Leviro La,Finalizado,Worker-Bellum,Sucesso,Bellum,Rodox Overlord,Vesperia
,invite,Nifay,Finalizado,Worker-Bellum,Sucesso,Bellum,Try harder,Auroria
,invite,Nifay,Finalizado,Worker-Bellum,Sucesso,Bellum,Try Harder,Auroria
,invite,Ed Mil Grau,Finalizado,Worker-Bellum,Falha: Personagem já pertence a uma guilda.,Bellum,Marrokixe Cyrostore,Bellum
,invite,Osvaldo Porradinha,Finalizado,Worker-Bellum,Falha: Personagem já pertence a uma guilda.,Bellum,Madshot,Bellum
,invite,Squaanchy,Finalizado,Worker-Bellum,Sucesso,Bellum,Nizkcehs,Vesperia
,invite,Cashzzor On Bellum,Finalizado,Worker-Bellum,Falha: Personagem já pertence a uma guilda.,Bellum,Aim Botter,Auroria
,invite,Spectrum Leviro La,Finalizado,Worker-Bellum,Sucesso,Bellum,Rodox Overlord,Vesperia
,invite,Mumuuh Freneticow,Finalizado,Worker-Bellum,Sucesso,Bellum,Mumuuh Freneticow,Bellum
,invite,Ewesky,Finalizado,Worker-Bellum,Sucesso,Bellum,Ewesky,Bellum
,invite,Nifay,Finalizado,Worker-Bellum,Sucesso,Bellum,Try harder,Auroria
,invite,Nifay,Finalizado,Worker-Bellum,Sucesso,Bellum,Try Harder,Auroria
,invite,Odium supreme,Finalizado,Worker-Tenebrium,Sucesso,Tenebrium,Odium Flametrow,Vesperia
,invite,Vaellyn paramax,Finalizado,Worker-Tenebrium,Sucesso,Tenebrium,Vaellyn return,Auroria
,invite,Manga bom de jogos online,Finalizado,Worker-Tenebrium,Sucesso,Tenebrium,Rodox Overlord,Vesperia
,invite,Uber Templo,Finalizado,Worker-Tenebrium,Sucesso,Tenebrium,Dougziin,Bellum
,invite,Cuei veiozeloc,Finalizado,Worker-Tenebrium,Sucesso,Tenebrium,Try harder,Auroria
,invite,Cuei Veiozeloc,Finalizado,Worker-Tenebrium,Sucesso,Tenebrium,Try Harder,Auroria
,invite,Sojogo Descalcoo,Finalizado,Worker-Tenebrium,Sucesso,Tenebrium,Nizkcehs,Vesperia
,invite,Cashzzor On Tenebrium,Finalizado,Worker-Tenebrium,Falha: Personagem já pertence a uma guilda.,Tenebrium,Aim Botter,Auroria
,invite,Manga Bom de Jogos Online,Finalizado,Worker-Tenebrium,Sucesso,Tenebrium,Rodox Overlord,Vesperia
,invite,Druid For Paralyzer,Finalizado,Worker-Tenebrium,Sucesso,Tenebrium,Badassz,Bellum
,invite,Voidbike,Finalizado,Worker-Tenebrium,Sucesso,Tenebrium,Vaexa,Vesperia
,invite,Cuei Veiozeloc,Finalizado,Worker-Tenebrium,Sucesso,Tenebrium,Try harder,Auroria
,invite,Cuei Veiozeloc,Finalizado,Worker-Tenebrium,Sucesso,Tenebrium,Try Harder,Auroria
,invite,Avaamakee,Finalizado,Worker-Tenebrium,Sucesso,Tenebrium,Marborao,Tenebrium
,invite,Trafico noix ,Finalizado,Worker-Vesperia,Falha: Personagem já pertence a uma guilda.,Vesperia,Don Kaako,Bellum
,invite,Natii Amora,Finalizado,Worker-Vesperia,Falha: Personagem já possui convite pendente.,Vesperia,Chuko,Bellum
,invite,Rhiann Macae,Finalizado,Worker-Vesperia,Falha: Personagem já pertence a uma guilda.,Vesperia,Wyster Macae,Tenebrium
,invite,Will Tenebroso,Finalizado,Worker-Vesperia,Falha: Personagem já possui convite pendente.,Vesperia,Will The Bruxo,Bellum
,invite,Sou Eumesmo,Finalizado,Worker-Vesperia,Falha: Personagem já possui convite pendente.,Vesperia,Will The Bruxo,Vesperia
,invite,Odium Flametrow,Finalizado,Worker-Vesperia,Falha: Personagem já possui convite pendente.,Vesperia,Odium Flametrow,Vesperia
,invite,Sou Eumesmo,Finalizado,Worker-Vesperia,Falha: Personagem já possui convite pendente.,Vesperia,Will The Bruxo,Vesperia
,invite,Odium Flametrow,Finalizado,Worker-Vesperia,Falha: Personagem já possui convite pendente.,Vesperia,Odium Flametrow,Vesperia
,invite,Chiico bestafera,Finalizado,Worker-Vesperia,Falha: Personagem não encontrado no RubinOT (ou está em outro mundo).,Vesperia,Odium Flametrow,Vesperia
,invite,Camilinha sensasao,Finalizado,Worker-Vesperia,Falha: Personagem já possui convite pendente.,Vesperia,Odium Flametrow,Vesperia
,invite,Odium Flametrow,Finalizado,Worker-Vesperia,Falha: Personagem já possui convite pendente.,Vesperia,Odium Flametrow,Vesperia
,invite,Trafico noix,Finalizado,Worker-Vesperia,Falha: Personagem já pertence a uma guilda.,Vesperia,Dom Kaako,Bellum
,invite,Credito,Finalizado,Worker-Vesperia,Falha: Personagem já possui convite pendente.,Vesperia,Vaellyn return,Auroria
,invite,Rodox Overlord,Finalizado,Worker-Vesperia,Falha: Personagem já possui convite pendente.,Vesperia,Rodox Overlord,Vesperia
,invite,King Tenebriuns,Finalizado,Worker-Vesperia,Falha: Personagem já possui convite pendente.,Vesperia,Rodox Overlord,Vesperia
,invite,Dougziin On Vesperian,Finalizado,Worker-Vesperia,Falha: Personagem já possui convite pendente.,Vesperia,Dougziin,Bellum
,invite,Felphxx Floripa,Finalizado,Worker-Vesperia,Falha: Personagem já pertence a uma guilda.,Vesperia,Try harder,Auroria
,invite,Ed Kinaocura,Finalizado,Worker-Vesperia,Falha: Personagem já pertence a uma guilda.,Vesperia,Aim Botter,Auroria
,invite,Colombinhaa,Finalizado,Worker-Vesperia,Sucesso,Vesperia,Try harder,Auroria
,invite,Felphxx Floripa,Finalizado,Worker-Vesperia,Falha: Personagem já pertence a uma guilda.,Vesperia,Try Harder,Auroria
,invite,Rodox Overlord,Finalizado,Worker-Vesperia,Falha: Personagem já possui convite pendente.,Vesperia,Rodox Overlord,Vesperia
,invite,Sulina,Finalizado,Worker-Vesperia,Falha: Personagem já possui convite pendente.,Vesperia,Vaexa,Vesperia
,invite,Alvan ther,Finalizado,Worker-Vesperia,Sucesso,Vesperia,Alvan ther,Vesperia
,invite,Taix Tolo Nego,Finalizado,Worker-Vesperia,Falha: Personagem já pertence a uma guilda.,Vesperia,Wolf Bruxao Ceifador,Auroria
,invite,Mininjaz,Finalizado,Worker-Vesperia,Sucesso,Vesperia,Rafinjaz,Vesperia
,invite,Felphxx Floripa,Finalizado,Worker-Vesperia,Falha: Personagem já pertence a uma guilda.,Vesperia,Try harder,Auroria
,invite,Pombo Nao Jogog Open,Finalizado,Worker-Vesperia,Sucesso,Vesperia,Pombo Mata Rindo,Tenebrium
,invite,Will Tenebroso,Finalizado,Worker-Vesperia,Falha: Personagem já possui convite pendente.,Vesperia,Will The Bruxo,Bellum
,invite,Sou Eumesmo,Finalizado,Worker-Vesperia,Falha: Personagem já possui convite pendente.,Vesperia,Will The Bruxo,Bellum
,invite,Felphxx Floripa,Finalizado,Worker-Vesperia,Falha: Personagem já pertence a uma guilda.,Vesperia,Try Harder,Auroria
,,Muballu,Pendente,,,Belaria,Seu Uila,Vesperia
,,Xico de Maker Superfaturado,Pendente,,,Vesperia,Xico de Maker Superfaturado,Vesperia
,,Asfaul On Belaria,Pendente,,,Belaria,Xico de Maker Superfaturado,Vesperia
,,Asf Mix,Pendente,,,Vesperia,Xico de Maker Superfaturado,Vesperia
,,Star Five,Pendente,,,Tenebrium,Xico de Maker Superfaturado,Vesperia
,,Asfaul On Auroria,Pendente,,,Auroria,Xico de Maker Superfaturado,Vesperia
,,Asfaul On Bellum,Pendente,,,Bellum,Xico de Maker Superfaturado,Vesperia
,,Negumi Fushigeto,Pendente,,,Belaria,Friniron,Bellum
,,Geenoss,Pendente,,,Bellum,Friniron,Bellum
,,Margrethe,Pendente,,,Belaria,Ximira Sio,Tenebrium
,,Jack Tanka Nada,Pendente,,,Vesperia,Morreu No Sio,Tenebrium
,,Braut Halandinho,Pendente,,,Belaria,Morreu No Sio,Tenebrium
,,Bellum Defender,Pendente,,,Bellum,Morreu No Sio,Tenebrium
,,Rato Respectpatrocina,Pendente,,,Tenebrium,Morreu No Sio,Tenebrium
,,Explosion death,Pendente,,,Auroria,Archer Arrow,Auroria
,,Tety coxinha,Pendente,,,Belaria,Palyzika,Bellum
,,Bobby Hawk,Pendente,,,Bellum,Bobby Hawk,Bellum
,,Avaamakee,Pendente,,,Tenebrium,Marborao,Tenebrium
,,Avaamakee,Pendente,,,Tenebrium,Marborao,Tenebrium
,,Curo Deitado,Pendente,,,Bellum,Nusk,Vesperia
,,Josep Kadura,Pendente,,,Auroria,The Fastshot,Auroria
,,Avaamakee,Pendente,,,Tenebrium,Marborao,Tenebrium
,,Kbomb Ed Tene,Pendente,,,Tenebrium,Kannabys,Vesperia
,,Margrethe,Pendente,,,Belaria,Ximira Sio,Belaria
,,Muerto de hambre,Pendente,,,Tenebrium,Friniron,Tenebrium
,,Muerto de hambre,Pendente,,,Tenebrium,Friniron,Bellum
,,Negumi Fushigeto,Pendente,,,Belaria,Friniron,Bellum
,,Eu Sou Clte,Pendente,,,Auroria,Friniron,Bellum
,,Teadac,Pendente,,,Vesperia,Marleitinho,Vesperia
,,Sabao cru cru,Pendente,,,Bellum,Friniron,Bellum